domain,organization,category,confidence,description,action,side_effects
data.mistat.xiaomi.com,StevenBlack/hosts,tracker,high,stevenblack 聚合拦截域名,block_soft,广告/追踪或恶意通信被拦截；正常站点功能通常不受影响
www.googletagmanager.com,StevenBlack/hosts,tracker,high,stevenblack 聚合拦截域名,block_soft,广告/追踪或恶意通信被拦截；正常站点功能通常不受影响
local,StevenBlack/hosts,tracker,high,stevenblack 聚合拦截域名,block_soft,广告/追踪或恶意通信被拦截；正常站点功能通常不受影响
broadcasthost,StevenBlack/hosts,tracker,high,stevenblack 聚合拦截域名,block_soft,广告/追踪或恶意通信被拦截；正常站点功能通常不受影响
ip6-localhost,StevenBlack/hosts,tracker,high,stevenblack 聚合拦截域名,block_soft,广告/追踪或恶意通信被拦截；正常站点功能通常不受影响
ip6-loopback,StevenBlack/hosts,tracker,high,stevenblack 聚合拦截域名,block_soft,广告/追踪或恶意通信被拦截；正常站点功能通常不受影响
ip6-localnet,StevenBlack/hosts,tracker,high,stevenblack 聚合拦截域名,block_soft,广告/追踪或恶意通信被拦截；正常站点功能通常不受影响
ip6-mcastprefix,StevenBlack/hosts,tracker,high,stevenblack 聚合拦截域名,block_soft,广告/追踪或恶意通信被拦截；正常站点功能通常不受影响
ip6-allnodes,StevenBlack/hosts,tracker,high,stevenblack 聚合拦截域名,block_soft,广告/追踪或恶意通信被拦截；正常站点功能通常不受影响
ip6-allrouters,StevenBlack/hosts,tracker,high,stevenblack 聚合拦截域名,block_soft,广告/追踪或恶意通信被拦截；正常站点功能通常不受影响
ip6-allhosts,StevenBlack/hosts,tracker,high,stevenblack 聚合拦截域名,block_soft,广告/追踪或恶意通信被拦截；正常站点功能通常不受影响
ad-assets.futurecdn.net,StevenBlack/hosts,tracker,high,stevenblack 聚合拦截域名,block_soft,广告/追踪或恶意通信被拦截；正常站点功能通常不受影响
ck.getcookiestxt.com,StevenBlack/hosts,tracker,high,stevenblack 聚合拦截域名,block_soft,广告/追踪或恶意通信被拦截；正常站点功能通常不受影响
eu1.clevertap-prod.com,StevenBlack/hosts,tracker,high,stevenblack 聚合拦截域名,block_soft,广告/追踪或恶意通信被拦截；正常站点功能通常不受影响
wizhumpgyros.com,StevenBlack/hosts,tracker,high,stevenblack 聚合拦截域名,block_soft,广告/追踪或恶意通信被拦截；正常站点功能通常不受影响
coccyxwickimp.com,StevenBlack/hosts,tracker,high,stevenblack 聚合拦截域名,block_soft,广告/追踪或恶意通信被拦截；正常站点功能通常不受影响
webmail-who-int.000webhostapp.com,StevenBlack/hosts,tracker,high,stevenblack 聚合拦截域名,block_soft,广告/追踪或恶意通信被拦截；正常站点功能通常不受影响
010sec.com,StevenBlack/hosts,tracker,high,stevenblack 聚合拦截域名,block_soft,广告/追踪或恶意通信被拦截；正常站点功能通常不受影响
01mspmd5yalky8.com,StevenBlack/hosts,tracker,high,stevenblack 聚合拦截域名,block_soft,广告/追踪或恶意通信被拦截；正常站点功能通常不受影响
0byv9mgbn0.com,StevenBlack/hosts,tracker,high,stevenblack 聚合拦截域名,block_soft,广告/追踪或恶意通信被拦截；正常站点功能通常不受影响
ns6.0pendns.org,StevenBlack/hosts,tracker,high,stevenblack 聚合拦截域名,block_soft,广告/追踪或恶意通信被拦截；正常站点功能通常不受影响
dns.0pengl.com,StevenBlack/hosts,tracker,high,stevenblack 聚合拦截域名,block_soft,广告/追踪或恶意通信被拦截；正常站点功能通常不受影响
12724.xyz,StevenBlack/hosts,tracker,high,stevenblack 聚合拦截域名,block_soft,广告/追踪或恶意通信被拦截；正常站点功能通常不受影响
21736.xyz,StevenBlack/hosts,tracker,high,stevenblack 聚合拦截域名,block_soft,广告/追踪或恶意通信被拦截；正常站点功能通常不受影响
www.analytics.247sports.com,StevenBlack/hosts,tracker,high,stevenblack 聚合拦截域名,block_soft,广告/追踪或恶意通信被拦截；正常站点功能通常不受影响
2no.co,StevenBlack/hosts,tracker,high,stevenblack 聚合拦截域名,block_soft,广告/追踪或恶意通信被拦截；正常站点功能通常不受影响
logitechlogitechglobal.112.2o7.net,StevenBlack/hosts,tracker,high,stevenblack 聚合拦截域名,block_soft,广告/追踪或恶意通信被拦截；正常站点功能通常不受影响
2s11.com,StevenBlack/hosts,tracker,high,stevenblack 聚合拦截域名,block_soft,广告/追踪或恶意通信被拦截；正常站点功能通常不受影响
30-day-change.com,StevenBlack/hosts,tracker,high,stevenblack 聚合拦截域名,block_soft,广告/追踪或恶意通信被拦截；正常站点功能通常不受影响
mclean.f.360.cn,StevenBlack/hosts,tracker,high,stevenblack 聚合拦截域名,block_soft,广告/追踪或恶意通信被拦截；正常站点功能通常不受影响
mvconf.f.360.cn,StevenBlack/hosts,tracker,high,stevenblack 聚合拦截域名,block_soft,广告/追踪或恶意通信被拦截；正常站点功能通常不受影响
care.help.360.cn,StevenBlack/hosts,tracker,high,stevenblack 聚合拦截域名,block_soft,广告/追踪或恶意通信被拦截；正常站点功能通常不受影响
eul.s.360.cn,StevenBlack/hosts,tracker,high,stevenblack 聚合拦截域名,block_soft,广告/追踪或恶意通信被拦截；正常站点功能通常不受影响
g.s.360.cn,StevenBlack/hosts,tracker,high,stevenblack 聚合拦截域名,block_soft,广告/追踪或恶意通信被拦截；正常站点功能通常不受影响
p.s.360.cn,StevenBlack/hosts,tracker,high,stevenblack 聚合拦截域名,block_soft,广告/追踪或恶意通信被拦截；正常站点功能通常不受影响
aicleaner.shouji.360.cn,StevenBlack/hosts,tracker,high,stevenblack 聚合拦截域名,block_soft,广告/追踪或恶意通信被拦截；正常站点功能通常不受影响
ssl.360antivirus.org,StevenBlack/hosts,tracker,high,stevenblack 聚合拦截域名,block_soft,广告/追踪或恶意通信被拦截；正常站点功能通常不受影响
ad.360in.com,StevenBlack/hosts,tracker,high,stevenblack 聚合拦截域名,block_soft,广告/追踪或恶意通信被拦截；正常站点功能通常不受影响
mclean.lato.cloud.360safe.com,StevenBlack/hosts,tracker,high,stevenblack 聚合拦截域名,block_soft,广告/追踪或恶意通信被拦截；正常站点功能通常不受影响
mvconf.lato.cloud.360safe.com,StevenBlack/hosts,tracker,high,stevenblack 聚合拦截域名,block_soft,广告/追踪或恶意通信被拦截；正常站点功能通常不受影响
mclean.cloud.360safe.com,StevenBlack/hosts,tracker,high,stevenblack 聚合拦截域名,block_soft,广告/追踪或恶意通信被拦截；正常站点功能通常不受影响
mvconf.cloud.360safe.com,StevenBlack/hosts,tracker,high,stevenblack 聚合拦截域名,block_soft,广告/追踪或恶意通信被拦截；正常站点功能通常不受影响
mclean.uk.cloud.360safe.com,StevenBlack/hosts,tracker,high,stevenblack 聚合拦截域名,block_soft,广告/追踪或恶意通信被拦截；正常站点功能通常不受影响
mvconf.uk.cloud.360safe.com,StevenBlack/hosts,tracker,high,stevenblack 聚合拦截域名,block_soft,广告/追踪或恶意通信被拦截；正常站点功能通常不受影响
3lift.org,StevenBlack/hosts,tracker,high,stevenblack 聚合拦截域名,block_soft,广告/追踪或恶意通信被拦截；正常站点功能通常不受影响
448ff4fcfcd199a.com,StevenBlack/hosts,tracker,high,stevenblack 聚合拦截域名,block_soft,广告/追踪或恶意通信被拦截；正常站点功能通常不受影响
44chan.me,StevenBlack/hosts,tracker,high,stevenblack 聚合拦截域名,block_soft,广告/追踪或恶意通信被拦截；正常站点功能通常不受影响
4ourkidsky.com,StevenBlack/hosts,tracker,high,stevenblack 聚合拦截域名,block_soft,广告/追踪或恶意通信被拦截；正常站点功能通常不受影响
5kv261gjmq04c9.com,StevenBlack/hosts,tracker,high,stevenblack 聚合拦截域名,block_soft,广告/追踪或恶意通信被拦截；正常站点功能通常不受影响
88chan.pw,StevenBlack/hosts,tracker,high,stevenblack 聚合拦截域名,block_soft,广告/追踪或恶意通信被拦截；正常站点功能通常不受影响
new.915yzt.cn,StevenBlack/hosts,tracker,high,stevenblack 聚合拦截域名,block_soft,广告/追踪或恶意通信被拦截；正常站点功能通常不受影响
tempinfo.96.lt,StevenBlack/hosts,tracker,high,stevenblack 聚合拦截域名,block_soft,广告/追踪或恶意通信被拦截；正常站点功能通常不受影响
abdurantom.com,StevenBlack/hosts,tracker,high,stevenblack 聚合拦截域名,block_soft,广告/追踪或恶意通信被拦截；正常站点功能通常不受影响
abtasty.net,StevenBlack/hosts,tracker,high,stevenblack 聚合拦截域名,block_soft,广告/追踪或恶意通信被拦截；正常站点功能通常不受影响
analytics.modul.ac.at,StevenBlack/hosts,tracker,high,stevenblack 聚合拦截域名,block_soft,广告/追踪或恶意通信被拦截；正常站点功能通常不受影响
acalvet.com,StevenBlack/hosts,tracker,high,stevenblack 聚合拦截域名,block_soft,广告/追踪或恶意通信被拦截；正常站点功能通常不受影响
acbras.com,StevenBlack/hosts,tracker,high,stevenblack 聚合拦截域名,block_soft,广告/追踪或恶意通信被拦截；正常站点功能通常不受影响
graph.accountkit.com,StevenBlack/hosts,tracker,high,stevenblack 聚合拦截域名,block_soft,广告/追踪或恶意通信被拦截；正常站点功能通常不受影响
go.ad1data.com,StevenBlack/hosts,tracker,high,stevenblack 聚合拦截域名,block_soft,广告/追踪或恶意通信被拦截；正常站点功能通常不受影响
metrics.adage.com,StevenBlack/hosts,tracker,high,stevenblack 聚合拦截域名,block_soft,广告/追踪或恶意通信被拦截；正常站点功能通常不受影响
adaptivecss.org,StevenBlack/hosts,tracker,high,stevenblack 聚合拦截域名,block_soft,广告/追踪或恶意通信被拦截；正常站点功能通常不受影响
ads30.adcolony.com,StevenBlack/hosts,tracker,high,stevenblack 聚合拦截域名,block_soft,广告/追踪或恶意通信被拦截；正常站点功能通常不受影响
androidads23.adcolony.com,StevenBlack/hosts,tracker,high,stevenblack 聚合拦截域名,block_soft,广告/追踪或恶意通信被拦截；正常站点功能通常不受影响
events3.adcolony.com,StevenBlack/hosts,tracker,high,stevenblack 聚合拦截域名,block_soft,广告/追踪或恶意通信被拦截；正常站点功能通常不受影响
events3alt.adcolony.com,StevenBlack/hosts,tracker,high,stevenblack 聚合拦截域名,block_soft,广告/追踪或恶意通信被拦截；正常站点功能通常不受影响
sdk.adincube.com,StevenBlack/hosts,tracker,high,stevenblack 聚合拦截域名,block_soft,广告/追踪或恶意通信被拦截；正常站点功能通常不受影响
app.adjust.com,StevenBlack/hosts,tracker,high,stevenblack 聚合拦截域名,block_soft,广告/追踪或恶意通信被拦截；正常站点功能通常不受影响
cdn.admitad-connect.com,StevenBlack/hosts,tracker,high,stevenblack 聚合拦截域名,block_soft,广告/追踪或恶意通信被拦截；正常站点功能通常不受影响
macro.adnami.io,StevenBlack/hosts,tracker,high,stevenblack 聚合拦截域名,block_soft,广告/追踪或恶意通信被拦截；正常站点功能通常不受影响
acdn.adnxs.com,StevenBlack/hosts,tracker,high,stevenblack 聚合拦截域名,block_soft,广告/追踪或恶意通信被拦截；正常站点功能通常不受影响
prebid.adnxs.com,StevenBlack/hosts,tracker,high,stevenblack 聚合拦截域名,block_soft,广告/追踪或恶意通信被拦截；正常站点功能通常不受影响
sstats.adobe.com,StevenBlack/hosts,tracker,high,stevenblack 聚合拦截域名,block_soft,广告/追踪或恶意通信被拦截；正常站点功能通常不受影响
adorebeauty.org,StevenBlack/hosts,tracker,high,stevenblack 聚合拦截域名,block_soft,广告/追踪或恶意通信被拦截；正常站点功能通常不受影响
feedback.adrecover.com,StevenBlack/hosts,tracker,high,stevenblack 聚合拦截域名,block_soft,广告/追踪或恶意通信被拦截；正常站点功能通常不受影响
adroitpmps.com,StevenBlack/hosts,tracker,high,stevenblack 聚合拦截域名,block_soft,广告/追踪或恶意通信被拦截；正常站点功能通常不受影响
www.ads2live.com,StevenBlack/hosts,tracker,high,stevenblack 聚合拦截域名,block_soft,广告/追踪或恶意通信被拦截；正常站点功能通常不受影响
adsflame.com,StevenBlack/hosts,tracker,high,stevenblack 聚合拦截域名,block_soft,广告/追踪或恶意通信被拦截；正常站点功能通常不受影响
backend-ssp.adstudio.cloud,StevenBlack/hosts,tracker,high,stevenblack 聚合拦截域名,block_soft,广告/追踪或恶意通信被拦截；正常站点功能通常不受影响
adtekmedia.com,StevenBlack/hosts,tracker,high,stevenblack 聚合拦截域名,block_soft,广告/追踪或恶意通信被拦截；正常站点功能通常不受影响
400.route.to.adtracker.network,StevenBlack/hosts,tracker,high,stevenblack 聚合拦截域名,block_soft,广告/追踪或恶意通信被拦截；正常站点功能通常不受影响
track.adtrue.com,StevenBlack/hosts,tracker,high,stevenblack 聚合拦截域名,block_soft,广告/追踪或恶意通信被拦截；正常站点功能通常不受影响
dw.adyboh.com,StevenBlack/hosts,tracker,high,stevenblack 聚合拦截域名,block_soft,广告/追踪或恶意通信被拦截；正常站点功能通常不受影响
wy.adyboh.com,StevenBlack/hosts,tracker,high,stevenblack 聚合拦截域名,block_soft,广告/追踪或恶意通信被拦截；正常站点功能通常不受影响
adzerk.com,StevenBlack/hosts,tracker,high,stevenblack 聚合拦截域名,block_soft,广告/追踪或恶意通信被拦截；正常站点功能通常不受影响
ark.aeriagames.us,StevenBlack/hosts,tracker,high,stevenblack 聚合拦截域名,block_soft,广告/追踪或恶意通信被拦截；正常站点功能通常不受影响
ahf4ycvea439tt9rq.site,StevenBlack/hosts,tracker,high,stevenblack 聚合拦截域名,block_soft,广告/追踪或恶意通信被拦截；正常站点功能通常不受影响
aiisa.am,StevenBlack/hosts,tracker,high,stevenblack 聚合拦截域名,block_soft,广告/追踪或恶意通信被拦截；正常站点功能通常不受影响
aircovid19virus.com,StevenBlack/hosts,tracker,high,stevenblack 聚合拦截域名,block_soft,广告/追踪或恶意通信被拦截；正常站点功能通常不受影响
akashdayalgroups.com,StevenBlack/hosts,tracker,high,stevenblack 聚合拦截域名,block_soft,广告/追踪或恶意通信被拦截；正常站点功能通常不受影响
akibaol.com,StevenBlack/hosts,tracker,high,stevenblack 聚合拦截域名,block_soft,广告/追踪或恶意通信被拦截；正常站点功能通常不受影响
alidnx.com,StevenBlack/hosts,tracker,high,stevenblack 聚合拦截域名,block_soft,广告/追踪或恶意通信被拦截；正常站点功能通常不受影响
alliance4media.com,StevenBlack/hosts,tracker,high,stevenblack 聚合拦截域名,block_soft,广告/追踪或恶意通信被拦截；正常站点功能通常不受影响
allmygoodlife.com,StevenBlack/hosts,tracker,high,stevenblack 聚合拦截域名,block_soft,广告/追踪或恶意通信被拦截；正常站点功能通常不受影响
acrdb.alphonso.tv,StevenBlack/hosts,tracker,high,stevenblack 聚合拦截域名,block_soft,广告/追踪或恶意通信被拦截；正常站点功能通常不受影响
ads.alphonso.tv,StevenBlack/hosts,tracker,high,stevenblack 聚合拦截域名,block_soft,广告/追踪或恶意通信被拦截；正常站点功能通常不受影响
api.alphonso.tv,StevenBlack/hosts,tracker,high,stevenblack 聚合拦截域名,block_soft,广告/追踪或恶意通信被拦截；正常站点功能通常不受影响
assets.alphonso.tv,StevenBlack/hosts,tracker,high,stevenblack 聚合拦截域名,block_soft,广告/追踪或恶意通信被拦截；正常站点功能通常不受影响
bwlkup.alphonso.tv,StevenBlack/hosts,tracker,high,stevenblack 聚合拦截域名,block_soft,广告/追踪或恶意通信被拦截；正常站点功能通常不受影响
clockskew.alphonso.tv,StevenBlack/hosts,tracker,high,stevenblack 聚合拦截域名,block_soft,广告/追踪或恶意通信被拦截；正常站点功能通常不受影响
degea.alphonso.tv,StevenBlack/hosts,tracker,high,stevenblack 聚合拦截域名,block_soft,广告/追踪或恶意通信被拦截；正常站点功能通常不受影响
demo.alphonso.tv,StevenBlack/hosts,tracker,high,stevenblack 聚合拦截域名,block_soft,广告/追踪或恶意通信被拦截；正常站点功能通常不受影响
dimaria.alphonso.tv,StevenBlack/hosts,tracker,high,stevenblack 聚合拦截域名,block_soft,广告/追踪或恶意通信被拦截；正常站点功能通常不受影响
insights.alphonso.tv,StevenBlack/hosts,tracker,high,stevenblack 聚合拦截域名,block_soft,广告/追踪或恶意通信被拦截；正常站点功能通常不受影响
koudas.alphonso.tv,StevenBlack/hosts,tracker,high,stevenblack 聚合拦截域名,block_soft,广告/追踪或恶意通信被拦截；正常站点功能通常不受影响
neymar.alphonso.tv,StevenBlack/hosts,tracker,high,stevenblack 聚合拦截域名,block_soft,广告/追踪或恶意通信被拦截；正常站点功能通常不受影响
optout.alphonso.tv,StevenBlack/hosts,tracker,high,stevenblack 聚合拦截域名,block_soft,广告/追踪或恶意通信被拦截；正常站点功能通常不受影响
ppjs.alphonso.tv,StevenBlack/hosts,tracker,high,stevenblack 聚合拦截域名,block_soft,广告/追踪或恶意通信被拦截；正常站点功能通常不受影响
prov.alphonso.tv,StevenBlack/hosts,tracker,high,stevenblack 聚合拦截域名,block_soft,广告/追踪或恶意通信被拦截；正常站点功能通常不受影响
proxy.alphonso.tv,StevenBlack/hosts,tracker,high,stevenblack 聚合拦截域名,block_soft,广告/追踪或恶意通信被拦截；正常站点功能通常不受影响
rtbdev4.alphonso.tv,StevenBlack/hosts,tracker,high,stevenblack 聚合拦截域名,block_soft,广告/追踪或恶意通信被拦截；正常站点功能通常不受影响
tn.alphonso.tv,StevenBlack/hosts,tracker,high,stevenblack 聚合拦截域名,block_soft,广告/追踪或恶意通信被拦截；正常站点功能通常不受影响
tr.alphonso.tv,StevenBlack/hosts,tracker,high,stevenblack 聚合拦截域名,block_soft,广告/追踪或恶意通信被拦截；正常站点功能通常不受影响
tvads.alphonso.tv,StevenBlack/hosts,tracker,high,stevenblack 聚合拦截域名,block_soft,广告/追踪或恶意通信被拦截；正常站点功能通常不受影响
villa.alphonso.tv,StevenBlack/hosts,tracker,high,stevenblack 聚合拦截域名,block_soft,广告/追踪或恶意通信被拦截；正常站点功能通常不受影响
web2.alphonso.tv,StevenBlack/hosts,tracker,high,stevenblack 聚合拦截域名,block_soft,广告/追踪或恶意通信被拦截；正常站点功能通常不受影响
www.alphonso.tv,StevenBlack/hosts,tracker,high,stevenblack 聚合拦截域名,block_soft,广告/追踪或恶意通信被拦截；正常站点功能通常不受影响
alpinehandlingsystems.com,StevenBlack/hosts,tracker,high,stevenblack 聚合拦截域名,block_soft,广告/追踪或恶意通信被拦截；正常站点功能通常不受影响
creative.alxbgo.com,StevenBlack/hosts,tracker,high,stevenblack 聚合拦截域名,block_soft,广告/追踪或恶意通信被拦截；正常站点功能通常不受影响
amarktflow.com,StevenBlack/hosts,tracker,high,stevenblack 聚合拦截域名,block_soft,广告/追踪或恶意通信被拦截；正常站点功能通常不受影响
device-metrics-us.amazon.com,StevenBlack/hosts,tracker,high,stevenblack 聚合拦截域名,block_soft,广告/追踪或恶意通信被拦截；正常站点功能通常不受影响
device-metrics-us-2.amazon.com,StevenBlack/hosts,tracker,high,stevenblack 聚合拦截域名,block_soft,广告/追踪或恶意通信被拦截；正常站点功能通常不受影响
windowsphishingalert158.s3.amazonaws.com,StevenBlack/hosts,tracker,high,stevenblack 聚合拦截域名,block_soft,广告/追踪或恶意通信被拦截；正常站点功能通常不受影响
amazonco.uk,StevenBlack/hosts,tracker,high,stevenblack 聚合拦截域名,block_soft,广告/追踪或恶意通信被拦截；正常站点功能通常不受影响
amorluv.com,StevenBlack/hosts,tracker,high,stevenblack 聚合拦截域名,block_soft,广告/追踪或恶意通信被拦截；正常站点功能通常不受影响
analytics-digit-in.cdn.ampproject.org,StevenBlack/hosts,tracker,high,stevenblack 聚合拦截域名,block_soft,广告/追踪或恶意通信被拦截；正常站点功能通常不受影响
annualconsumersurvey.com,StevenBlack/hosts,tracker,high,stevenblack 聚合拦截域名,block_soft,广告/追踪或恶意通信被拦截；正常站点功能通常不受影响
antivirus-covid19.site,StevenBlack/hosts,tracker,high,stevenblack 聚合拦截域名,block_soft,广告/追踪或恶意通信被拦截；正常站点功能通常不受影响
aoredi.com,StevenBlack/hosts,tracker,high,stevenblack 聚合拦截域名,block_soft,广告/追踪或恶意通信被拦截；正常站点功能通常不受影响
ap-ms.net,StevenBlack/hosts,tracker,high,stevenblack 聚合拦截域名,block_soft,广告/追踪或恶意通信被拦截；正常站点功能通常不受影响
jhqvy.app.link,StevenBlack/hosts,tracker,high,stevenblack 聚合拦截域名,block_soft,广告/追踪或恶意通信被拦截；正常站点功能通常不受影响
api.stats.appa.pe,StevenBlack/hosts,tracker,high,stevenblack 聚合拦截域名,block_soft,广告/追踪或恶意通信被拦截；正常站点功能通常不受影响
dev.appboy.com,StevenBlack/hosts,tracker,high,stevenblack 聚合拦截域名,block_soft,广告/追踪或恶意通信被拦截；正常站点功能通常不受影响
orion.iad.appboy.com,StevenBlack/hosts,tracker,high,stevenblack 聚合拦截域名,block_soft,广告/追踪或恶意通信被拦截；正常站点功能通常不受影响
adsaccount.appcpi.net,StevenBlack/hosts,tracker,high,stevenblack 聚合拦截域名,block_soft,广告/追踪或恶意通信被拦截；正常站点功能通常不受影响
cloud-based-service.us-south.cf.appdomain.cloud,StevenBlack/hosts,tracker,high,stevenblack 聚合拦截域名,block_soft,广告/追踪或恶意通信被拦截；正常站点功能通常不受影响
app.appleadwords.net,StevenBlack/hosts,tracker,high,stevenblack 聚合拦截域名,block_soft,广告/追踪或恶意通信被拦截；正常站点功能通常不受影响
www.applicationunificationcontroller.com,StevenBlack/hosts,tracker,high,stevenblack 聚合拦截域名,block_soft,广告/追踪或恶意通信被拦截；正常站点功能通常不受影响
d.applovin.com,StevenBlack/hosts,tracker,high,stevenblack 聚合拦截域名,block_soft,广告/追踪或恶意通信被拦截；正常站点功能通常不受影响
rt.applovin.com,StevenBlack/hosts,tracker,high,stevenblack 聚合拦截域名,block_soft,广告/追踪或恶意通信被拦截；正常站点功能通常不受影响
events.appsflyer.com,StevenBlack/hosts,tracker,high,stevenblack 聚合拦截域名,block_soft,广告/追踪或恶意通信被拦截；正常站点功能通常不受影响
register.appsflyer.com,StevenBlack/hosts,tracker,high,stevenblack 聚合拦截域名,block_soft,广告/追踪或恶意通信被拦截；正常站点功能通常不受影响
t.appsflyer.com,StevenBlack/hosts,tracker,high,stevenblack 聚合拦截域名,block_soft,广告/追踪或恶意通信被拦截；正常站点功能通常不受影响
as54rdxfzxs.appspot.com,StevenBlack/hosts,tracker,high,stevenblack 聚合拦截域名,block_soft,广告/追踪或恶意通信被拦截；正常站点功能通常不受影响
asgh65tfsdxz.appspot.com,StevenBlack/hosts,tracker,high,stevenblack 聚合拦截域名,block_soft,广告/追踪或恶意通信被拦截；正常站点功能通常不受影响
da032opzasz.appspot.com,StevenBlack/hosts,tracker,high,stevenblack 聚合拦截域名,block_soft,广告/追踪或恶意通信被拦截；正常站点功能通常不受影响
dgyu536ds.appspot.com,StevenBlack/hosts,tracker,high,stevenblack 聚合拦截域名,block_soft,广告/追踪或恶意通信被拦截；正常站点功能通常不受影响
eqit9pzsxz.appspot.com,StevenBlack/hosts,tracker,high,stevenblack 聚合拦截域名,block_soft,广告/追踪或恶意通信被拦截；正常站点功能通常不受影响
gdh4szx.appspot.com,StevenBlack/hosts,tracker,high,stevenblack 聚合拦截域名,block_soft,广告/追踪或恶意通信被拦截；正常站点功能通常不受影响
hg76ytsdas.appspot.com,StevenBlack/hosts,tracker,high,stevenblack 聚合拦截域名,block_soft,广告/追踪或恶意通信被拦截；正常站点功能通常不受影响
hj67fadszx.appspot.com,StevenBlack/hosts,tracker,high,stevenblack 聚合拦截域名,block_soft,广告/追踪或恶意通信被拦截；正常站点功能通常不受影响
hk567rsda.appspot.com,StevenBlack/hosts,tracker,high,stevenblack 聚合拦截域名,block_soft,广告/追踪或恶意通信被拦截；正常站点功能通常不受影响
hksdf924pzxoias.appspot.com,StevenBlack/hosts,tracker,high,stevenblack 聚合拦截域名,block_soft,广告/追踪或恶意通信被拦截；正常站点功能通常不受影响
iwe8pzosa.appspot.com,StevenBlack/hosts,tracker,high,stevenblack 聚合拦截域名,block_soft,广告/追踪或恶意通信被拦截；正常站点功能通常不受影响
k87yfgsdaa.appspot.com,StevenBlack/hosts,tracker,high,stevenblack 聚合拦截域名,block_soft,广告/追踪或恶意通信被拦截；正常站点功能通常不受影响
kga9szxosa.appspot.com,StevenBlack/hosts,tracker,high,stevenblack 聚合拦截域名,block_soft,广告/追踪或恶意通信被拦截；正常站点功能通常不受影响
kj65rdasz.appspot.com,StevenBlack/hosts,tracker,high,stevenblack 聚合拦截域名,block_soft,广告/追踪或恶意通信被拦截；正常站点功能通常不受影响
kj6787rsd.appspot.com,StevenBlack/hosts,tracker,high,stevenblack 聚合拦截域名,block_soft,广告/追踪或恶意通信被拦截；正常站点功能通常不受影响
kr9apzxosa.appspot.com,StevenBlack/hosts,tracker,high,stevenblack 聚合拦截域名,block_soft,广告/追踪或恶意通信被拦截；正常站点功能通常不受影响
nffdg43zx.appspot.com,StevenBlack/hosts,tracker,high,stevenblack 聚合拦截域名,block_soft,广告/追踪或恶意通信被拦截；正常站点功能通常不受影响
oi8ytfzxa.appspot.com,StevenBlack/hosts,tracker,high,stevenblack 聚合拦截域名,block_soft,广告/追踪或恶意通信被拦截；正常站点功能通常不受影响
ruw82qpzxas.appspot.com,StevenBlack/hosts,tracker,high,stevenblack 聚合拦截域名,block_soft,广告/追踪或恶意通信被拦截；正常站点功能通常不受影响
tir94wepsdxox.appspot.com,StevenBlack/hosts,tracker,high,stevenblack 聚合拦截域名,block_soft,广告/追踪或恶意通信被拦截；正常站点功能通常不受影响
tr54sdsazxas.appspot.com,StevenBlack/hosts,tracker,high,stevenblack 聚合拦截域名,block_soft,广告/追踪或恶意通信被拦截；正常站点功能通常不受影响
tru465rsda.appspot.com,StevenBlack/hosts,tracker,high,stevenblack 聚合拦截域名,block_soft,广告/追踪或恶意通信被拦截；正常站点功能通常不受影响
uy054eprsdoz.appspot.com,StevenBlack/hosts,tracker,high,stevenblack 聚合拦截域名,block_soft,广告/追踪或恶意通信被拦截；正常站点功能通常不受影响
xasf32easzx.appspot.com,StevenBlack/hosts,tracker,high,stevenblack 聚合拦截域名,block_soft,广告/追踪或恶意通信被拦截；正常站点功能通常不受影响
xoada0pzosa.appspot.com,StevenBlack/hosts,tracker,high,stevenblack 聚合拦截域名,block_soft,广告/追踪或恶意通信被拦截；正常站点功能通常不受影响
ytuy45fxs.appspot.com,StevenBlack/hosts,tracker,high,stevenblack 聚合拦截域名,block_soft,广告/追踪或恶意通信被拦截；正常站点功能通常不受影响
yu56tdfcxc.appspot.com,StevenBlack/hosts,tracker,high,stevenblack 聚合拦截域名,block_soft,广告/追踪或恶意通信被拦截；正常站点功能通常不受影响
yuhfdwesaa.appspot.com,StevenBlack/hosts,tracker,high,stevenblack 聚合拦截域名,block_soft,广告/追踪或恶意通信被拦截；正常站点功能通常不受影响
ad.apsalar.com,StevenBlack/hosts,tracker,high,stevenblack 聚合拦截域名,block_soft,广告/追踪或恶意通信被拦截；正常站点功能通常不受影响
e-ssl.apsalar.com,StevenBlack/hosts,tracker,high,stevenblack 聚合拦截域名,block_soft,广告/追踪或恶意通信被拦截；正常站点功能通常不受影响
analytics.archive.org,StevenBlack/hosts,tracker,high,stevenblack 聚合拦截域名,block_soft,广告/追踪或恶意通信被拦截；正常站点功能通常不受影响
aresboot.xyz,StevenBlack/hosts,tracker,high,stevenblack 聚合拦截域名,block_soft,广告/追踪或恶意通信被拦截；正常站点功能通常不受影响
arjoflor.com,StevenBlack/hosts,tracker,high,stevenblack 聚合拦截域名,block_soft,广告/追踪或恶意通信被拦截；正常站点功能通常不受影响
arjoflos.com,StevenBlack/hosts,tracker,high,stevenblack 聚合拦截域名,block_soft,广告/追踪或恶意通信被拦截；正常站点功能通常不受影响
arkonziv.com,StevenBlack/hosts,tracker,high,stevenblack 聚合拦截域名,block_soft,广告/追踪或恶意通信被拦截；正常站点功能通常不受影响
armantark.com,StevenBlack/hosts,tracker,high,stevenblack 聚合拦截域名,block_soft,广告/追踪或恶意通信被拦截；正常站点功能通常不受影响
armconsul.ru,StevenBlack/hosts,tracker,high,stevenblack 聚合拦截域名,block_soft,广告/追踪或恶意通信被拦截；正常站点功能通常不受影响
artbbs.to,StevenBlack/hosts,tracker,high,stevenblack 聚合拦截域名,block_soft,广告/追踪或恶意通信被拦截；正常站点功能通常不受影响
artizaa.com,StevenBlack/hosts,tracker,high,stevenblack 聚合拦截域名,block_soft,广告/追踪或恶意通信被拦截；正常站点功能通常不受影响
cdn.auditude.com,StevenBlack/hosts,tracker,high,stevenblack 聚合拦截域名,block_soft,广告/追踪或恶意通信被拦截；正常站点功能通常不受影响
auth-google.site,StevenBlack/hosts,tracker,high,stevenblack 聚合拦截域名,block_soft,广告/追踪或恶意通信被拦截；正常站点功能通常不受影响
analytics.ff.avast.com,StevenBlack/hosts,tracker,high,stevenblack 聚合拦截域名,block_soft,广告/追踪或恶意通信被拦截；正常站点功能通常不受影响
api.c.avazunativeads.com,StevenBlack/hosts,tracker,high,stevenblack 聚合拦截域名,block_soft,广告/追踪或恶意通信被拦截；正常站点功能通常不受影响
aws-update.net,StevenBlack/hosts,tracker,high,stevenblack 聚合拦截域名,block_soft,广告/追踪或恶意通信被拦截；正常站点功能通常不受影响
adv.axiatraders.com,StevenBlack/hosts,tracker,high,stevenblack 聚合拦截域名,block_soft,广告/追踪或恶意通信被拦截；正常站点功能通常不受影响
api.axiatraders.com,StevenBlack/hosts,tracker,high,stevenblack 聚合拦截域名,block_soft,广告/追踪或恶意通信被拦截；正常站点功能通常不受影响
bid.axiatraders.com,StevenBlack/hosts,tracker,high,stevenblack 聚合拦截域名,block_soft,广告/追踪或恶意通信被拦截；正常站点功能通常不受影响
click.axiatraders.com,StevenBlack/hosts,tracker,high,stevenblack 聚合拦截域名,block_soft,广告/追踪或恶意通信被拦截；正常站点功能通常不受影响
cvent.axiatraders.com,StevenBlack/hosts,tracker,high,stevenblack 聚合拦截域名,block_soft,广告/追踪或恶意通信被拦截；正常站点功能通常不受影响
pub.axiatraders.com,StevenBlack/hosts,tracker,high,stevenblack 聚合拦截域名,block_soft,广告/追踪或恶意通信被拦截；正常站点功能通常不受影响
rotator.axiatraders.com,StevenBlack/hosts,tracker,high,stevenblack 聚合拦截域名,block_soft,广告/追踪或恶意通信被拦截；正常站点功能通常不受影响
www.axiatraders.com,StevenBlack/hosts,tracker,high,stevenblack 聚合拦截域名,block_soft,广告/追踪或恶意通信被拦截；正常站点功能通常不受影响
zamora.axiatraders.com,StevenBlack/hosts,tracker,high,stevenblack 聚合拦截域名,block_soft,广告/追踪或恶意通信被拦截；正常站点功能通常不受影响
api.b2c.com,StevenBlack/hosts,tracker,high,stevenblack 聚合拦截域名,block_soft,广告/追踪或恶意通信被拦截；正常站点功能通常不受影响
an.batmobi.net,StevenBlack/hosts,tracker,high,stevenblack 聚合拦截域名,block_soft,广告/追踪或恶意通信被拦截；正常站点功能通常不受影响
gtsdk.batmobi.net,StevenBlack/hosts,tracker,high,stevenblack 聚合拦截域名,block_soft,广告/追踪或恶意通信被拦截；正常站点功能通常不受影响
ploy.batmobi.net,StevenBlack/hosts,tracker,high,stevenblack 聚合拦截域名,block_soft,广告/追踪或恶意通信被拦截；正常站点功能通常不受影响
api5.batmobil.net,StevenBlack/hosts,tracker,high,stevenblack 聚合拦截域名,block_soft,广告/追踪或恶意通信被拦截；正常站点功能通常不受影响
beauty-tea.com,StevenBlack/hosts,tracker,high,stevenblack 聚合拦截域名,block_soft,广告/追踪或恶意通信被拦截；正常站点功能通常不受影响
beeglivesex.com,StevenBlack/hosts,tracker,high,stevenblack 聚合拦截域名,block_soft,广告/追踪或恶意通信被拦截；正常站点功能通常不受影响
cdn.beginads.com,StevenBlack/hosts,tracker,high,stevenblack 聚合拦截域名,block_soft,广告/追踪或恶意通信被拦截；正常站点功能通常不受影响
rotator.beginads.com,StevenBlack/hosts,tracker,high,stevenblack 聚合拦截域名,block_soft,广告/追踪或恶意通信被拦截；正常站点功能通常不受影响
tracking.beginads.com,StevenBlack/hosts,tracker,high,stevenblack 聚合拦截域名,block_soft,广告/追踪或恶意通信被拦截；正常站点功能通常不受影响
www.beginads.com,StevenBlack/hosts,tracker,high,stevenblack 聚合拦截域名,block_soft,广告/追踪或恶意通信被拦截；正常站点功能通常不受影响
bergadimspower.com,StevenBlack/hosts,tracker,high,stevenblack 聚合拦截域名,block_soft,广告/追踪或恶意通信被拦截；正常站点功能通常不受影响
berkesteermaster.com,StevenBlack/hosts,tracker,high,stevenblack 聚合拦截域名,block_soft,广告/追踪或恶意通信被拦截；正常站点功能通常不受影响
www.best2017games.com,StevenBlack/hosts,tracker,high,stevenblack 聚合拦截域名,block_soft,广告/追踪或恶意通信被拦截；正常站点功能通常不受影响
best2019-games-web4.com,StevenBlack/hosts,tracker,high,stevenblack 聚合拦截域名,block_soft,广告/追踪或恶意通信被拦截；正常站点功能通常不受影响
bestprizesday3.life,StevenBlack/hosts,tracker,high,stevenblack 聚合拦截域名,block_soft,广告/追踪或恶意通信被拦截；正常站点功能通常不受影响
besttus.com,StevenBlack/hosts,tracker,high,stevenblack 聚合拦截域名,block_soft,广告/追踪或恶意通信被拦截；正常站点功能通常不受影响
de.betano.com,StevenBlack/hosts,tracker,high,stevenblack 聚合拦截域名,block_soft,广告/追踪或恶意通信被拦截；正常站点功能通常不受影响
betpromo247.com,StevenBlack/hosts,tracker,high,stevenblack 聚合拦截域名,block_soft,广告/追踪或恶意通信被拦截；正常站点功能通常不受影响
bidgear.com,StevenBlack/hosts,tracker,high,stevenblack 聚合拦截域名,block_soft,广告/追踪或恶意通信被拦截；正常站点功能通常不受影响
platform.bidgear.com,StevenBlack/hosts,tracker,high,stevenblack 聚合拦截域名,block_soft,广告/追踪或恶意通信被拦截；正常站点功能通常不受影响
bigsharkmedia.com,StevenBlack/hosts,tracker,high,stevenblack 聚合拦截域名,block_soft,广告/追踪或恶意通信被拦截；正常站点功能通常不受影响
bigtus.com,StevenBlack/hosts,tracker,high,stevenblack 聚合拦截域名,block_soft,广告/追踪或恶意通信被拦截；正常站点功能通常不受影响
assets.bilsyndication.com,StevenBlack/hosts,tracker,high,stevenblack 聚合拦截域名,block_soft,广告/追踪或恶意通信被拦截；正常站点功能通常不受影响
biltag.bilsyndication.com,StevenBlack/hosts,tracker,high,stevenblack 聚合拦截域名,block_soft,广告/追踪或恶意通信被拦截；正常站点功能通常不受影响
services.bilsyndication.com,StevenBlack/hosts,tracker,high,stevenblack 聚合拦截域名,block_soft,广告/追踪或恶意通信被拦截；正常站点功能通常不受影响
cdn.bitmedianetwork.com,StevenBlack/hosts,tracker,high,stevenblack 聚合拦截域名,block_soft,广告/追踪或恶意通信被拦截；正常站点功能通常不受影响
engine.bitmedianetwork.com,StevenBlack/hosts,tracker,high,stevenblack 聚合拦截域名,block_soft,广告/追踪或恶意通信被拦截；正常站点功能通常不受影响
bitstarz1.eu,StevenBlack/hosts,tracker,high,stevenblack 聚合拦截域名,block_soft,广告/追踪或恶意通信被拦截；正常站点功能通常不受影响
bitstarz27.com,StevenBlack/hosts,tracker,high,stevenblack 聚合拦截域名,block_soft,广告/追踪或恶意通信被拦截；正常站点功能通常不受影响
bitstarz28.com,StevenBlack/hosts,tracker,high,stevenblack 聚合拦截域名,block_soft,广告/追踪或恶意通信被拦截；正常站点功能通常不受影响
blasze.com,StevenBlack/hosts,tracker,high,stevenblack 聚合拦截域名,block_soft,广告/追踪或恶意通信被拦截；正常站点功能通常不受影响
blasze.tk,StevenBlack/hosts,tracker,high,stevenblack 聚合拦截域名,block_soft,广告/追踪或恶意通信被拦截；正常站点功能通常不受影响
bmwforum.co,StevenBlack/hosts,tracker,high,stevenblack 聚合拦截域名,block_soft,广告/追踪或恶意通信被拦截；正常站点功能通常不受影响
braincdn.org,StevenBlack/hosts,tracker,high,stevenblack 聚合拦截域名,block_soft,广告/追踪或恶意通信被拦截；正常站点功能通常不受影响
hb.brainlyads.com,StevenBlack/hosts,tracker,high,stevenblack 聚合拦截域名,block_soft,广告/追踪或恶意通信被拦截；正常站点功能通常不受影响
report.hb.brainlyads.com,StevenBlack/hosts,tracker,high,stevenblack 聚合拦截域名,block_soft,广告/追踪或恶意通信被拦截；正常站点功能通常不受影响
brainschampions.com,StevenBlack/hosts,tracker,high,stevenblack 聚合拦截域名,block_soft,广告/追踪或恶意通信被拦截；正常站点功能通常不受影响
client-analytics.braintreegateway.com,StevenBlack/hosts,tracker,high,stevenblack 聚合拦截域名,block_soft,广告/追踪或恶意通信被拦截；正常站点功能通常不受影响
api.branch.io,StevenBlack/hosts,tracker,high,stevenblack 聚合拦截域名,block_soft,广告/追踪或恶意通信被拦截；正常站点功能通常不受影响
brilns.com,StevenBlack/hosts,tracker,high,stevenblack 聚合拦截域名,block_soft,广告/追踪或恶意通信被拦截；正常站点功能通常不受影响
brotherselectricco.com,StevenBlack/hosts,tracker,high,stevenblack 聚合拦截域名,block_soft,广告/追踪或恶意通信被拦截；正常站点功能通常不受影响
bs.direct,StevenBlack/hosts,tracker,high,stevenblack 聚合拦截域名,block_soft,广告/追踪或恶意通信被拦截；正常站点功能通常不受影响
analyticsapi.bsbportal.com,StevenBlack/hosts,tracker,high,stevenblack 聚合拦截域名,block_soft,广告/追踪或恶意通信被拦截；正常站点功能通常不受影响
mi.btmods.net,StevenBlack/hosts,tracker,high,stevenblack 聚合拦截域名,block_soft,广告/追踪或恶意通信被拦截；正常站点功能通常不受影响
us.btmods.net,StevenBlack/hosts,tracker,high,stevenblack 聚合拦截域名,block_soft,广告/追踪或恶意通信被拦截；正常站点功能通常不受影响
bunnyland.cc,StevenBlack/hosts,tracker,high,stevenblack 聚合拦截域名,block_soft,广告/追踪或恶意通信被拦截；正常站点功能通常不受影响
busyserviceinc.com,StevenBlack/hosts,tracker,high,stevenblack 聚合拦截域名,block_soft,广告/追踪或恶意通信被拦截；正常站点功能通常不受影响
buzzclicks.com,StevenBlack/hosts,tracker,high,stevenblack 聚合拦截域名,block_soft,广告/追踪或恶意通信被拦截；正常站点功能通常不受影响
promo.buzzclicks.com,StevenBlack/hosts,tracker,high,stevenblack 聚合拦截域名,block_soft,广告/追踪或恶意通信被拦截；正常站点功能通常不受影响
rotator.buzzclicks.com,StevenBlack/hosts,tracker,high,stevenblack 聚合拦截域名,block_soft,广告/追踪或恶意通信被拦截；正常站点功能通常不受影响
www.bywebsite.com,StevenBlack/hosts,tracker,high,stevenblack 聚合拦截域名,block_soft,广告/追踪或恶意通信被拦截；正常站点功能通常不受影响
applog.camera360.com,StevenBlack/hosts,tracker,high,stevenblack 聚合拦截域名,block_soft,广告/追踪或恶意通信被拦截；正常站点功能通常不受影响
camsoda.com,StevenBlack/hosts,tracker,high,stevenblack 聚合拦截域名,block_soft,广告/追踪或恶意通信被拦截；正常站点功能通常不受影响
camteens.to,StevenBlack/hosts,tracker,high,stevenblack 聚合拦截域名,block_soft,广告/追踪或恶意通信被拦截；正常站点功能通常不受影响
candygirls.cc,StevenBlack/hosts,tracker,high,stevenblack 聚合拦截域名,block_soft,广告/追踪或恶意通信被拦截；正常站点功能通常不受影响
ora.carlaarrabitoarchitetto.com,StevenBlack/hosts,tracker,high,stevenblack 聚合拦截域名,block_soft,广告/追踪或恶意通信被拦截；正常站点功能通常不受影响
carnataldez.ml,StevenBlack/hosts,tracker,high,stevenblack 聚合拦截域名,block_soft,广告/追踪或恶意通信被拦截；正常站点功能通常不受影响
carniferou.club,StevenBlack/hosts,tracker,high,stevenblack 聚合拦截域名,block_soft,广告/追踪或恶意通信被拦截；正常站点功能通常不受影响
spy.cashnow.ee,StevenBlack/hosts,tracker,high,stevenblack 聚合拦截域名,block_soft,广告/追踪或恶意通信被拦截；正常站点功能通常不受影响
xyz.cashnow.ee,StevenBlack/hosts,tracker,high,stevenblack 聚合拦截域名,block_soft,广告/追踪或恶意通信被拦截；正常站点功能通常不受影响
castoola.com,StevenBlack/hosts,tracker,high,stevenblack 聚合拦截域名,block_soft,广告/追踪或恶意通信被拦截；正常站点功能通常不受影响
cdn.castoola.com,StevenBlack/hosts,tracker,high,stevenblack 聚合拦截域名,block_soft,广告/追踪或恶意通信被拦截；正常站点功能通常不受影响
discoveryad.castoola.tv,StevenBlack/hosts,tracker,high,stevenblack 聚合拦截域名,block_soft,广告/追踪或恶意通信被拦截；正常站点功能通常不受影响
cdn.discoveryad.castoola.tv,StevenBlack/hosts,tracker,high,stevenblack 聚合拦截域名,block_soft,广告/追踪或恶意通信被拦截；正常站点功能通常不受影响
1493361689.rsc.cdn77.org,StevenBlack/hosts,tracker,high,stevenblack 聚合拦截域名,block_soft,广告/追踪或恶意通信被拦截；正常站点功能通常不受影响
cdnmage.com,StevenBlack/hosts,tracker,high,stevenblack 聚合拦截域名,block_soft,广告/追踪或恶意通信被拦截；正常站点功能通常不受影响
ceromobi.club,StevenBlack/hosts,tracker,high,stevenblack 聚合拦截域名,block_soft,广告/追踪或恶意通信被拦截；正常站点功能通常不受影响
ads.chacomedia.com,StevenBlack/hosts,tracker,high,stevenblack 聚合拦截域名,block_soft,广告/追踪或恶意通信被拦截；正常站点功能通常不受影响
www.chacomedia.com,StevenBlack/hosts,tracker,high,stevenblack 聚合拦截域名,block_soft,广告/追踪或恶意通信被拦截；正常站点功能通常不受影响
chanekee.ga,StevenBlack/hosts,tracker,high,stevenblack 聚合拦截域名,block_soft,广告/追踪或恶意通信被拦截；正常站点功能通常不受影响
chauksoa.net,StevenBlack/hosts,tracker,high,stevenblack 聚合拦截域名,block_soft,广告/追踪或恶意通信被拦截；正常站点功能通常不受影响
cherryemoore.com,StevenBlack/hosts,tracker,high,stevenblack 聚合拦截域名,block_soft,广告/追踪或恶意通信被拦截；正常站点功能通常不受影响
wawa.cleansite.us,StevenBlack/hosts,tracker,high,stevenblack 聚合拦截域名,block_soft,广告/追踪或恶意通信被拦截；正常站点功能通常不受影响
clearcovid19virus.com,StevenBlack/hosts,tracker,high,stevenblack 聚合拦截域名,block_soft,广告/追踪或恶意通信被拦截；正常站点功能通常不受影响
ase.clmbtech.com,StevenBlack/hosts,tracker,high,stevenblack 聚合拦截域名,block_soft,广告/追踪或恶意通信被拦截；正常站点功能通常不受影响
static.clmbtech.com,StevenBlack/hosts,tracker,high,stevenblack 聚合拦截域名,block_soft,广告/追踪或恶意通信被拦截；正常站点功能通常不受影响
clooinfor.cf,StevenBlack/hosts,tracker,high,stevenblack 聚合拦截域名,block_soft,广告/追踪或恶意通信被拦截；正常站点功能通常不受影响
closetlondon.org,StevenBlack/hosts,tracker,high,stevenblack 聚合拦截域名,block_soft,广告/追踪或恶意通信被拦截；正常站点功能通常不受影响
d3dkhq0wwdwodv.cloudfront.net,StevenBlack/hosts,tracker,high,stevenblack 聚合拦截域名,block_soft,广告/追踪或恶意通信被拦截；正常站点功能通常不受影响
d3lvir7538n0oi.cloudfront.net,StevenBlack/hosts,tracker,high,stevenblack 聚合拦截域名,block_soft,广告/追踪或恶意通信被拦截；正常站点功能通常不受影响
api.cloudmobi.net,StevenBlack/hosts,tracker,high,stevenblack 聚合拦截域名,block_soft,广告/追踪或恶意通信被拦截；正常站点功能通常不受影响
logger.cloudmobi.net,StevenBlack/hosts,tracker,high,stevenblack 聚合拦截域名,block_soft,广告/追踪或恶意通信被拦截；正常站点功能通常不受影响
cmytuok.top,StevenBlack/hosts,tracker,high,stevenblack 聚合拦截域名,block_soft,广告/追踪或恶意通信被拦截；正常站点功能通常不受影响
data.cnn.com,StevenBlack/hosts,tracker,high,stevenblack 聚合拦截域名,block_soft,广告/追踪或恶意通信被拦截；正常站点功能通常不受影响
www.diptanuinfo.co.cc,StevenBlack/hosts,tracker,high,stevenblack 聚合拦截域名,block_soft,广告/追踪或恶意通信被拦截；正常站点功能通常不受影响
adservice.google.co.in,StevenBlack/hosts,tracker,high,stevenblack 聚合拦截域名,block_soft,广告/追踪或恶意通信被拦截；正常站点功能通常不受影响
retrak.co.ke,StevenBlack/hosts,tracker,high,stevenblack 聚合拦截域名,block_soft,广告/追踪或恶意通信被拦截；正常站点功能通常不受影响
thaivictory.co.th,StevenBlack/hosts,tracker,high,stevenblack 聚合拦截域名,block_soft,广告/追踪或恶意通信被拦截；正常站点功能通常不受影响
c.adskeeper.co.uk,StevenBlack/hosts,tracker,high,stevenblack 聚合拦截域名,block_soft,广告/追踪或恶意通信被拦截；正常站点功能通常不受影响
www.myishop.co.uk,StevenBlack/hosts,tracker,high,stevenblack 聚合拦截域名,block_soft,广告/追踪或恶意通信被拦截；正常站点功能通常不受影响
www2.myishop.co.uk,StevenBlack/hosts,tracker,high,stevenblack 聚合拦截域名,block_soft,广告/追踪或恶意通信被拦截；正常站点功能通常不受影响
linux.cocoss2d.com,StevenBlack/hosts,tracker,high,stevenblack 聚合拦截域名,block_soft,广告/追踪或恶意通信被拦截；正常站点功能通常不受影响
coffemokko.com,StevenBlack/hosts,tracker,high,stevenblack 聚合拦截域名,block_soft,广告/追踪或恶意通信被拦截；正常站点功能通常不受影响
load.collegesmooch.com,StevenBlack/hosts,tracker,high,stevenblack 聚合拦截域名,block_soft,广告/追踪或恶意通信被拦截；正常站点功能通常不受影响
tags.news.com.au,StevenBlack/hosts,tracker,high,stevenblack 聚合拦截域名,block_soft,广告/追踪或恶意通信被拦截；正常站点功能通常不受影响
ventanasyaluminios.com.mx,StevenBlack/hosts,tracker,high,stevenblack 聚合拦截域名,block_soft,广告/追踪或恶意通信被拦截；正常站点功能通常不受影响
bacr.com.pk,StevenBlack/hosts,tracker,high,stevenblack 聚合拦截域名,block_soft,广告/追踪或恶意通信被拦截；正常站点功能通常不受影响
check-activity.com.ru,StevenBlack/hosts,tracker,high,stevenblack 聚合拦截域名,block_soft,广告/追踪或恶意通信被拦截；正常站点功能通常不受影响
digitaltextile.com.ru,StevenBlack/hosts,tracker,high,stevenblack 聚合拦截域名,block_soft,广告/追踪或恶意通信被拦截；正常站点功能通常不受影响
0202.com.tw,StevenBlack/hosts,tracker,high,stevenblack 聚合拦截域名,block_soft,广告/追踪或恶意通信被拦截；正常站点功能通常不受影响
adservice.google.com.vn,StevenBlack/hosts,tracker,high,stevenblack 聚合拦截域名,block_soft,广告/追踪或恶意通信被拦截；正常站点功能通常不受影响
com-auth.site,StevenBlack/hosts,tracker,high,stevenblack 聚合拦截域名,block_soft,广告/追踪或恶意通信被拦截；正常站点功能通常不受影响
comericac.com,StevenBlack/hosts,tracker,high,stevenblack 聚合拦截域名,block_soft,广告/追踪或恶意通信被拦截；正常站点功能通常不受影响
comilar-efferiff.icu,StevenBlack/hosts,tracker,high,stevenblack 聚合拦截域名,block_soft,广告/追踪或恶意通信被拦截；正常站点功能通常不受影响
completesatisfaction.ltd,StevenBlack/hosts,tracker,high,stevenblack 聚合拦截域名,block_soft,广告/追踪或恶意通信被拦截；正常站点功能通常不受影响
media.complex.com,StevenBlack/hosts,tracker,high,stevenblack 聚合拦截域名,block_soft,广告/追踪或恶意通信被拦截；正常站点功能通常不受影响
comssite.com,StevenBlack/hosts,tracker,high,stevenblack 聚合拦截域名,block_soft,广告/追踪或恶意通信被拦截；正常站点功能通常不受影响
consumerproductsusa.com,StevenBlack/hosts,tracker,high,stevenblack 聚合拦截域名,block_soft,广告/追踪或恶意通信被拦截；正常站点功能通常不受影响
contatoonline1.com,StevenBlack/hosts,tracker,high,stevenblack 聚合拦截域名,block_soft,广告/追踪或恶意通信被拦截；正常站点功能通常不受影响
cws.conviva.com,StevenBlack/hosts,tracker,high,stevenblack 聚合拦截域名,block_soft,广告/追踪或恶意通信被拦截；正常站点功能通常不受影响
zee.cws.conviva.com,StevenBlack/hosts,tracker,high,stevenblack 聚合拦截域名,block_soft,广告/追踪或恶意通信被拦截；正常站点功能通常不受影响
vrl.m.conviva.com,StevenBlack/hosts,tracker,high,stevenblack 聚合拦截域名,block_soft,广告/追踪或恶意通信被拦截；正常站点功能通常不受影响
lp.cooktracking.com,StevenBlack/hosts,tracker,high,stevenblack 聚合拦截域名,block_soft,广告/追踪或恶意通信被拦截；正常站点功能通常不受影响
coronabreath.com,StevenBlack/hosts,tracker,high,stevenblack 聚合拦截域名,block_soft,广告/追踪或恶意通信被拦截；正常站点功能通常不受影响
corp-github.com,StevenBlack/hosts,tracker,high,stevenblack 聚合拦截域名,block_soft,广告/追踪或恶意通信被拦截；正常站点功能通常不受影响
cosiloon.com,StevenBlack/hosts,tracker,high,stevenblack 聚合拦截域名,block_soft,广告/追踪或恶意通信被拦截；正常站点功能通常不受影响
www.cpm20.com,StevenBlack/hosts,tracker,high,stevenblack 聚合拦截域名,block_soft,广告/追踪或恶意通信被拦截；正常站点功能通常不受影响
crilns.com,StevenBlack/hosts,tracker,high,stevenblack 聚合拦截域名,block_soft,广告/追踪或恶意通信被拦截；正常站点功能通常不受影响
rdi.eu.criteo.com,StevenBlack/hosts,tracker,high,stevenblack 聚合拦截域名,block_soft,广告/追踪或恶意通信被拦截；正常站点功能通常不受影响
gum.criteo.com,StevenBlack/hosts,tracker,high,stevenblack 聚合拦截域名,block_soft,广告/追踪或恶意通信被拦截；正常站点功能通常不受影响
linux.css2.com,StevenBlack/hosts,tracker,high,stevenblack 聚合拦截域名,block_soft,广告/追踪或恶意通信被拦截；正常站点功能通常不受影响
cutebaitsforum.cc,StevenBlack/hosts,tracker,high,stevenblack 聚合拦截域名,block_soft,广告/追踪或恶意通信被拦截；正常站点功能通常不受影响
cutecams.space,StevenBlack/hosts,tracker,high,stevenblack 聚合拦截域名,block_soft,广告/追踪或恶意通信被拦截；正常站点功能通常不受影响
cutedolls.top,StevenBlack/hosts,tracker,high,stevenblack 聚合拦截域名,block_soft,广告/追踪或恶意通信被拦截；正常站点功能通常不受影响
cutegirls.cc,StevenBlack/hosts,tracker,high,stevenblack 聚合拦截域名,block_soft,广告/追踪或恶意通信被拦截；正常站点功能通常不受影响
cylenceprotect.com,StevenBlack/hosts,tracker,high,stevenblack 聚合拦截域名,block_soft,广告/追踪或恶意通信被拦截；正常站点功能通常不受影响
d-and-h.com,StevenBlack/hosts,tracker,high,stevenblack 聚合拦截域名,block_soft,广告/追踪或恶意通信被拦截；正常站点功能通常不受影响
asq.d6shiiwz.pw,StevenBlack/hosts,tracker,high,stevenblack 聚合拦截域名,block_soft,广告/追踪或恶意通信被拦截；正常站点功能通常不受影响
dadsats.com,StevenBlack/hosts,tracker,high,stevenblack 聚合拦截域名,block_soft,广告/追踪或恶意通信被拦截；正常站点功能通常不受影响
data-ero-advertising.com,StevenBlack/hosts,tracker,high,stevenblack 聚合拦截域名,block_soft,广告/追踪或恶意通信被拦截；正常站点功能通常不受影响
api.datatrics.com,StevenBlack/hosts,tracker,high,stevenblack 聚合拦截域名,block_soft,广告/追踪或恶意通信被拦截；正常站点功能通常不受影响
api03.datatrics.com,StevenBlack/hosts,tracker,high,stevenblack 聚合拦截域名,block_soft,广告/追踪或恶意通信被拦截；正常站点功能通常不受影响
api04.datatrics.com,StevenBlack/hosts,tracker,high,stevenblack 聚合拦截域名,block_soft,广告/追踪或恶意通信被拦截；正常站点功能通常不受影响
app.datatrics.com,StevenBlack/hosts,tracker,high,stevenblack 聚合拦截域名,block_soft,广告/追踪或恶意通信被拦截；正常站点功能通常不受影响
ecommerce.datatrics.com,StevenBlack/hosts,tracker,high,stevenblack 聚合拦截域名,block_soft,广告/追踪或恶意通信被拦截；正常站点功能通常不受影响
images.datatrics.com,StevenBlack/hosts,tracker,high,stevenblack 聚合拦截域名,block_soft,广告/追踪或恶意通信被拦截；正常站点功能通常不受影响
link.datatrics.com,StevenBlack/hosts,tracker,high,stevenblack 聚合拦截域名,block_soft,广告/追踪或恶意通信被拦截；正常站点功能通常不受影响
magento01.datatrics.com,StevenBlack/hosts,tracker,high,stevenblack 聚合拦截域名,block_soft,广告/追踪或恶意通信被拦截；正常站点功能通常不受影响
mautic.datatrics.com,StevenBlack/hosts,tracker,high,stevenblack 聚合拦截域名,block_soft,广告/追踪或恶意通信被拦截；正常站点功能通常不受影响
network.datatrics.com,StevenBlack/hosts,tracker,high,stevenblack 聚合拦截域名,block_soft,广告/追踪或恶意通信被拦截；正常站点功能通常不受影响
status.datatrics.com,StevenBlack/hosts,tracker,high,stevenblack 聚合拦截域名,block_soft,广告/追踪或恶意通信被拦截；正常站点功能通常不受影响
tr.datatrics.com,StevenBlack/hosts,tracker,high,stevenblack 聚合拦截域名,block_soft,广告/追踪或恶意通信被拦截；正常站点功能通常不受影响
tr-255418.datatrics.com,StevenBlack/hosts,tracker,high,stevenblack 聚合拦截域名,block_soft,广告/追踪或恶意通信被拦截；正常站点功能通常不受影响
tr-255768.datatrics.com,StevenBlack/hosts,tracker,high,stevenblack 聚合拦截域名,block_soft,广告/追踪或恶意通信被拦截；正常站点功能通常不受影响
tr-256089.datatrics.com,StevenBlack/hosts,tracker,high,stevenblack 聚合拦截域名,block_soft,广告/追踪或恶意通信被拦截；正常站点功能通常不受影响
tr-op.datatrics.com,StevenBlack/hosts,tracker,high,stevenblack 聚合拦截域名,block_soft,广告/追踪或恶意通信被拦截；正常站点功能通常不受影响
tr-reshift.datatrics.com,StevenBlack/hosts,tracker,high,stevenblack 聚合拦截域名,block_soft,广告/追踪或恶意通信被拦截；正常站点功能通常不受影响
tr-v2.datatrics.com,StevenBlack/hosts,tracker,high,stevenblack 聚合拦截域名,block_soft,广告/追踪或恶意通信被拦截；正常站点功能通常不受影响
tracker.datatrics.com,StevenBlack/hosts,tracker,high,stevenblack 聚合拦截域名,block_soft,广告/追踪或恶意通信被拦截；正常站点功能通常不受影响
travel.datatrics.com,StevenBlack/hosts,tracker,high,stevenblack 聚合拦截域名,block_soft,广告/追踪或恶意通信被拦截；正常站点功能通常不受影响
usersync.datatrics.com,StevenBlack/hosts,tracker,high,stevenblack 聚合拦截域名,block_soft,广告/追踪或恶意通信被拦截；正常站点功能通常不受影响
woocommerce01.datatrics.com,StevenBlack/hosts,tracker,high,stevenblack 聚合拦截域名,block_soft,广告/追踪或恶意通信被拦截；正常站点功能通常不受影响
daunteegyptian.pro,StevenBlack/hosts,tracker,high,stevenblack 聚合拦截域名,block_soft,广告/追踪或恶意通信被拦截；正常站点功能通常不受影响
install.ddns.info,StevenBlack/hosts,tracker,high,stevenblack 聚合拦截域名,block_soft,广告/追踪或恶意通信被拦截；正常站点功能通常不受影响
tab.dellrescue.com,StevenBlack/hosts,tracker,high,stevenblack 聚合拦截域名,block_soft,广告/追踪或恶意通信被拦截；正常站点功能通常不受影响
deshmedia.com,StevenBlack/hosts,tracker,high,stevenblack 聚合拦截域名,block_soft,广告/追踪或恶意通信被拦截；正常站点功能通常不受影响
devata.icu,StevenBlack/hosts,tracker,high,stevenblack 聚合拦截域名,block_soft,广告/追踪或恶意通信被拦截；正常站点功能通常不受影响
dfgdgertdvdf.xyz,StevenBlack/hosts,tracker,high,stevenblack 聚合拦截域名,block_soft,广告/追踪或恶意通信被拦截；正常站点功能通常不受影响
dfkcnyhd.nl,StevenBlack/hosts,tracker,high,stevenblack 聚合拦截域名,block_soft,广告/追踪或恶意通信被拦截；正常站点功能通常不受影响
www.dianomi.com,StevenBlack/hosts,tracker,high,stevenblack 聚合拦截域名,block_soft,广告/追踪或恶意通信被拦截；正常站点功能通常不受影响
analytics.lk.api.ditto.com,StevenBlack/hosts,tracker,high,stevenblack 聚合拦截域名,block_soft,广告/追踪或恶意通信被拦截；正常站点功能通常不受影响
i1.dl-ad.com,StevenBlack/hosts,tracker,high,stevenblack 聚合拦截域名,block_soft,广告/追踪或恶意通信被拦截；正常站点功能通常不受影响
ad.dnoticias.pt,StevenBlack/hosts,tracker,high,stevenblack 聚合拦截域名,block_soft,广告/追踪或恶意通信被拦截；正常站点功能通常不受影响
xad.dnoticias.pt,StevenBlack/hosts,tracker,high,stevenblack 聚合拦截域名,block_soft,广告/追踪或恶意通信被拦截；正常站点功能通常不受影响
ru.mst.dns-cloud.net,StevenBlack/hosts,tracker,high,stevenblack 聚合拦截域名,block_soft,广告/追踪或恶意通信被拦截；正常站点功能通常不受影响
ctmail.dns-dns.com,StevenBlack/hosts,tracker,high,stevenblack 聚合拦截域名,block_soft,广告/追踪或恶意通信被拦截；正常站点功能通常不受影响
brands.newst.dnsabr.com,StevenBlack/hosts,tracker,high,stevenblack 聚合拦截域名,block_soft,广告/追踪或恶意通信被拦截；正常站点功能通常不受影响
dobre-programy.pl,StevenBlack/hosts,tracker,high,stevenblack 聚合拦截域名,block_soft,广告/追踪或恶意通信被拦截；正常站点功能通常不受影响
dobre-programy.xyz,StevenBlack/hosts,tracker,high,stevenblack 聚合拦截域名,block_soft,广告/追踪或恶意通信被拦截；正常站点功能通常不受影响
dobreprogramy.pro,StevenBlack/hosts,tracker,high,stevenblack 聚合拦截域名,block_soft,广告/追踪或恶意通信被拦截；正常站点功能通常不受影响
dolodos.top,StevenBlack/hosts,tracker,high,stevenblack 聚合拦截域名,block_soft,广告/追踪或恶意通信被拦截；正常站点功能通常不受影响
login.dotomi.com,StevenBlack/hosts,tracker,high,stevenblack 聚合拦截域名,block_soft,广告/追踪或恶意通信被拦截；正常站点功能通常不受影响
4436230.fls.doubleclick.net,StevenBlack/hosts,tracker,high,stevenblack 聚合拦截域名,block_soft,广告/追踪或恶意通信被拦截；正常站点功能通常不受影响
4448269.fls.doubleclick.net,StevenBlack/hosts,tracker,high,stevenblack 聚合拦截域名,block_soft,广告/追踪或恶意通信被拦截；正常站点功能通常不受影响
doublepimpads.com,StevenBlack/hosts,tracker,high,stevenblack 聚合拦截域名,block_soft,广告/追踪或恶意通信被拦截；正常站点功能通常不受影响
api.doubles.click,StevenBlack/hosts,tracker,high,stevenblack 聚合拦截域名,block_soft,广告/追踪或恶意通信被拦截；正常站点功能通常不受影响
advertising-cdn.dpgmedia.cloud,StevenBlack/hosts,tracker,high,stevenblack 聚合拦截域名,block_soft,广告/追踪或恶意通信被拦截；正常站点功能通常不受影响
dreamlist.top,StevenBlack/hosts,tracker,high,stevenblack 聚合拦截域名,block_soft,广告/追踪或恶意通信被拦截；正常站点功能通常不受影响
dsw44z5igdmmbo.com,StevenBlack/hosts,tracker,high,stevenblack 聚合拦截域名,block_soft,广告/追踪或恶意通信被拦截；正常站点功能通常不受影响
lay.dubya.us,StevenBlack/hosts,tracker,high,stevenblack 聚合拦截域名,block_soft,广告/追踪或恶意通信被拦截；正常站点功能通常不受影响
goodattack.duckdns.org,StevenBlack/hosts,tracker,high,stevenblack 聚合拦截域名,block_soft,广告/追踪或恶意通信被拦截；正常站点功能通常不受影响
megasena1.duckdns.org,StevenBlack/hosts,tracker,high,stevenblack 聚合拦截域名,block_soft,广告/追踪或恶意通信被拦截；正常站点功能通常不受影响
phantom101.duckdns.org,StevenBlack/hosts,tracker,high,stevenblack 聚合拦截域名,block_soft,广告/追踪或恶意通信被拦截；正常站点功能通常不受影响
exchange.dumb1.com,StevenBlack/hosts,tracker,high,stevenblack 聚合拦截域名,block_soft,广告/追踪或恶意通信被拦截；正常站点功能通常不受影响
designer.dynamic-dns.net,StevenBlack/hosts,tracker,high,stevenblack 聚合拦截域名,block_soft,广告/追踪或恶意通信被拦截；正常站点功能通常不受影响
dns-info.dyndns.pro,StevenBlack/hosts,tracker,high,stevenblack 聚合拦截域名,block_soft,广告/追踪或恶意通信被拦截；正常站点功能通常不受影响
ftp.dns-info.dyndns.pro,StevenBlack/hosts,tracker,high,stevenblack 聚合拦截域名,block_soft,广告/追踪或恶意通信被拦截；正常站点功能通常不受影响
loginwebmailnic.dynssl.com,StevenBlack/hosts,tracker,high,stevenblack 聚合拦截域名,block_soft,广告/追踪或恶意通信被拦截；正常站点功能通常不受影响
ma1310-r.analytics.edgekey.net,StevenBlack/hosts,tracker,high,stevenblack 聚合拦截域名,block_soft,广告/追踪或恶意通信被拦截；正常站点功能通常不受影响
ipv6-wildcard.applovin.com.edgekey.net,StevenBlack/hosts,tracker,high,stevenblack 聚合拦截域名,block_soft,广告/追踪或恶意通信被拦截；正常站点功能通常不受影响
ma312-r.analytics.edgesuite.net,StevenBlack/hosts,tracker,high,stevenblack 聚合拦截域名,block_soft,广告/追踪或恶意通信被拦截；正常站点功能通常不受影响
hosted.stats.com.edgesuite.net,StevenBlack/hosts,tracker,high,stevenblack 聚合拦截域名,block_soft,广告/追踪或恶意通信被拦截；正常站点功能通常不受影响
edisonlee.net,StevenBlack/hosts,tracker,high,stevenblack 聚合拦截域名,block_soft,广告/追踪或恶意通信被拦截；正常站点功能通常不受影响
eh8jq4cmq8j9g5.com,StevenBlack/hosts,tracker,high,stevenblack 聚合拦截域名,block_soft,广告/追踪或恶意通信被拦截；正常站点功能通常不受影响
elegrina.com,StevenBlack/hosts,tracker,high,stevenblack 聚合拦截域名,block_soft,广告/追踪或恶意通信被拦截；正常站点功能通常不受影响
elixmedia.com,StevenBlack/hosts,tracker,high,stevenblack 聚合拦截域名,block_soft,广告/追踪或恶意通信被拦截；正常站点功能通常不受影响
enatimedia.com,StevenBlack/hosts,tracker,high,stevenblack 聚合拦截域名,block_soft,广告/追踪或恶意通信被拦截；正常站点功能通常不受影响
ampmetrics.engadget.com,StevenBlack/hosts,tracker,high,stevenblack 聚合拦截域名,block_soft,广告/追踪或恶意通信被拦截；正常站点功能通常不受影响
nexus.ensighten.com,StevenBlack/hosts,tracker,high,stevenblack 聚合拦截域名,block_soft,广告/追踪或恶意通信被拦截；正常站点功能通常不受影响
environmentalist.com,StevenBlack/hosts,tracker,high,stevenblack 聚合拦截域名,block_soft,广告/追踪或恶意通信被拦截；正常站点功能通常不受影响
eom-nv.com,StevenBlack/hosts,tracker,high,stevenblack 聚合拦截域名,block_soft,广告/追踪或恶意通信被拦截；正常站点功能通常不受影响
api.eqmob.com,StevenBlack/hosts,tracker,high,stevenblack 聚合拦截域名,block_soft,广告/追踪或恶意通信被拦截；正常站点功能通常不受影响
equilibrios.ga,StevenBlack/hosts,tracker,high,stevenblack 聚合拦截域名,block_soft,广告/追踪或恶意通信被拦截；正常站点功能通常不受影响
ergensu.com,StevenBlack/hosts,tracker,high,stevenblack 聚合拦截域名,block_soft,广告/追踪或恶意通信被拦截；正常站点功能通常不受影响
0latfee.ero-advertising.com,StevenBlack/hosts,tracker,high,stevenblack 聚合拦截域名,block_soft,广告/追踪或恶意通信被拦截；正常站点功能通常不受影响
2baners.ero-advertising.com,StevenBlack/hosts,tracker,high,stevenblack 聚合拦截域名,block_soft,广告/追踪或恶意通信被拦截；正常站点功能通常不受影响
2ds.ero-advertising.com,StevenBlack/hosts,tracker,high,stevenblack 聚合拦截域名,block_soft,广告/追踪或恶意通信被拦截；正常站点功能通常不受影响
2fbanners.ero-advertising.com,StevenBlack/hosts,tracker,high,stevenblack 聚合拦截域名,block_soft,广告/追踪或恶意通信被拦截；正常站点功能通常不受影响
2fflatfee.ero-advertising.com,StevenBlack/hosts,tracker,high,stevenblack 聚合拦截域名,block_soft,广告/追踪或恶意通信被拦截；正常站点功能通常不受影响
2fspeedclicks.ero-advertising.com,StevenBlack/hosts,tracker,high,stevenblack 聚合拦截域名,block_soft,广告/追踪或恶意通信被拦截；正常站点功能通常不受影响
3ds.ero-advertising.com,StevenBlack/hosts,tracker,high,stevenblack 聚合拦截域名,block_soft,广告/追踪或恶意通信被拦截；正常站点功能通常不受影响
4anners.ero-advertising.com,StevenBlack/hosts,tracker,high,stevenblack 聚合拦截域名,block_soft,广告/追踪或恶意通信被拦截；正常站点功能通常不受影响
9ata.ero-advertising.com,StevenBlack/hosts,tracker,high,stevenblack 聚合拦截域名,block_soft,广告/追踪或恶意通信被拦截；正常站点功能通常不受影响
www.a.ero-advertising.com,StevenBlack/hosts,tracker,high,stevenblack 聚合拦截域名,block_soft,广告/追踪或恶意通信被拦截；正常站点功能通常不受影响
aata.ero-advertising.com,StevenBlack/hosts,tracker,high,stevenblack 聚合拦截域名,block_soft,广告/追踪或恶意通信被拦截；正常站点功能通常不受影响
acspaces.ero-advertising.com,StevenBlack/hosts,tracker,high,stevenblack 聚合拦截域名,block_soft,广告/追踪或恶意通信被拦截；正常站点功能通常不受影响
ad1.ero-advertising.com,StevenBlack/hosts,tracker,high,stevenblack 聚合拦截域名,block_soft,广告/追踪或恶意通信被拦截；正常站点功能通常不受影响
ad2.ero-advertising.com,StevenBlack/hosts,tracker,high,stevenblack 聚合拦截域名,block_soft,广告/追踪或恶意通信被拦截；正常站点功能通常不受影响
s7.adaces.ero-advertising.com,StevenBlack/hosts,tracker,high,stevenblack 聚合拦截域名,block_soft,广告/追踪或恶意通信被拦截；正常站点功能通常不受影响
adf.ero-advertising.com,StevenBlack/hosts,tracker,high,stevenblack 聚合拦截域名,block_soft,广告/追踪或恶意通信被拦截；正常站点功能通常不受影响
adfpaces.ero-advertising.com,StevenBlack/hosts,tracker,high,stevenblack 聚合拦截域名,block_soft,广告/追踪或恶意通信被拦截；正常站点功能通常不受影响
ads1.ero-advertising.com,StevenBlack/hosts,tracker,high,stevenblack 聚合拦截域名,block_soft,广告/追踪或恶意通信被拦截；正常站点功能通常不受影响
adsances.ero-advertising.com,StevenBlack/hosts,tracker,high,stevenblack 聚合拦截域名,block_soft,广告/追踪或恶意通信被拦截；正常站点功能通常不受影响
adspacds.ero-advertising.com,StevenBlack/hosts,tracker,high,stevenblack 聚合拦截域名,block_soft,广告/追踪或恶意通信被拦截；正常站点功能通常不受影响
adspaces2.ero-advertising.com,StevenBlack/hosts,tracker,high,stevenblack 聚合拦截域名,block_soft,广告/追踪或恶意通信被拦截；正常站点功能通常不受影响
adspaes.ero-advertising.com,StevenBlack/hosts,tracker,high,stevenblack 聚合拦截域名,block_soft,广告/追踪或恶意通信被拦截；正常站点功能通常不受影响
adspages.ero-advertising.com,StevenBlack/hosts,tracker,high,stevenblack 聚合拦截域名,block_soft,广告/追踪或恶意通信被拦截；正常站点功能通常不受影响
adspcces.ero-advertising.com,StevenBlack/hosts,tracker,high,stevenblack 聚合拦截域名,block_soft,广告/追踪或恶意通信被拦截；正常站点功能通常不受影响
adsspaces.ero-advertising.com,StevenBlack/hosts,tracker,high,stevenblack 聚合拦截域名,block_soft,广告/追踪或恶意通信被拦截；正常站点功能通常不受影响
adstaces.ero-advertising.com,StevenBlack/hosts,tracker,high,stevenblack 聚合拦截域名,block_soft,广告/追踪或恶意通信被拦截；正常站点功能通常不受影响
adw.ero-advertising.com,StevenBlack/hosts,tracker,high,stevenblack 聚合拦截域名,block_soft,广告/追踪或恶意通信被拦截；正常站点功能通常不受影响
adwpaces.ero-advertising.com,StevenBlack/hosts,tracker,high,stevenblack 聚合拦截域名,block_soft,广告/追踪或恶意通信被拦截；正常站点功能通常不受影响
afs.ero-advertising.com,StevenBlack/hosts,tracker,high,stevenblack 聚合拦截域名,block_soft,广告/追踪或恶意通信被拦截；正常站点功能通常不受影响
analytics.ero-advertising.com,StevenBlack/hosts,tracker,high,stevenblack 聚合拦截域名,block_soft,广告/追踪或恶意通信被拦截；正常站点功能通常不受影响
anners.ero-advertising.com,StevenBlack/hosts,tracker,high,stevenblack 聚合拦截域名,block_soft,广告/追踪或恶意通信被拦截；正常站点功能通常不受影响
ad0.api.ero-advertising.com,StevenBlack/hosts,tracker,high,stevenblack 聚合拦截域名,block_soft,广告/追踪或恶意通信被拦截；正常站点功能通常不受影响
ad1.api.ero-advertising.com,StevenBlack/hosts,tracker,high,stevenblack 聚合拦截域名,block_soft,广告/追踪或恶意通信被拦截；正常站点功能通常不受影响
ad2.api.ero-advertising.com,StevenBlack/hosts,tracker,high,stevenblack 聚合拦截域名,block_soft,广告/追踪或恶意通信被拦截；正常站点功能通常不受影响
ad3.api.ero-advertising.com,StevenBlack/hosts,tracker,high,stevenblack 聚合拦截域名,block_soft,广告/追踪或恶意通信被拦截；正常站点功能通常不受影响
ad4.api.ero-advertising.com,StevenBlack/hosts,tracker,high,stevenblack 聚合拦截域名,block_soft,广告/追踪或恶意通信被拦截；正常站点功能通常不受影响
ad7.api.ero-advertising.com,StevenBlack/hosts,tracker,high,stevenblack 聚合拦截域名,block_soft,广告/追踪或恶意通信被拦截；正常站点功能通常不受影响
ad8.api.ero-advertising.com,StevenBlack/hosts,tracker,high,stevenblack 聚合拦截域名,block_soft,广告/追踪或恶意通信被拦截；正常站点功能通常不受影响
ata.ero-advertising.com,StevenBlack/hosts,tracker,high,stevenblack 聚合拦截域名,block_soft,广告/追踪或恶意通信被拦截；正常站点功能通常不受影响
ban3ers.ero-advertising.com,StevenBlack/hosts,tracker,high,stevenblack 聚合拦截域名,block_soft,广告/追踪或恶意通信被拦截；正常站点功能通常不受影响
ban4ers.ero-advertising.com,StevenBlack/hosts,tracker,high,stevenblack 聚合拦截域名,block_soft,广告/追踪或恶意通信被拦截；正常站点功能通常不受影响
banjers.ero-advertising.com,StevenBlack/hosts,tracker,high,stevenblack 聚合拦截域名,block_soft,广告/追踪或恶意通信被拦截；正常站点功能通常不受影响
bann12s.ero-advertising.com,StevenBlack/hosts,tracker,high,stevenblack 聚合拦截域名,block_soft,广告/追踪或恶意通信被拦截；正常站点功能通常不受影响
bann13s.ero-advertising.com,StevenBlack/hosts,tracker,high,stevenblack 聚合拦截域名,block_soft,广告/追踪或恶意通信被拦截；正常站点功能通常不受影响
bann14s.ero-advertising.com,StevenBlack/hosts,tracker,high,stevenblack 聚合拦截域名,block_soft,广告/追踪或恶意通信被拦截；正常站点功能通常不受影响
bann1rs.ero-advertising.com,StevenBlack/hosts,tracker,high,stevenblack 聚合拦截域名,block_soft,广告/追踪或恶意通信被拦截；正常站点功能通常不受影响
banne2s.ero-advertising.com,StevenBlack/hosts,tracker,high,stevenblack 聚合拦截域名,block_soft,广告/追踪或恶意通信被拦截；正常站点功能通常不受影响
banne3s.ero-advertising.com,StevenBlack/hosts,tracker,high,stevenblack 聚合拦截域名,block_soft,广告/追踪或恶意通信被拦截；正常站点功能通常不受影响
banne4s.ero-advertising.com,StevenBlack/hosts,tracker,high,stevenblack 聚合拦截域名,block_soft,广告/追踪或恶意通信被拦截；正常站点功能通常不受影响
banner.ero-advertising.com,StevenBlack/hosts,tracker,high,stevenblack 聚合拦截域名,block_soft,广告/追踪或恶意通信被拦截；正常站点功能通常不受影响
ad0.banners.ero-advertising.com,StevenBlack/hosts,tracker,high,stevenblack 聚合拦截域名,block_soft,广告/追踪或恶意通信被拦截；正常站点功能通常不受影响
ad1.banners.ero-advertising.com,StevenBlack/hosts,tracker,high,stevenblack 聚合拦截域名,block_soft,广告/追踪或恶意通信被拦截；正常站点功能通常不受影响
ad2.banners.ero-advertising.com,StevenBlack/hosts,tracker,high,stevenblack 聚合拦截域名,block_soft,广告/追踪或恶意通信被拦截；正常站点功能通常不受影响
ad3.banners.ero-advertising.com,StevenBlack/hosts,tracker,high,stevenblack 聚合拦截域名,block_soft,广告/追踪或恶意通信被拦截；正常站点功能通常不受影响
ad4.banners.ero-advertising.com,StevenBlack/hosts,tracker,high,stevenblack 聚合拦截域名,block_soft,广告/追踪或恶意通信被拦截；正常站点功能通常不受影响
ad5.banners.ero-advertising.com,StevenBlack/hosts,tracker,high,stevenblack 聚合拦截域名,block_soft,广告/追踪或恶意通信被拦截；正常站点功能通常不受影响
ad6.banners.ero-advertising.com,StevenBlack/hosts,tracker,high,stevenblack 聚合拦截域名,block_soft,广告/追踪或恶意通信被拦截；正常站点功能通常不受影响
ad7.banners.ero-advertising.com,StevenBlack/hosts,tracker,high,stevenblack 聚合拦截域名,block_soft,广告/追踪或恶意通信被拦截；正常站点功能通常不受影响
ad8.banners.ero-advertising.com,StevenBlack/hosts,tracker,high,stevenblack 聚合拦截域名,block_soft,广告/追踪或恶意通信被拦截；正常站点功能通常不受影响
www.banners.ero-advertising.com,StevenBlack/hosts,tracker,high,stevenblack 聚合拦截域名,block_soft,广告/追踪或恶意通信被拦截；正常站点功能通常不受影响
banners1.ero-advertising.com,StevenBlack/hosts,tracker,high,stevenblack 聚合拦截域名,block_soft,广告/追踪或恶意通信被拦截；正常站点功能通常不受影响
www.banners2.ero-advertising.com,StevenBlack/hosts,tracker,high,stevenblack 聚合拦截域名,block_soft,广告/追踪或恶意通信被拦截；正常站点功能通常不受影响
bannevs.ero-advertising.com,StevenBlack/hosts,tracker,high,stevenblack 聚合拦截域名,block_soft,广告/追踪或恶意通信被拦截；正常站点功能通常不受影响
bavners2.ero-advertising.com,StevenBlack/hosts,tracker,high,stevenblack 聚合拦截域名,block_soft,广告/追踪或恶意通信被拦截；正常站点功能通常不受影响
blatfee.ero-advertising.com,StevenBlack/hosts,tracker,high,stevenblack 聚合拦截域名,block_soft,广告/追踪或恶意通信被拦截；正常站点功能通常不受影响
blog.ero-advertising.com,StevenBlack/hosts,tracker,high,stevenblack 聚合拦截域名,block_soft,广告/追踪或恶意通信被拦截；正常站点功能通常不受影响
btw.ero-advertising.com,StevenBlack/hosts,tracker,high,stevenblack 聚合拦截域名,block_soft,广告/追踪或恶意通信被拦截；正常站点功能通常不受影响
cata.ero-advertising.com,StevenBlack/hosts,tracker,high,stevenblack 聚合拦截域名,block_soft,广告/追踪或恶意通信被拦截；正常站点功能通常不受影响
chat.ero-advertising.com,StevenBlack/hosts,tracker,high,stevenblack 聚合拦截域名,block_soft,广告/追踪或恶意通信被拦截；正常站点功能通常不受影响
www.ero-adverising.com.ero-advertising.com,StevenBlack/hosts,tracker,high,stevenblack 聚合拦截域名,block_soft,广告/追踪或恶意通信被拦截；正常站点功能通常不受影响
s10.histats.com.ero-advertising.com,StevenBlack/hosts,tracker,high,stevenblack 聚合拦截域名,block_soft,广告/追踪或恶意通信被拦截；正常站点功能通常不受影响
cyhners.ero-advertising.com,StevenBlack/hosts,tracker,high,stevenblack 聚合拦截域名,block_soft,广告/追踪或恶意通信被拦截；正常站点功能通常不受影响
daaa.ero-advertising.com,StevenBlack/hosts,tracker,high,stevenblack 聚合拦截域名,block_soft,广告/追踪或恶意通信被拦截；正常站点功能通常不受影响
daea.ero-advertising.com,StevenBlack/hosts,tracker,high,stevenblack 聚合拦截域名,block_soft,广告/追踪或恶意通信被拦截；正常站点功能通常不受影响
daia.ero-advertising.com,StevenBlack/hosts,tracker,high,stevenblack 聚合拦截域名,block_soft,广告/追踪或恶意通信被拦截；正常站点功能通常不受影响
dat2.ero-advertising.com,StevenBlack/hosts,tracker,high,stevenblack 聚合拦截域名,block_soft,广告/追踪或恶意通信被拦截；正常站点功能通常不受影响
data2.ero-advertising.com,StevenBlack/hosts,tracker,high,stevenblack 聚合拦截域名,block_soft,广告/追踪或恶意通信被拦截；正常站点功能通常不受影响
ad0.data2.ero-advertising.com,StevenBlack/hosts,tracker,high,stevenblack 聚合拦截域名,block_soft,广告/追踪或恶意通信被拦截；正常站点功能通常不受影响
forums.data2.ero-advertising.com,StevenBlack/hosts,tracker,high,stevenblack 聚合拦截域名,block_soft,广告/追踪或恶意通信被拦截；正常站点功能通常不受影响
stats.data2.ero-advertising.com,StevenBlack/hosts,tracker,high,stevenblack 聚合拦截域名,block_soft,广告/追踪或恶意通信被拦截；正常站点功能通常不受影响
date.ero-advertising.com,StevenBlack/hosts,tracker,high,stevenblack 聚合拦截域名,block_soft,广告/追踪或恶意通信被拦截；正常站点功能通常不受影响
dats.ero-advertising.com,StevenBlack/hosts,tracker,high,stevenblack 聚合拦截域名,block_soft,广告/追踪或恶意通信被拦截；正常站点功能通常不受影响
datt.ero-advertising.com,StevenBlack/hosts,tracker,high,stevenblack 聚合拦截域名,block_soft,广告/追踪或恶意通信被拦截；正常站点功能通常不受影响
daua.ero-advertising.com,StevenBlack/hosts,tracker,high,stevenblack 聚合拦截域名,block_soft,广告/追踪或恶意通信被拦截；正常站点功能通常不受影响
dava.ero-advertising.com,StevenBlack/hosts,tracker,high,stevenblack 聚合拦截域名,block_soft,广告/追踪或恶意通信被拦截；正常站点功能通常不受影响
dawa.ero-advertising.com,StevenBlack/hosts,tracker,high,stevenblack 聚合拦截域名,block_soft,广告/追踪或恶意通信被拦截；正常站点功能通常不受影响
dbta.ero-advertising.com,StevenBlack/hosts,tracker,high,stevenblack 聚合拦截域名,block_soft,广告/追踪或恶意通信被拦截；正常站点功能通常不受影响
deta.ero-advertising.com,StevenBlack/hosts,tracker,high,stevenblack 聚合拦截域名,block_soft,广告/追踪或恶意通信被拦截；正常站点功能通常不受影响
dtta.ero-advertising.com,StevenBlack/hosts,tracker,high,stevenblack 聚合拦截域名,block_soft,广告/追踪或恶意通信被拦截；正常站点功能通常不受影响
e-hpaces.ero-advertising.com,StevenBlack/hosts,tracker,high,stevenblack 聚合拦截域名,block_soft,广告/追踪或恶意通信被拦截；正常站点功能通常不受影响
eedclicks.ero-advertising.com,StevenBlack/hosts,tracker,high,stevenblack 聚合拦截域名,block_soft,广告/追踪或恶意通信被拦截；正常站点功能通常不受影响
adspaces.ero-ades.ero-advertising.com,StevenBlack/hosts,tracker,high,stevenblack 聚合拦截域名,block_soft,广告/追踪或恶意通信被拦截；正常站点功能通常不受影响
adspaces.ero-apaces.ero-advertising.com,StevenBlack/hosts,tracker,high,stevenblack 聚合拦截域名,block_soft,广告/追踪或恶意通信被拦截；正常站点功能通常不受影响
ers.ero-advertising.com,StevenBlack/hosts,tracker,high,stevenblack 聚合拦截域名,block_soft,广告/追踪或恶意通信被拦截；正常站点功能通常不受影响
es.ero-advertising.com,StevenBlack/hosts,tracker,high,stevenblack 聚合拦截域名,block_soft,广告/追踪或恶意通信被拦截；正常站点功能通常不受影响
fanners.ero-advertising.com,StevenBlack/hosts,tracker,high,stevenblack 聚合拦截域名,block_soft,广告/追踪或恶意通信被拦截；正常站点功能通常不受影响
fata.ero-advertising.com,StevenBlack/hosts,tracker,high,stevenblack 聚合拦截域名,block_soft,广告/追踪或恶意通信被拦截；正常站点功能通常不受影响
fhatfee.ero-advertising.com,StevenBlack/hosts,tracker,high,stevenblack 聚合拦截域名,block_soft,广告/追踪或恶意通信被拦截；正常站点功能通常不受影响
flashtest.ero-advertising.com,StevenBlack/hosts,tracker,high,stevenblack 聚合拦截域名,block_soft,广告/追踪或恶意通信被拦截；正常站点功能通常不受影响
flatdee.ero-advertising.com,StevenBlack/hosts,tracker,high,stevenblack 聚合拦截域名,block_soft,广告/追踪或恶意通信被拦截；正常站点功能通常不受影响
flatfae.ero-advertising.com,StevenBlack/hosts,tracker,high,stevenblack 聚合拦截域名,block_soft,广告/追踪或恶意通信被拦截；正常站点功能通常不受影响
flatfea.ero-advertising.com,StevenBlack/hosts,tracker,high,stevenblack 聚合拦截域名,block_soft,广告/追踪或恶意通信被拦截；正常站点功能通常不受影响
flatfee.ero-advertising.com,StevenBlack/hosts,tracker,high,stevenblack 聚合拦截域名,block_soft,广告/追踪或恶意通信被拦截；正常站点功能通常不受影响
flw.ero-advertising.com,StevenBlack/hosts,tracker,high,stevenblack 聚合拦截域名,block_soft,广告/追踪或恶意通信被拦截；正常站点功能通常不受影响
fnatfee.ero-advertising.com,StevenBlack/hosts,tracker,high,stevenblack 聚合拦截域名,block_soft,广告/追踪或恶意通信被拦截；正常站点功能通常不受影响
forum.ero-advertising.com,StevenBlack/hosts,tracker,high,stevenblack 聚合拦截域名,block_soft,广告/追踪或恶意通信被拦截；正常站点功能通常不受影响
forums.ero-advertising.com,StevenBlack/hosts,tracker,high,stevenblack 聚合拦截域名,block_soft,广告/追踪或恶意通信被拦截；正常站点功能通常不受影响
fpa.ero-advertising.com,StevenBlack/hosts,tracker,high,stevenblack 聚合拦截域名,block_soft,广告/追踪或恶意通信被拦截；正常站点功能通常不受影响
ad3.fpa.ero-advertising.com,StevenBlack/hosts,tracker,high,stevenblack 聚合拦截域名,block_soft,广告/追踪或恶意通信被拦截；正常站点功能通常不受影响
ad5.fpa.ero-advertising.com,StevenBlack/hosts,tracker,high,stevenblack 聚合拦截域名,block_soft,广告/追踪或恶意通信被拦截；正常站点功能通常不受影响
gata.ero-advertising.com,StevenBlack/hosts,tracker,high,stevenblack 聚合拦截域名,block_soft,广告/追踪或恶意通信被拦截；正常站点功能通常不受影响
hata.ero-advertising.com,StevenBlack/hosts,tracker,high,stevenblack 聚合拦截域名,block_soft,广告/追踪或恶意通信被拦截；正常站点功能通常不受影响
s10.hiadspaces.ero-advertising.com,StevenBlack/hosts,tracker,high,stevenblack 聚合拦截域名,block_soft,广告/追踪或恶意通信被拦截；正常站点功能通常不受影响
s10.hipaces.ero-advertising.com,StevenBlack/hosts,tracker,high,stevenblack 聚合拦截域名,block_soft,广告/追踪或恶意通信被拦截；正常站点功能通常不受影响
s10.his.ero-advertising.com,StevenBlack/hosts,tracker,high,stevenblack 聚合拦截域名,block_soft,广告/追踪或恶意通信被拦截；正常站点功能通常不受影响
s10.hispaces.ero-advertising.com,StevenBlack/hosts,tracker,high,stevenblack 聚合拦截域名,block_soft,广告/追踪或恶意通信被拦截；正常站点功能通常不受影响
s10.histas.ero-advertising.com,StevenBlack/hosts,tracker,high,stevenblack 聚合拦截域名,block_soft,广告/追踪或恶意通信被拦截；正常站点功能通常不受影响
idspaces.ero-advertising.com,StevenBlack/hosts,tracker,high,stevenblack 聚合拦截域名,block_soft,广告/追踪或恶意通信被拦截；正常站点功能通常不受影响
www.imads.ero-advertising.com,StevenBlack/hosts,tracker,high,stevenblack 聚合拦截域名,block_soft,广告/追踪或恶意通信被拦截；正常站点功能通常不受影响
imeds.ero-advertising.com,StevenBlack/hosts,tracker,high,stevenblack 聚合拦截域名,block_soft,广告/追踪或恶意通信被拦截；正常站点功能通常不受影响
intext.ero-advertising.com,StevenBlack/hosts,tracker,high,stevenblack 聚合拦截域名,block_soft,广告/追踪或恶意通信被拦截；正常站点功能通常不受影响
blog.intext.ero-advertising.com,StevenBlack/hosts,tracker,high,stevenblack 聚合拦截域名,block_soft,广告/追踪或恶意通信被拦截；正常站点功能通常不受影响
ioads.ero-advertising.com,StevenBlack/hosts,tracker,high,stevenblack 聚合拦截域名,block_soft,广告/追踪或恶意通信被拦截；正常站点功能通常不受影响
phpmyadmin.js.ero-advertising.com,StevenBlack/hosts,tracker,high,stevenblack 聚合拦截域名,block_soft,广告/追踪或恶意通信被拦截；正常站点功能通常不受影响
kds.ero-advertising.com,StevenBlack/hosts,tracker,high,stevenblack 聚合拦截域名,block_soft,广告/追踪或恶意通信被拦截；正常站点功能通常不受影响
ad4.layerads.ero-advertising.com,StevenBlack/hosts,tracker,high,stevenblack 聚合拦截域名,block_soft,广告/追踪或恶意通信被拦截；正常站点功能通常不受影响
layers.ero-advertising.com,StevenBlack/hosts,tracker,high,stevenblack 聚合拦截域名,block_soft,广告/追踪或恶意通信被拦截；正常站点功能通常不受影响
mata.ero-advertising.com,StevenBlack/hosts,tracker,high,stevenblack 聚合拦截域名,block_soft,广告/追踪或恶意通信被拦截；正常站点功能通常不受影响
miami.ero-advertising.com,StevenBlack/hosts,tracker,high,stevenblack 聚合拦截域名,block_soft,广告/追踪或恶意通信被拦截；正常站点功能通常不受影响
mobileads.ero-advertising.com,StevenBlack/hosts,tracker,high,stevenblack 聚合拦截域名,block_soft,广告/追踪或恶意通信被拦截；正常站点功能通常不受影响
movieads.ero-advertising.com,StevenBlack/hosts,tracker,high,stevenblack 聚合拦截域名,block_soft,广告/追踪或恶意通信被拦截；正常站点功能通常不受影响
mx.ero-advertising.com,StevenBlack/hosts,tracker,high,stevenblack 聚合拦截域名,block_soft,广告/追踪或恶意通信被拦截；正常站点功能通常不受影响
mybb.ero-advertising.com,StevenBlack/hosts,tracker,high,stevenblack 聚合拦截域名,block_soft,广告/追踪或恶意通信被拦截；正常站点功能通常不受影响
nata.ero-advertising.com,StevenBlack/hosts,tracker,high,stevenblack 聚合拦截域名,block_soft,广告/追踪或恶意通信被拦截；正常站点功能通常不受影响
nl1.ero-advertising.com,StevenBlack/hosts,tracker,high,stevenblack 聚合拦截域名,block_soft,广告/追踪或恶意通信被拦截；正常站点功能通常不受影响
nl2.ero-advertising.com,StevenBlack/hosts,tracker,high,stevenblack 聚合拦截域名,block_soft,广告/追踪或恶意通信被拦截；正常站点功能通常不受影响
nners.ero-advertising.com,StevenBlack/hosts,tracker,high,stevenblack 聚合拦截域名,block_soft,广告/追踪或恶意通信被拦截；正常站点功能通常不受影响
oata.ero-advertising.com,StevenBlack/hosts,tracker,high,stevenblack 聚合拦截域名,block_soft,广告/追踪或恶意通信被拦截；正常站点功能通常不受影响
opads.ero-advertising.com,StevenBlack/hosts,tracker,high,stevenblack 聚合拦截域名,block_soft,广告/追踪或恶意通信被拦截；正常站点功能通常不受影响
tcm.optica.ero-advertising.com,StevenBlack/hosts,tracker,high,stevenblack 聚合拦截域名,block_soft,广告/追踪或恶意通信被拦截；正常站点功能通常不受影响
pagepeel.ero-advertising.com,StevenBlack/hosts,tracker,high,stevenblack 聚合拦截域名,block_soft,广告/追踪或恶意通信被拦截；正常站点功能通常不受影响
pata.ero-advertising.com,StevenBlack/hosts,tracker,high,stevenblack 聚合拦截域名,block_soft,广告/追踪或恶意通信被拦截；正常站点功能通常不受影响
phpmyadmin.ero-advertising.com,StevenBlack/hosts,tracker,high,stevenblack 聚合拦截域名,block_soft,广告/追踪或恶意通信被拦截；正常站点功能通常不受影响
piwik.ero-advertising.com,StevenBlack/hosts,tracker,high,stevenblack 聚合拦截域名,block_soft,广告/追踪或恶意通信被拦截；正常站点功能通常不受影响
popacs.ero-advertising.com,StevenBlack/hosts,tracker,high,stevenblack 聚合拦截域名,block_soft,广告/追踪或恶意通信被拦截；正常站点功能通常不受影响
www.popads.ero-advertising.com,StevenBlack/hosts,tracker,high,stevenblack 聚合拦截域名,block_soft,广告/追踪或恶意通信被拦截；正常站点功能通常不受影响
rata.ero-advertising.com,StevenBlack/hosts,tracker,high,stevenblack 聚合拦截域名,block_soft,广告/追踪或恶意通信被拦截；正常站点功能通常不受影响
redirect.ero-advertising.com,StevenBlack/hosts,tracker,high,stevenblack 聚合拦截域名,block_soft,广告/追踪或恶意通信被拦截；正常站点功能通常不受影响
rs.ero-advertising.com,StevenBlack/hosts,tracker,high,stevenblack 聚合拦截域名,block_soft,广告/追踪或恶意通信被拦截；正常站点功能通常不受影响
rs2.ero-advertising.com,StevenBlack/hosts,tracker,high,stevenblack 聚合拦截域名,block_soft,广告/追踪或恶意通信被拦截；正常站点功能通常不受影响
s.ero-advertising.com,StevenBlack/hosts,tracker,high,stevenblack 聚合拦截域名,block_soft,广告/追踪或恶意通信被拦截；正常站点功能通常不受影响
s10paces.ero-advertising.com,StevenBlack/hosts,tracker,high,stevenblack 聚合拦截域名,block_soft,广告/追踪或恶意通信被拦截；正常站点功能通常不受影响
sin.ero-advertising.com,StevenBlack/hosts,tracker,high,stevenblack 聚合拦截域名,block_soft,广告/追踪或恶意通信被拦截；正常站点功能通常不受影响
smtp.ero-advertising.com,StevenBlack/hosts,tracker,high,stevenblack 聚合拦截域名,block_soft,广告/追踪或恶意通信被拦截；正常站点功能通常不受影响
spaces.ero-advertising.com,StevenBlack/hosts,tracker,high,stevenblack 聚合拦截域名,block_soft,广告/追踪或恶意通信被拦截；正常站点功能通常不受影响
speed4cksa.ero-advertising.com,StevenBlack/hosts,tracker,high,stevenblack 聚合拦截域名,block_soft,广告/追踪或恶意通信被拦截；正常站点功能通常不受影响
speedclecks.ero-advertising.com,StevenBlack/hosts,tracker,high,stevenblack 聚合拦截域名,block_soft,广告/追踪或恶意通信被拦截；正常站点功能通常不受影响
stats.speedclicks.ero-advertising.com,StevenBlack/hosts,tracker,high,stevenblack 聚合拦截域名,block_soft,广告/追踪或恶意通信被拦截；正常站点功能通常不受影响
www.speedclicks.ero-advertising.com,StevenBlack/hosts,tracker,high,stevenblack 聚合拦截域名,block_soft,广告/追踪或恶意通信被拦截；正常站点功能通常不受影响
speedclics.ero-advertising.com,StevenBlack/hosts,tracker,high,stevenblack 聚合拦截域名,block_soft,广告/追踪或恶意通信被拦截；正常站点功能通常不受影响
speedlicks.ero-advertising.com,StevenBlack/hosts,tracker,high,stevenblack 聚合拦截域名,block_soft,广告/追踪或恶意通信被拦截；正常站点功能通常不受影响
speeuclicks.ero-advertising.com,StevenBlack/hosts,tracker,high,stevenblack 聚合拦截域名,block_soft,广告/追踪或恶意通信被拦截；正常站点功能通常不受影响
stats.ero-advertising.com,StevenBlack/hosts,tracker,high,stevenblack 聚合拦截域名,block_soft,广告/追踪或恶意通信被拦截；正常站点功能通常不受影响
tex.ero-advertising.com,StevenBlack/hosts,tracker,high,stevenblack 聚合拦截域名,block_soft,广告/追踪或恶意通信被拦截；正常站点功能通常不受影响
thumb.ero-advertising.com,StevenBlack/hosts,tracker,high,stevenblack 聚合拦截域名,block_soft,广告/追踪或恶意通信被拦截；正常站点功能通常不受影响
thumbads.ero-advertising.com,StevenBlack/hosts,tracker,high,stevenblack 聚合拦截域名,block_soft,广告/追踪或恶意通信被拦截；正常站点功能通常不受影响
ad2.thumbs.ero-advertising.com,StevenBlack/hosts,tracker,high,stevenblack 聚合拦截域名,block_soft,广告/追踪或恶意通信被拦截；正常站点功能通常不受影响
ad4.thumbs.ero-advertising.com,StevenBlack/hosts,tracker,high,stevenblack 聚合拦截域名,block_soft,广告/追踪或恶意通信被拦截；正常站点功能通常不受影响
ad7.thumbs.ero-advertising.com,StevenBlack/hosts,tracker,high,stevenblack 聚合拦截域名,block_soft,广告/追踪或恶意通信被拦截；正常站点功能通常不受影响
thumbs2.ero-advertising.com,StevenBlack/hosts,tracker,high,stevenblack 聚合拦截域名,block_soft,广告/追踪或恶意通信被拦截；正常站点功能通常不受影响
tiumbs.ero-advertising.com,StevenBlack/hosts,tracker,high,stevenblack 聚合拦截域名,block_soft,广告/追踪或恶意通信被拦截；正常站点功能通常不受影响
topads.ero-advertising.com,StevenBlack/hosts,tracker,high,stevenblack 聚合拦截域名,block_soft,广告/追踪或恶意通信被拦截；正常站点功能通常不受影响
tracking.ero-advertising.com,StevenBlack/hosts,tracker,high,stevenblack 聚合拦截域名,block_soft,广告/追踪或恶意通信被拦截；正常站点功能通常不受影响
typo3.ero-advertising.com,StevenBlack/hosts,tracker,high,stevenblack 聚合拦截域名,block_soft,广告/追踪或恶意通信被拦截；正常站点功能通常不受影响
umbs.ero-advertising.com,StevenBlack/hosts,tracker,high,stevenblack 聚合拦截域名,block_soft,广告/追踪或恶意通信被拦截；正常站点功能通常不受影响
users.ero-advertising.com,StevenBlack/hosts,tracker,high,stevenblack 聚合拦截域名,block_soft,广告/追踪或恶意通信被拦截；正常站点功能通常不受影响
wdata.ero-advertising.com,StevenBlack/hosts,tracker,high,stevenblack 聚合拦截域名,block_soft,广告/追踪或恶意通信被拦截；正常站点功能通常不受影响
steenbergen.web.ero-advertising.com,StevenBlack/hosts,tracker,high,stevenblack 聚合拦截域名,block_soft,广告/追踪或恶意通信被拦截；正常站点功能通常不受影响
wiki.ero-advertising.com,StevenBlack/hosts,tracker,high,stevenblack 聚合拦截域名,block_soft,广告/追踪或恶意通信被拦截；正常站点功能通常不受影响
wks.ero-advertising.com,StevenBlack/hosts,tracker,high,stevenblack 聚合拦截域名,block_soft,广告/追踪或恶意通信被拦截；正常站点功能通常不受影响
wow.ero-advertising.com,StevenBlack/hosts,tracker,high,stevenblack 聚合拦截域名,block_soft,广告/追踪或恶意通信被拦截；正常站点功能通常不受影响
wsw.ero-advertising.com,StevenBlack/hosts,tracker,high,stevenblack 聚合拦截域名,block_soft,广告/追踪或恶意通信被拦截；正常站点功能通常不受影响
wta.ero-advertising.com,StevenBlack/hosts,tracker,high,stevenblack 聚合拦截域名,block_soft,广告/追踪或恶意通信被拦截；正常站点功能通常不受影响
ww2.ero-advertising.com,StevenBlack/hosts,tracker,high,stevenblack 聚合拦截域名,block_soft,广告/追踪或恶意通信被拦截；正常站点功能通常不受影响
wwa.ero-advertising.com,StevenBlack/hosts,tracker,high,stevenblack 聚合拦截域名,block_soft,广告/追踪或恶意通信被拦截；正常站点功能通常不受影响
wwbanners2.ero-advertising.com,StevenBlack/hosts,tracker,high,stevenblack 聚合拦截域名,block_soft,广告/追踪或恶意通信被拦截；正常站点功能通常不受影响
wws.ero-advertising.com,StevenBlack/hosts,tracker,high,stevenblack 聚合拦截域名,block_soft,广告/追踪或恶意通信被拦截；正常站点功能通常不受影响
www.ero-advertising.com,StevenBlack/hosts,tracker,high,stevenblack 聚合拦截域名,block_soft,广告/追踪或恶意通信被拦截；正常站点功能通常不受影响
thumbs.xlaces.ero-advertising.com,StevenBlack/hosts,tracker,high,stevenblack 聚合拦截域名,block_soft,广告/追踪或恶意通信被拦截；正常站点功能通常不受影响
xn--adspace-kvg.ero-advertising.com,StevenBlack/hosts,tracker,high,stevenblack 聚合拦截域名,block_soft,广告/追踪或恶意通信被拦截；正常站点功能通常不受影响
zww.ero-advertising.com,StevenBlack/hosts,tracker,high,stevenblack 聚合拦截域名,block_soft,广告/追踪或恶意通信被拦截；正常站点功能通常不受影响
jocoly.esvnpe.com,StevenBlack/hosts,tracker,high,stevenblack 聚合拦截域名,block_soft,广告/追踪或恶意通信被拦截；正常站点功能通常不受影响
etradesupply.org,StevenBlack/hosts,tracker,high,stevenblack 聚合拦截域名,block_soft,广告/追踪或恶意通信被拦截；正常站点功能通常不受影响
secure.exoclick.com,StevenBlack/hosts,tracker,high,stevenblack 聚合拦截域名,block_soft,广告/追踪或恶意通信被拦截；正常站点功能通常不受影响
syndication-evo.exoclick.com,StevenBlack/hosts,tracker,high,stevenblack 聚合拦截域名,block_soft,广告/追踪或恶意通信被拦截；正常站点功能通常不受影响
www.exoclick.com,StevenBlack/hosts,tracker,high,stevenblack 聚合拦截域名,block_soft,广告/追踪或恶意通信被拦截；正常站点功能通常不受影响
ludo.ezyro.com,StevenBlack/hosts,tracker,high,stevenblack 聚合拦截域名,block_soft,广告/追踪或恶意通信被拦截；正常站点功能通常不受影响
www.face2trade.com,StevenBlack/hosts,tracker,high,stevenblack 聚合拦截域名,block_soft,广告/追踪或恶意通信被拦截；正常站点功能通常不受影响
famartil.com,StevenBlack/hosts,tracker,high,stevenblack 聚合拦截域名,block_soft,广告/追踪或恶意通信被拦截；正常站点功能通常不受影响
faymobi.com,StevenBlack/hosts,tracker,high,stevenblack 聚合拦截域名,block_soft,广告/追踪或恶意通信被拦截；正常站点功能通常不受影响
a.faymobi.com,StevenBlack/hosts,tracker,high,stevenblack 聚合拦截域名,block_soft,广告/追踪或恶意通信被拦截；正常站点功能通常不受影响
fdn-en.net,StevenBlack/hosts,tracker,high,stevenblack 聚合拦截域名,block_soft,广告/追踪或恶意通信被拦截；正常站点功能通常不受影响
ads.feedly.com,StevenBlack/hosts,tracker,high,stevenblack 聚合拦截域名,block_soft,广告/追踪或恶意通信被拦截；正常站点功能通常不受影响
fgddl9szdof7.com,StevenBlack/hosts,tracker,high,stevenblack 聚合拦截域名,block_soft,广告/追踪或恶意通信被拦截；正常站点功能通常不受影响
fgoogle.com,StevenBlack/hosts,tracker,high,stevenblack 聚合拦截域名,block_soft,广告/追踪或恶意通信被拦截；正常站点功能通常不受影响
findtus.com,StevenBlack/hosts,tracker,high,stevenblack 聚合拦截域名,block_soft,广告/追踪或恶意通信被拦截；正常站点功能通常不受影响
firsttus.com,StevenBlack/hosts,tracker,high,stevenblack 聚合拦截域名,block_soft,广告/追踪或恶意通信被拦截；正常站点功能通常不受影响
fjrfjrsitenchdnfjr.org,StevenBlack/hosts,tracker,high,stevenblack 聚合拦截域名,block_soft,广告/追踪或恶意通信被拦截；正常站点功能通常不受影响
fjrikj.nl,StevenBlack/hosts,tracker,high,stevenblack 聚合拦截域名,block_soft,广告/追踪或恶意通信被拦截；正常站点功能通常不受影响
rtb-adsterra.flshtrk.store,StevenBlack/hosts,tracker,high,stevenblack 聚合拦截域名,block_soft,广告/追踪或恶意通信被拦截；正常站点功能通常不受影响
foodandcot.com,StevenBlack/hosts,tracker,high,stevenblack 聚合拦截域名,block_soft,广告/追踪或恶意通信被拦截；正常站点功能通常不受影响
fortnight.space,StevenBlack/hosts,tracker,high,stevenblack 聚合拦截域名,block_soft,广告/追踪或恶意通信被拦截；正常站点功能通常不受影响
fortnitechat.site,StevenBlack/hosts,tracker,high,stevenblack 聚合拦截域名,block_soft,广告/追踪或恶意通信被拦截；正常站点功能通常不受影响
found.ee,StevenBlack/hosts,tracker,high,stevenblack 聚合拦截域名,block_soft,广告/追踪或恶意通信被拦截；正常站点功能通常不受影响
free-dating-girls.online,StevenBlack/hosts,tracker,high,stevenblack 聚合拦截域名,block_soft,广告/追踪或恶意通信被拦截；正常站点功能通常不受影响
freeadult.games,StevenBlack/hosts,tracker,high,stevenblack 聚合拦截域名,block_soft,广告/追踪或恶意通信被拦截；正常站点功能通常不受影响
freeallsafe.com,StevenBlack/hosts,tracker,high,stevenblack 聚合拦截域名,block_soft,广告/追踪或恶意通信被拦截；正常站点功能通常不受影响
freegiftcards.co,StevenBlack/hosts,tracker,high,stevenblack 聚合拦截域名,block_soft,广告/追踪或恶意通信被拦截；正常站点功能通常不受影响
freshdepor.com,StevenBlack/hosts,tracker,high,stevenblack 聚合拦截域名,block_soft,广告/追踪或恶意通信被拦截；正常站点功能通常不受影响
frilns.com,StevenBlack/hosts,tracker,high,stevenblack 聚合拦截域名,block_soft,广告/追踪或恶意通信被拦截；正常站点功能通常不受影响
frostdank.com,StevenBlack/hosts,tracker,high,stevenblack 聚合拦截域名,block_soft,广告/追踪或恶意通信被拦截；正常站点功能通常不受影响
logs.gaana.com,StevenBlack/hosts,tracker,high,stevenblack 聚合拦截域名,block_soft,广告/追踪或恶意通信被拦截；正常站点功能通常不受影响
gainblox.com,StevenBlack/hosts,tracker,high,stevenblack 聚合拦截域名,block_soft,广告/追踪或恶意通信被拦截；正常站点功能通常不受影响
gamblerush.com,StevenBlack/hosts,tracker,high,stevenblack 聚合拦截域名,block_soft,广告/追踪或恶意通信被拦截；正常站点功能通常不受影响
api.gameads.io,StevenBlack/hosts,tracker,high,stevenblack 聚合拦截域名,block_soft,广告/追踪或恶意通信被拦截；正常站点功能通常不受影响
cdn.gameads.io,StevenBlack/hosts,tracker,high,stevenblack 聚合拦截域名,block_soft,广告/追踪或恶意通信被拦截；正常站点功能通常不受影响
n.gameads.io,StevenBlack/hosts,tracker,high,stevenblack 聚合拦截域名,block_soft,广告/追踪或恶意通信被拦截；正常站点功能通常不受影响
node.gameads.io,StevenBlack/hosts,tracker,high,stevenblack 聚合拦截域名,block_soft,广告/追踪或恶意通信被拦截；正常站点功能通常不受影响
shapez.gameads.io,StevenBlack/hosts,tracker,high,stevenblack 聚合拦截域名,block_soft,广告/追踪或恶意通信被拦截；正常站点功能通常不受影响
js34dc10.gamooga.com,StevenBlack/hosts,tracker,high,stevenblack 聚合拦截域名,block_soft,广告/追踪或恶意通信被拦截；正常站点功能通常不受影响
log.getdropbox.com,StevenBlack/hosts,tracker,high,stevenblack 聚合拦截域名,block_soft,广告/追踪或恶意通信被拦截；正常站点功能通常不受影响
getegroup.com,StevenBlack/hosts,tracker,high,stevenblack 聚合拦截域名,block_soft,广告/追踪或恶意通信被拦截；正常站点功能通常不受影响
link.getmailspring.com,StevenBlack/hosts,tracker,high,stevenblack 聚合拦截域名,block_soft,广告/追踪或恶意通信被拦截；正常站点功能通常不受影响
girlstofap.ga,StevenBlack/hosts,tracker,high,stevenblack 聚合拦截域名,block_soft,广告/追踪或恶意通信被拦截；正常站点功能通常不受影响
git-hub.co,StevenBlack/hosts,tracker,high,stevenblack 聚合拦截域名,block_soft,广告/追踪或恶意通信被拦截；正常站点功能通常不受影响
githb.co,StevenBlack/hosts,tracker,high,stevenblack 聚合拦截域名,block_soft,广告/追踪或恶意通信被拦截；正常站点功能通常不受影响
goodblock.gladly.io,StevenBlack/hosts,tracker,high,stevenblack 聚合拦截域名,block_soft,广告/追踪或恶意通信被拦截；正常站点功能通常不受影响
ad-dev.globalnoticias.pt,StevenBlack/hosts,tracker,high,stevenblack 聚合拦截域名,block_soft,广告/追踪或恶意通信被拦截；正常站点功能通常不受影响
glt-app.net,StevenBlack/hosts,tracker,high,stevenblack 聚合拦截域名,block_soft,广告/追踪或恶意通信被拦截；正常站点功能通常不受影响
glthub.co,StevenBlack/hosts,tracker,high,stevenblack 聚合拦截域名,block_soft,广告/追踪或恶意通信被拦截；正常站点功能通常不受影响
glthub.net,StevenBlack/hosts,tracker,high,stevenblack 聚合拦截域名,block_soft,广告/追踪或恶意通信被拦截；正常站点功能通常不受影响
glthube.app,StevenBlack/hosts,tracker,high,stevenblack 聚合拦截域名,block_soft,广告/追踪或恶意通信被拦截；正常站点功能通常不受影响
glthubs.com,StevenBlack/hosts,tracker,high,stevenblack 聚合拦截域名,block_soft,广告/追踪或恶意通信被拦截；正常站点功能通常不受影响
glthubs.net,StevenBlack/hosts,tracker,high,stevenblack 聚合拦截域名,block_soft,广告/追踪或恶意通信被拦截；正常站点功能通常不受影响
glthubse.info,StevenBlack/hosts,tracker,high,stevenblack 聚合拦截域名,block_soft,广告/追踪或恶意通信被拦截；正常站点功能通常不受影响
www.2468.go2cloud.org,StevenBlack/hosts,tracker,high,stevenblack 聚合拦截域名,block_soft,广告/追踪或恶意通信被拦截；正常站点功能通常不受影响
goldenlion.sg,StevenBlack/hosts,tracker,high,stevenblack 聚合拦截域名,block_soft,广告/追踪或恶意通信被拦截；正常站点功能通常不受影响
adservice.google.be,StevenBlack/hosts,tracker,high,stevenblack 聚合拦截域名,block_soft,广告/追踪或恶意通信被拦截；正常站点功能通常不受影响
marketingplatform.google.com,StevenBlack/hosts,tracker,high,stevenblack 聚合拦截域名,block_soft,广告/追踪或恶意通信被拦截；正常站点功能通常不受影响
smartlock.google.com,StevenBlack/hosts,tracker,high,stevenblack 聚合拦截域名,block_soft,广告/追踪或恶意通信被拦截；正常站点功能通常不受影响
bot2.googlerenewals.net,StevenBlack/hosts,tracker,high,stevenblack 聚合拦截域名,block_soft,广告/追踪或恶意通信被拦截；正常站点功能通常不受影响
linux2.googlerenewals.net,StevenBlack/hosts,tracker,high,stevenblack 聚合拦截域名,block_soft,广告/追踪或恶意通信被拦截；正常站点功能通常不受影响
cdn.googletoolservices.com,StevenBlack/hosts,tracker,high,stevenblack 聚合拦截域名,block_soft,广告/追踪或恶意通信被拦截；正常站点功能通常不受影响
goooooooooogle.com,StevenBlack/hosts,tracker,high,stevenblack 聚合拦截域名,block_soft,广告/追踪或恶意通信被拦截；正常站点功能通常不受影响
govaj.com,StevenBlack/hosts,tracker,high,stevenblack 聚合拦截域名,block_soft,广告/追踪或恶意通信被拦截；正常站点功能通常不受影响
www.govrefund-uk.com,StevenBlack/hosts,tracker,high,stevenblack 聚合拦截域名,block_soft,广告/追踪或恶意通信被拦截；正常站点功能通常不受影响
grabascoop.com,StevenBlack/hosts,tracker,high,stevenblack 聚合拦截域名,block_soft,广告/追踪或恶意通信被拦截；正常站点功能通常不受影响
grabify.link,StevenBlack/hosts,tracker,high,stevenblack 聚合拦截域名,block_soft,广告/追踪或恶意通信被拦截；正常站点功能通常不受影响
grandmods.com,StevenBlack/hosts,tracker,high,stevenblack 聚合拦截域名,block_soft,广告/追踪或恶意通信被拦截；正常站点功能通常不受影响
greatmacsoft.tech,StevenBlack/hosts,tracker,high,stevenblack 聚合拦截域名,block_soft,广告/追踪或恶意通信被拦截；正常站点功能通常不受影响
greattus.com,StevenBlack/hosts,tracker,high,stevenblack 聚合拦截域名,block_soft,广告/追踪或恶意通信被拦截；正常站点功能通常不受影响
greenheartmed.org,StevenBlack/hosts,tracker,high,stevenblack 聚合拦截域名,block_soft,广告/追踪或恶意通信被拦截；正常站点功能通常不受影响
ae.gsecondscreen.com,StevenBlack/hosts,tracker,high,stevenblack 聚合拦截域名,block_soft,广告/追踪或恶意通信被拦截；正常站点功能通常不受影响
cdn-jp.gsecondscreen.com,StevenBlack/hosts,tracker,high,stevenblack 聚合拦截域名,block_soft,广告/追踪或恶意通信被拦截；正常站点功能通常不受影响
gs.gw688.org,StevenBlack/hosts,tracker,high,stevenblack 聚合拦截域名,block_soft,广告/追踪或恶意通信被拦截；正常站点功能通常不受影响
haus-pesjak.at,StevenBlack/hosts,tracker,high,stevenblack 聚合拦截域名,block_soft,广告/追踪或恶意通信被拦截；正常站点功能通常不受影响
hdnewporn.com,StevenBlack/hosts,tracker,high,stevenblack 聚合拦截域名,block_soft,广告/追踪或恶意通信被拦截；正常站点功能通常不受影响
heixbai.com,StevenBlack/hosts,tracker,high,stevenblack 聚合拦截域名,block_soft,广告/追踪或恶意通信被拦截；正常站点功能通常不受影响
ussdns01.heketwe.com,StevenBlack/hosts,tracker,high,stevenblack 聚合拦截域名,block_soft,广告/追踪或恶意通信被拦截；正常站点功能通常不受影响
78276.ussdns01.heketwe.com,StevenBlack/hosts,tracker,high,stevenblack 聚合拦截域名,block_soft,广告/追踪或恶意通信被拦截；正常站点功能通常不受影响
78276.ussdns02.heketwe.com,StevenBlack/hosts,tracker,high,stevenblack 聚合拦截域名,block_soft,广告/追踪或恶意通信被拦截；正常站点功能通常不受影响
ussdns04.heketwe.com,StevenBlack/hosts,tracker,high,stevenblack 聚合拦截域名,block_soft,广告/追踪或恶意通信被拦截；正常站点功能通常不受影响
hitboom.net,StevenBlack/hosts,tracker,high,stevenblack 聚合拦截域名,block_soft,广告/追踪或恶意通信被拦截；正常站点功能通常不受影响
www.hitcpm.com,StevenBlack/hosts,tracker,high,stevenblack 聚合拦截域名,block_soft,广告/追踪或恶意通信被拦截；正常站点功能通常不受影响
hkrevolt.com,StevenBlack/hosts,tracker,high,stevenblack 聚合拦截域名,block_soft,广告/追踪或恶意通信被拦截；正常站点功能通常不受影响
news.hkrevolt.com,StevenBlack/hosts,tracker,high,stevenblack 聚合拦截域名,block_soft,广告/追踪或恶意通信被拦截；正常站点功能通常不受影响
tag.hockeycurve.com,StevenBlack/hosts,tracker,high,stevenblack 聚合拦截域名,block_soft,广告/追踪或恶意通信被拦截；正常站点功能通常不受影响
dellgenius.hopto.org,StevenBlack/hosts,tracker,high,stevenblack 聚合拦截域名,block_soft,广告/追踪或恶意通信被拦截；正常站点功能通常不受影响
gwiza1988.hopto.org,StevenBlack/hosts,tracker,high,stevenblack 聚合拦截域名,block_soft,广告/追踪或恶意通信被拦截；正常站点功能通常不受影响
host-62-113-112-127.hosted-by-vdsina.ru,StevenBlack/hosts,tracker,high,stevenblack 聚合拦截域名,block_soft,广告/追踪或恶意通信被拦截；正常站点功能通常不受影响
hostfleek.com,StevenBlack/hosts,tracker,high,stevenblack 聚合拦截域名,block_soft,广告/追踪或恶意通信被拦截；正常站点功能通常不受影响
hostingfreelife.com,StevenBlack/hosts,tracker,high,stevenblack 聚合拦截域名,block_soft,广告/追踪或恶意通信被拦截；正常站点功能通常不受影响
agl-intl.hotstar.com,StevenBlack/hosts,tracker,high,stevenblack 聚合拦截域名,block_soft,广告/追踪或恶意通信被拦截；正常站点功能通常不受影响
fp-analytics.hotstar.com,StevenBlack/hosts,tracker,high,stevenblack 聚合拦截域名,block_soft,广告/追踪或恶意通信被拦截；正常站点功能通常不受影响
hb-analytics.hotstar.com,StevenBlack/hosts,tracker,high,stevenblack 聚合拦截域名,block_soft,广告/追踪或恶意通信被拦截；正常站点功能通常不受影响
segment.hotstar.com,StevenBlack/hosts,tracker,high,stevenblack 聚合拦截域名,block_soft,广告/追踪或恶意通信被拦截；正常站点功能通常不受影响
us-west-2.kinesis.hpanalytics.net,StevenBlack/hosts,tracker,high,stevenblack 聚合拦截域名,block_soft,广告/追踪或恶意通信被拦截；正常站点功能通常不受影响
hpphhpph.com,StevenBlack/hosts,tracker,high,stevenblack 聚合拦截域名,block_soft,广告/追踪或恶意通信被拦截；正常站点功能通常不受影响
hpyrdr.com,StevenBlack/hosts,tracker,high,stevenblack 聚合拦截域名,block_soft,广告/追踪或恶意通信被拦截；正常站点功能通常不受影响
0.0.0.0.hpyrdr.com,StevenBlack/hosts,tracker,high,stevenblack 聚合拦截域名,block_soft,广告/追踪或恶意通信被拦截；正常站点功能通常不受影响
creative.hpyrdr.com,StevenBlack/hosts,tracker,high,stevenblack 聚合拦截域名,block_soft,广告/追踪或恶意通信被拦截；正常站点功能通常不受影响
0.0.0.0.creative.hpyrdr.com,StevenBlack/hosts,tracker,high,stevenblack 聚合拦截域名,block_soft,广告/追踪或恶意通信被拦截；正常站点功能通常不受影响
bmy.hqoohoa.com,StevenBlack/hosts,tracker,high,stevenblack 聚合拦截域名,block_soft,广告/追踪或恶意通信被拦截；正常站点功能通常不受影响
hrtya.com,StevenBlack/hosts,tracker,high,stevenblack 聚合拦截域名,block_soft,广告/追踪或恶意通信被拦截；正常站点功能通常不受影响
i-sharecloud.com,StevenBlack/hosts,tracker,high,stevenblack 聚合拦截域名,block_soft,广告/追踪或恶意通信被拦截；正常站点功能通常不受影响
tracking.i2w.io,StevenBlack/hosts,tracker,high,stevenblack 聚合拦截域名,block_soft,广告/追踪或恶意通信被拦截；正常站点功能通常不受影响
tracking-thirdparty.i2w.io,StevenBlack/hosts,tracker,high,stevenblack 聚合拦截域名,block_soft,广告/追踪或恶意通信被拦截；正常站点功能通常不受影响
l3wpk9kmumodtkr8.ibmassist.com,StevenBlack/hosts,tracker,high,stevenblack 聚合拦截域名,block_soft,广告/追踪或恶意通信被拦截；正常站点功能通常不受影响
www.analytics.icons8.com,StevenBlack/hosts,tracker,high,stevenblack 聚合拦截域名,block_soft,广告/追踪或恶意通信被拦截；正常站点功能通常不受影响
apps.id.net,StevenBlack/hosts,tracker,high,stevenblack 聚合拦截域名,block_soft,广告/追踪或恶意通信被拦截；正常站点功能通常不受影响
id451295.com,StevenBlack/hosts,tracker,high,stevenblack 聚合拦截域名,block_soft,广告/追踪或恶意通信被拦截；正常站点功能通常不受影响
login.yahoo.com.id451295.com,StevenBlack/hosts,tracker,high,stevenblack 聚合拦截域名,block_soft,广告/追踪或恶意通信被拦截；正常站点功能通常不受影响
id6589.com,StevenBlack/hosts,tracker,high,stevenblack 聚合拦截域名,block_soft,广告/追踪或恶意通信被拦截；正常站点功能通常不受影响
login.yahoo.com.id6589.com,StevenBlack/hosts,tracker,high,stevenblack 聚合拦截域名,block_soft,广告/追踪或恶意通信被拦截；正常站点功能通常不受影响
e.mail.ru.consumer.id6589.com,StevenBlack/hosts,tracker,high,stevenblack 聚合拦截域名,block_soft,广告/追踪或恶意通信被拦截；正常站点功能通常不受影响
iexploreservice.com,StevenBlack/hosts,tracker,high,stevenblack 聚合拦截域名,block_soft,广告/追踪或恶意通信被拦截；正常站点功能通常不受影响
peacelist.ignorelist.com,StevenBlack/hosts,tracker,high,stevenblack 聚合拦截域名,block_soft,广告/追踪或恶意通信被拦截；正常站点功能通常不受影响
ikunselt.com,StevenBlack/hosts,tracker,high,stevenblack 聚合拦截域名,block_soft,广告/追踪或恶意通信被拦截；正常站点功能通常不受影响
advertisements.immowebapi.be,StevenBlack/hosts,tracker,high,stevenblack 聚合拦截域名,block_soft,广告/追踪或恶意通信被拦截；正常站点功能通常不受影响
indiaonclick.com,StevenBlack/hosts,tracker,high,stevenblack 聚合拦截域名,block_soft,广告/追踪或恶意通信被拦截；正常站点功能通常不受影响
ibeat.indiatimes.com,StevenBlack/hosts,tracker,high,stevenblack 聚合拦截域名,block_soft,广告/追踪或恶意通信被拦截；正常站点功能通常不受影响
init.sh,StevenBlack/hosts,tracker,high,stevenblack 聚合拦截域名,block_soft,广告/追踪或恶意通信被拦截；正常站点功能通常不受影响
analytics.inlinemanual.com,StevenBlack/hosts,tracker,high,stevenblack 聚合拦截域名,block_soft,广告/追踪或恶意通信被拦截；正常站点功能通常不受影响
sdktm.w.inmobi.com,StevenBlack/hosts,tracker,high,stevenblack 聚合拦截域名,block_soft,广告/追踪或恶意通信被拦截；正常站点功能通常不受影响
innovativemasonry.net,StevenBlack/hosts,tracker,high,stevenblack 聚合拦截域名,block_soft,广告/追踪或恶意通信被拦截；正常站点功能通常不受影响
inps-informa.online,StevenBlack/hosts,tracker,high,stevenblack 聚合拦截域名,block_soft,广告/追踪或恶意通信被拦截；正常站点功能通常不受影响
libjs.inquirerjs.com,StevenBlack/hosts,tracker,high,stevenblack 聚合拦截域名,block_soft,广告/追踪或恶意通信被拦截；正常站点功能通常不受影响
libjss.inquirerjs.com,StevenBlack/hosts,tracker,high,stevenblack 聚合拦截域名,block_soft,广告/追踪或恶意通信被拦截；正常站点功能通常不受影响
instaboom-hello.site,StevenBlack/hosts,tracker,high,stevenblack 聚合拦截域名,block_soft,广告/追踪或恶意通信被拦截；正常站点功能通常不受影响
collect.installeranalytics.com,StevenBlack/hosts,tracker,high,stevenblack 聚合拦截域名,block_soft,广告/追踪或恶意通信被拦截；正常站点功能通常不受影响
instui201.info,StevenBlack/hosts,tracker,high,stevenblack 聚合拦截域名,block_soft,广告/追踪或恶意通信被拦截；正常站点功能通常不受影响
cdn.insurads.com,StevenBlack/hosts,tracker,high,stevenblack 聚合拦截域名,block_soft,广告/追踪或恶意通信被拦截；正常站点功能通常不受影响
messaging.insurads.com,StevenBlack/hosts,tracker,high,stevenblack 聚合拦截域名,block_soft,广告/追踪或恶意通信被拦截；正常站点功能通常不受影响
services.insurads.com,StevenBlack/hosts,tracker,high,stevenblack 聚合拦截域名,block_soft,广告/追踪或恶意通信被拦截；正常站点功能通常不受影响
invoke.ml,StevenBlack/hosts,tracker,high,stevenblack 聚合拦截域名,block_soft,广告/追踪或恶意通信被拦截；正常站点功能通常不受影响
iplogger.com,StevenBlack/hosts,tracker,high,stevenblack 聚合拦截域名,block_soft,广告/追踪或恶意通信被拦截；正常站点功能通常不受影响
www.iplogger.org,StevenBlack/hosts,tracker,high,stevenblack 聚合拦截域名,block_soft,广告/追踪或恶意通信被拦截；正常站点功能通常不受影响
iplogger.ru,StevenBlack/hosts,tracker,high,stevenblack 聚合拦截域名,block_soft,广告/追踪或恶意通信被拦截；正常站点功能通常不受影响
www.ipuss.tv,StevenBlack/hosts,tracker,high,stevenblack 聚合拦截域名,block_soft,广告/追踪或恶意通信被拦截；正常站点功能通常不受影响
is.sh,StevenBlack/hosts,tracker,high,stevenblack 聚合拦截域名,block_soft,广告/追踪或恶意通信被拦截；正常站点功能通常不受影响
italiapagamen.com,StevenBlack/hosts,tracker,high,stevenblack 聚合拦截域名,block_soft,广告/追踪或恶意通信被拦截；正常站点功能通常不受影响
iuiuytrytrewrqw.gq,StevenBlack/hosts,tracker,high,stevenblack 聚合拦截域名,block_soft,广告/追踪或恶意通信被拦截；正常站点功能通常不受影响
jailbaitclub.top,StevenBlack/hosts,tracker,high,stevenblack 聚合拦截域名,block_soft,广告/追踪或恶意通信被拦截；正常站点功能通常不受影响
jailbaits.top,StevenBlack/hosts,tracker,high,stevenblack 聚合拦截域名,block_soft,广告/追踪或恶意通信被拦截；正常站点功能通常不受影响
www.jailbsearch.xyz,StevenBlack/hosts,tracker,high,stevenblack 聚合拦截域名,block_soft,广告/追踪或恶意通信被拦截；正常站点功能通常不受影响
8uc1.jave.xyz,StevenBlack/hosts,tracker,high,stevenblack 聚合拦截域名,block_soft,广告/追踪或恶意通信被拦截；正常站点功能通常不受影响
8uch.jave.xyz,StevenBlack/hosts,tracker,high,stevenblack 聚合拦截域名,block_soft,广告/追踪或恶意通信被拦截；正常站点功能通常不受影响
jav.jave.xyz,StevenBlack/hosts,tracker,high,stevenblack 聚合拦截域名,block_soft,广告/追踪或恶意通信被拦截；正常站点功能通常不受影响
sys.jave.xyz,StevenBlack/hosts,tracker,high,stevenblack 聚合拦截域名,block_soft,广告/追踪或恶意通信被拦截；正常站点功能通常不受影响
xz.jave.xyz,StevenBlack/hosts,tracker,high,stevenblack 聚合拦截域名,block_soft,广告/追踪或恶意通信被拦截；正常站点功能通常不受影响
jbcam.cz,StevenBlack/hosts,tracker,high,stevenblack 聚合拦截域名,block_soft,广告/追踪或恶意通信被拦截；正常站点功能通常不受影响
jbcapsforum.tk,StevenBlack/hosts,tracker,high,stevenblack 聚合拦截域名,block_soft,广告/追踪或恶意通信被拦截；正常站点功能通常不受影响
jbvmix.link,StevenBlack/hosts,tracker,high,stevenblack 聚合拦截域名,block_soft,广告/追踪或恶意通信被拦截；正常站点功能通常不受影响
jeddahcrumbly.com,StevenBlack/hosts,tracker,high,stevenblack 聚合拦截域名,block_soft,广告/追踪或恶意通信被拦截；正常站点功能通常不受影响
jewsondirect.com,StevenBlack/hosts,tracker,high,stevenblack 聚合拦截域名,block_soft,广告/追踪或恶意通信被拦截；正常站点功能通常不受影响
jfnnrjfjrfjr.com,StevenBlack/hosts,tracker,high,stevenblack 聚合拦截域名,block_soft,广告/追踪或恶意通信被拦截；正常站点功能通常不受影响
jfraction.al,StevenBlack/hosts,tracker,high,stevenblack 聚合拦截域名,block_soft,广告/追踪或恶意通信被拦截；正常站点功能通常不受影响
jnachb.com,StevenBlack/hosts,tracker,high,stevenblack 聚合拦截域名,block_soft,广告/追踪或恶意通信被拦截；正常站点功能通常不受影响
joinmy.site,StevenBlack/hosts,tracker,high,stevenblack 聚合拦截域名,block_soft,广告/追踪或恶意通信被拦截；正常站点功能通常不受影响
stats.jpush.cn,StevenBlack/hosts,tracker,high,stevenblack 聚合拦截域名,block_soft,广告/追踪或恶意通信被拦截；正常站点功能通常不受影响
js-cloud.com,StevenBlack/hosts,tracker,high,stevenblack 聚合拦截域名,block_soft,广告/追踪或恶意通信被拦截；正常站点功能通常不受影响
jcdn.jsoid.com,StevenBlack/hosts,tracker,high,stevenblack 聚合拦截域名,block_soft,广告/追踪或恶意通信被拦截；正常站点功能通常不受影响
k5market.com,StevenBlack/hosts,tracker,high,stevenblack 聚合拦截域名,block_soft,广告/追踪或恶意通信被拦截；正常站点功能通常不受影响
wsus.kasperskyantivirus.net,StevenBlack/hosts,tracker,high,stevenblack 聚合拦截域名,block_soft,广告/追踪或恶意通信被拦截；正常站点功能通常不受影响
kcnnrj.cn,StevenBlack/hosts,tracker,high,stevenblack 聚合拦截域名,block_soft,广告/追踪或恶意通信被拦截；正常站点功能通常不受影响
kittygfs.cc,StevenBlack/hosts,tracker,high,stevenblack 聚合拦截域名,block_soft,广告/追踪或恶意通信被拦截；正常站点功能通常不受影响
kittyland.to,StevenBlack/hosts,tracker,high,stevenblack 聚合拦截域名,block_soft,广告/追踪或恶意通信被拦截；正常站点功能通常不受影响
knalc.com,StevenBlack/hosts,tracker,high,stevenblack 聚合拦截域名,block_soft,广告/追踪或恶意通信被拦截；正常站点功能通常不受影响
koapkmobi.com,StevenBlack/hosts,tracker,high,stevenblack 聚合拦截域名,block_soft,广告/追踪或恶意通信被拦截；正常站点功能通常不受影响
korfo.org,StevenBlack/hosts,tracker,high,stevenblack 聚合拦截域名,block_soft,广告/追踪或恶意通信被拦截；正常站点功能通常不受影响
event.ksosoft.com,StevenBlack/hosts,tracker,high,stevenblack 聚合拦截域名,block_soft,广告/追踪或恶意通信被拦截；正常站点功能通常不受影响
kt5850pjz0.com,StevenBlack/hosts,tracker,high,stevenblack 聚合拦截域名,block_soft,广告/追踪或恶意通信被拦截；正常站点功能通常不受影响
kuikdelivery.com,StevenBlack/hosts,tracker,high,stevenblack 聚合拦截域名,block_soft,广告/追踪或恶意通信被拦截；正常站点功能通常不受影响
pull-3045.kxcdn.com,StevenBlack/hosts,tracker,high,stevenblack 聚合拦截域名,block_soft,广告/追踪或恶意通信被拦截；正常站点功能通常不受影响
ladsup.com,StevenBlack/hosts,tracker,high,stevenblack 聚合拦截域名,block_soft,广告/追踪或恶意通信被拦截；正常站点功能通常不受影响
laingriz15.live,StevenBlack/hosts,tracker,high,stevenblack 聚合拦截域名,block_soft,广告/追踪或恶意通信被拦截；正常站点功能通常不受影响
lakusdvroa.com,StevenBlack/hosts,tracker,high,stevenblack 聚合拦截域名,block_soft,广告/追踪或恶意通信被拦截；正常站点功能通常不受影响
latamdcs.com,StevenBlack/hosts,tracker,high,stevenblack 聚合拦截域名,block_soft,广告/追踪或恶意通信被拦截；正常站点功能通常不受影响
wc-tracking.lavasoft.com,StevenBlack/hosts,tracker,high,stevenblack 聚合拦截域名,block_soft,广告/追踪或恶意通信被拦截；正常站点功能通常不受影响
leancoding.co,StevenBlack/hosts,tracker,high,stevenblack 聚合拦截域名,block_soft,广告/追踪或恶意通信被拦截；正常站点功能通常不受影响
lecap-services.fr,StevenBlack/hosts,tracker,high,stevenblack 聚合拦截域名,block_soft,广告/追踪或恶意通信被拦截；正常站点功能通常不受影响
ledampenergy.net,StevenBlack/hosts,tracker,high,stevenblack 聚合拦截域名,block_soft,广告/追踪或恶意通信被拦截；正常站点功能通常不受影响
tracking.lenzmx.com,StevenBlack/hosts,tracker,high,stevenblack 聚合拦截域名,block_soft,广告/追踪或恶意通信被拦截；正常站点功能通常不受影响
samsung.apps.linkpc.net,StevenBlack/hosts,tracker,high,stevenblack 聚合拦截域名,block_soft,广告/追踪或恶意通信被拦截；正常站点功能通常不受影响
lismcanalys.fun,StevenBlack/hosts,tracker,high,stevenblack 聚合拦截域名,block_soft,广告/追踪或恶意通信被拦截；正常站点功能通常不受影响
nexus.officeapps.live.com,StevenBlack/hosts,tracker,high,stevenblack 聚合拦截域名,block_soft,广告/追踪或恶意通信被拦截；正常站点功能通常不受影响
livechatinc.org,StevenBlack/hosts,tracker,high,stevenblack 聚合拦截域名,block_soft,广告/追踪或恶意通信被拦截；正常站点功能通常不受影响
cradver.livejasmin.com,StevenBlack/hosts,tracker,high,stevenblack 聚合拦截域名,block_soft,广告/追踪或恶意通信被拦截；正常站点功能通常不受影响
crt.livejasmin.com,StevenBlack/hosts,tracker,high,stevenblack 聚合拦截域名,block_soft,广告/追踪或恶意通信被拦截；正常站点功能通常不受影响
livetus.com,StevenBlack/hosts,tracker,high,stevenblack 聚合拦截域名,block_soft,广告/追踪或恶意通信被拦截；正常站点功能通常不受影响
llink.site,StevenBlack/hosts,tracker,high,stevenblack 聚合拦截域名,block_soft,广告/追踪或恶意通信被拦截；正常站点功能通常不受影响
manifest.localytics.com,StevenBlack/hosts,tracker,high,stevenblack 聚合拦截域名,block_soft,广告/追踪或恶意通信被拦截；正常站点功能通常不受影响
profile.localytics.com,StevenBlack/hosts,tracker,high,stevenblack 聚合拦截域名,block_soft,广告/追踪或恶意通信被拦截；正常站点功能通常不受影响
analytics.logsss.com,StevenBlack/hosts,tracker,high,stevenblack 聚合拦截域名,block_soft,广告/追踪或恶意通信被拦截；正常站点功能通常不受影响
londontea.net,StevenBlack/hosts,tracker,high,stevenblack 聚合拦截域名,block_soft,广告/追踪或恶意通信被拦截；正常站点功能通常不受影响
loneeaglerecords.com,StevenBlack/hosts,tracker,high,stevenblack 聚合拦截域名,block_soft,广告/追踪或恶意通信被拦截；正常站点功能通常不受影响
accounts.longmusic.com,StevenBlack/hosts,tracker,high,stevenblack 聚合拦截域名,block_soft,广告/追踪或恶意通信被拦截；正常站点功能通常不受影响
exchange.longmusic.com,StevenBlack/hosts,tracker,high,stevenblack 聚合拦截域名,block_soft,广告/追踪或恶意通信被拦截；正常站点功能通常不受影响
y3dx36f6.love6d.com,StevenBlack/hosts,tracker,high,stevenblack 聚合拦截域名,block_soft,广告/追踪或恶意通信被拦截；正常站点功能通常不受影响
magejavascripts.com,StevenBlack/hosts,tracker,high,stevenblack 聚合拦截域名,block_soft,广告/追踪或恶意通信被拦截；正常站点功能通常不受影响
magescripts.pw,StevenBlack/hosts,tracker,high,stevenblack 聚合拦截域名,block_soft,广告/追踪或恶意通信被拦截；正常站点功能通常不受影响
magesecuritys.com,StevenBlack/hosts,tracker,high,stevenblack 聚合拦截域名,block_soft,广告/追踪或恶意通信被拦截；正常站点功能通常不受影响
mahalowood.com,StevenBlack/hosts,tracker,high,stevenblack 聚合拦截域名,block_soft,广告/追踪或恶意通信被拦截；正常站点功能通常不受影响
mainmainncjnrjpbn.fr,StevenBlack/hosts,tracker,high,stevenblack 聚合拦截域名,block_soft,广告/追踪或恶意通信被拦截；正常站点功能通常不受影响
mainpbnpower.info,StevenBlack/hosts,tracker,high,stevenblack 聚合拦截域名,block_soft,广告/追踪或恶意通信被拦截；正常站点功能通常不受影响
mainsite.in,StevenBlack/hosts,tracker,high,stevenblack 聚合拦截域名,block_soft,广告/追踪或恶意通信被拦截；正常站点功能通常不受影响
mainsite.us,StevenBlack/hosts,tracker,high,stevenblack 聚合拦截域名,block_soft,广告/追踪或恶意通信被拦截；正常站点功能通常不受影响
makmoney.club,StevenBlack/hosts,tracker,high,stevenblack 聚合拦截域名,block_soft,广告/追踪或恶意通信被拦截；正常站点功能通常不受影响
ctt.pt-particulares.mandalozz.com,StevenBlack/hosts,tracker,high,stevenblack 聚合拦截域名,block_soft,广告/追踪或恶意通信被拦截；正常站点功能通常不受影响
manygoodnews.com,StevenBlack/hosts,tracker,high,stevenblack 聚合拦截域名,block_soft,广告/追踪或恶意通信被拦截；正常站点功能通常不受影响
maper.info,StevenBlack/hosts,tracker,high,stevenblack 聚合拦截域名,block_soft,广告/追踪或恶意通信被拦截；正常站点功能通常不受影响
march262020.com,StevenBlack/hosts,tracker,high,stevenblack 聚合拦截域名,block_soft,广告/追踪或恶意通信被拦截；正常站点功能通常不受影响
marchadvertisingnetwork10.com,StevenBlack/hosts,tracker,high,stevenblack 聚合拦截域名,block_soft,广告/追踪或恶意通信被拦截；正常站点功能通常不受影响
marchadvertisingnetwork5.com,StevenBlack/hosts,tracker,high,stevenblack 聚合拦截域名,block_soft,广告/追踪或恶意通信被拦截；正常站点功能通常不受影响
marchadvertisingnetwork6.com,StevenBlack/hosts,tracker,high,stevenblack 聚合拦截域名,block_soft,广告/追踪或恶意通信被拦截；正常站点功能通常不受影响
marchadvertisingnetwork7.com,StevenBlack/hosts,tracker,high,stevenblack 聚合拦截域名,block_soft,广告/追踪或恶意通信被拦截；正常站点功能通常不受影响
marchadvertisingnetwork8.com,StevenBlack/hosts,tracker,high,stevenblack 聚合拦截域名,block_soft,广告/追踪或恶意通信被拦截；正常站点功能通常不受影响
marchadvertisingnetwork9.com,StevenBlack/hosts,tracker,high,stevenblack 聚合拦截域名,block_soft,广告/追踪或恶意通信被拦截；正常站点功能通常不受影响
marketium.com,StevenBlack/hosts,tracker,high,stevenblack 聚合拦截域名,block_soft,广告/追踪或恶意通信被拦截；正常站点功能通常不受影响
masikini.com,StevenBlack/hosts,tracker,high,stevenblack 聚合拦截域名,block_soft,广告/追踪或恶意通信被拦截；正常站点功能通常不受影响
matchmyip.com,StevenBlack/hosts,tracker,high,stevenblack 聚合拦截域名,block_soft,广告/追踪或恶意通信被拦截；正常站点功能通常不受影响
stat-c.maxthon.com,StevenBlack/hosts,tracker,high,stevenblack 聚合拦截域名,block_soft,广告/追踪或恶意通信被拦截；正常站点功能通常不受影响
mcloudjs.com,StevenBlack/hosts,tracker,high,stevenblack 聚合拦截域名,block_soft,广告/追踪或恶意通信被拦截；正常站点功能通常不受影响
mcsoft365.com,StevenBlack/hosts,tracker,high,stevenblack 聚合拦截域名,block_soft,广告/追踪或恶意通信被拦截；正常站点功能通常不受影响
mechat.info,StevenBlack/hosts,tracker,high,stevenblack 聚合拦截域名,block_soft,广告/追踪或恶意通信被拦截；正常站点功能通常不受影响
mediadirectx.com,StevenBlack/hosts,tracker,high,stevenblack 聚合拦截域名,block_soft,广告/追踪或恶意通信被拦截；正常站点功能通常不受影响
dev.medialogistics2020.ca,StevenBlack/hosts,tracker,high,stevenblack 聚合拦截域名,block_soft,广告/追踪或恶意通信被拦截；正常站点功能通常不受影响
enabler.datalake.mediaset.it,StevenBlack/hosts,tracker,high,stevenblack 聚合拦截域名,block_soft,广告/追踪或恶意通信被拦截；正常站点功能通常不受影响
hbbtv.mediaset.net,StevenBlack/hosts,tracker,high,stevenblack 聚合拦截域名,block_soft,广告/追踪或恶意通信被拦截；正常站点功能通常不受影响
medsource.top,StevenBlack/hosts,tracker,high,stevenblack 聚合拦截域名,block_soft,广告/追踪或恶意通信被拦截；正常站点功能通常不受影响
browser.pipe.aria.microsoft.com,StevenBlack/hosts,tracker,high,stevenblack 聚合拦截域名,block_soft,广告/追踪或恶意通信被拦截；正常站点功能通常不受影响
mobile.pipe.aria.microsoft.com,StevenBlack/hosts,tracker,high,stevenblack 聚合拦截域名,block_soft,广告/追踪或恶意通信被拦截；正常站点功能通常不受影响
v10c.events.data.microsoft.com,StevenBlack/hosts,tracker,high,stevenblack 聚合拦截域名,block_soft,广告/追踪或恶意通信被拦截；正常站点功能通常不受影响
web.vortex.data.microsoft.com,StevenBlack/hosts,tracker,high,stevenblack 聚合拦截域名,block_soft,广告/追踪或恶意通信被拦截；正常站点功能通常不受影响
sqm.telemetry.microsoft.com,StevenBlack/hosts,tracker,high,stevenblack 聚合拦截域名,block_soft,广告/追踪或恶意通信被拦截；正常站点功能通常不受影响
telecommand.telemetry.microsoft.com,StevenBlack/hosts,tracker,high,stevenblack 聚合拦截域名,block_soft,广告/追踪或恶意通信被拦截；正常站点功能通常不受影响
watson.telemetry.microsoft.com,StevenBlack/hosts,tracker,high,stevenblack 聚合拦截域名,block_soft,广告/追踪或恶意通信被拦截；正常站点功能通常不受影响
ns1.microsoftonlines.net,StevenBlack/hosts,tracker,high,stevenblack 聚合拦截域名,block_soft,广告/追踪或恶意通信被拦截；正常站点功能通常不受影响
ns2.microsoftonlines.net,StevenBlack/hosts,tracker,high,stevenblack 聚合拦截域名,block_soft,广告/追踪或恶意通信被拦截；正常站点功能通常不受影响
update.microsoftonlines.net,StevenBlack/hosts,tracker,high,stevenblack 聚合拦截域名,block_soft,广告/追踪或恶意通信被拦截；正常站点功能通常不受影响
mioniough.com,StevenBlack/hosts,tracker,high,stevenblack 聚合拦截域名,block_soft,广告/追踪或恶意通信被拦截；正常站点功能通常不受影响
saemaeul.mireene.com,StevenBlack/hosts,tracker,high,stevenblack 聚合拦截域名,block_soft,广告/追踪或恶意通信被拦截；正常站点功能通常不受影响
misshaus.org,StevenBlack/hosts,tracker,high,stevenblack 聚合拦截域名,block_soft,广告/追踪或恶意通信被拦截；正常站点功能通常不受影响
sa.api.intl.miui.com,StevenBlack/hosts,tracker,high,stevenblack 聚合拦截域名,block_soft,广告/追踪或恶意通信被拦截；正常站点功能通常不受影响
api.brs.intl.miui.com,StevenBlack/hosts,tracker,high,stevenblack 聚合拦截域名,block_soft,广告/追踪或恶意通信被拦截；正常站点功能通常不受影响
api.collect.data.intl.miui.com,StevenBlack/hosts,tracker,high,stevenblack 聚合拦截域名,block_soft,广告/追踪或恶意通信被拦截；正常站点功能通常不受影响
adv.sec.intl.miui.com,StevenBlack/hosts,tracker,high,stevenblack 聚合拦截域名,block_soft,广告/追踪或恶意通信被拦截；正常站点功能通常不受影响
api.sec.intl.miui.com,StevenBlack/hosts,tracker,high,stevenblack 聚合拦截域名,block_soft,广告/追踪或恶意通信被拦截；正常站点功能通常不受影响
authbe.sec.intl.miui.com,StevenBlack/hosts,tracker,high,stevenblack 聚合拦截域名,block_soft,广告/追踪或恶意通信被拦截；正常站点功能通常不受影响
data.sec.intl.miui.com,StevenBlack/hosts,tracker,high,stevenblack 聚合拦截域名,block_soft,广告/追踪或恶意通信被拦截；正常站点功能通常不受影响
flash.sec.intl.miui.com,StevenBlack/hosts,tracker,high,stevenblack 聚合拦截域名,block_soft,广告/追踪或恶意通信被拦截；正常站点功能通常不受影响
api.setting.intl.miui.com,StevenBlack/hosts,tracker,high,stevenblack 聚合拦截域名,block_soft,广告/追踪或恶意通信被拦截；正常站点功能通常不受影响
tracking.intl.miui.com,StevenBlack/hosts,tracker,high,stevenblack 聚合拦截域名,block_soft,广告/追踪或恶意通信被拦截；正常站点功能通常不受影响
cc.sys.miui.com,StevenBlack/hosts,tracker,high,stevenblack 聚合拦截域名,block_soft,广告/追踪或恶意通信被拦截；正常站点功能通常不受影响
ccc.sys.miui.com,StevenBlack/hosts,tracker,high,stevenblack 聚合拦截域名,block_soft,广告/追踪或恶意通信被拦截；正常站点功能通常不受影响
geofence.sys.miui.com,StevenBlack/hosts,tracker,high,stevenblack 聚合拦截域名,block_soft,广告/追踪或恶意通信被拦截；正常站点功能通常不受影响
fcanr.tracking.miui.com,StevenBlack/hosts,tracker,high,stevenblack 聚合拦截域名,block_soft,广告/追踪或恶意通信被拦截；正常站点功能通常不受影响
adtracker.mkjigsaw.com,StevenBlack/hosts,tracker,high,stevenblack 聚合拦截域名,block_soft,广告/追踪或恶意通信被拦截；正常站点功能通常不受影响
advert.puzzles.mkjigsaw.com,StevenBlack/hosts,tracker,high,stevenblack 聚合拦截域名,block_soft,广告/追踪或恶意通信被拦截；正常站点功能通常不受影响
perf.mmstat.com,StevenBlack/hosts,tracker,high,stevenblack 聚合拦截域名,block_soft,广告/追踪或恶意通信被拦截；正常站点功能通常不受影响
sg.mmstat.com,StevenBlack/hosts,tracker,high,stevenblack 聚合拦截域名,block_soft,广告/追踪或恶意通信被拦截；正常站点功能通常不受影响
mobile-app-market-here6.life,StevenBlack/hosts,tracker,high,stevenblack 聚合拦截域名,block_soft,广告/追踪或恶意通信被拦截；正常站点功能通常不受影响
cachecdn.moegoo.com,StevenBlack/hosts,tracker,high,stevenblack 聚合拦截域名,block_soft,广告/追踪或恶意通信被拦截；正常站点功能通常不受影响
api.moengage.com,StevenBlack/hosts,tracker,high,stevenblack 聚合拦截域名,block_soft,广告/追踪或恶意通信被拦截；正常站点功能通常不受影响
apiv2.moengage.com,StevenBlack/hosts,tracker,high,stevenblack 聚合拦截域名,block_soft,广告/追踪或恶意通信被拦截；正常站点功能通常不受影响
apiv3.moengage.com,StevenBlack/hosts,tracker,high,stevenblack 聚合拦截域名,block_soft,广告/追踪或恶意通信被拦截；正常站点功能通常不受影响
cdn.moengage.com,StevenBlack/hosts,tracker,high,stevenblack 聚合拦截域名,block_soft,广告/追踪或恶意通信被拦截；正常站点功能通常不受影响
moeskin.com,StevenBlack/hosts,tracker,high,stevenblack 聚合拦截域名,block_soft,广告/追踪或恶意通信被拦截；正常站点功能通常不受影响
in-gmtdmp.mookie1.com,StevenBlack/hosts,tracker,high,stevenblack 聚合拦截域名,block_soft,广告/追踪或恶意通信被拦截；正常站点功能通常不受影响
market.moonicorn.network,StevenBlack/hosts,tracker,high,stevenblack 聚合拦截域名,block_soft,广告/追踪或恶意通信被拦截；正常站点功能通常不受影响
analytics.mopub.com,StevenBlack/hosts,tracker,high,stevenblack 聚合拦截域名,block_soft,广告/追踪或恶意通信被拦截；正常站点功能通常不受影响
movbmog.ga,StevenBlack/hosts,tracker,high,stevenblack 聚合拦截域名,block_soft,广告/追踪或恶意通信被拦截；正常站点功能通常不受影响
nativesdks.mparticle.com,StevenBlack/hosts,tracker,high,stevenblack 聚合拦截域名,block_soft,广告/追踪或恶意通信被拦截；正常站点功能通常不受影响
mrvineforum.pk,StevenBlack/hosts,tracker,high,stevenblack 聚合拦截域名,block_soft,广告/追踪或恶意通信被拦截；正常站点功能通常不受影响
msdtcupdate.com,StevenBlack/hosts,tracker,high,stevenblack 聚合拦截域名,block_soft,广告/追踪或恶意通信被拦截；正常站点功能通常不受影响
murthydigitals.com,StevenBlack/hosts,tracker,high,stevenblack 聚合拦截域名,block_soft,广告/追踪或恶意通信被拦截；正常站点功能通常不受影响
cdn.mxpnl.com,StevenBlack/hosts,tracker,high,stevenblack 聚合拦截域名,block_soft,广告/追踪或恶意通信被拦截；正常站点功能通常不受影响
compdate.my03.com,StevenBlack/hosts,tracker,high,stevenblack 聚合拦截域名,block_soft,广告/追踪或恶意通信被拦截；正常站点功能通常不受影响
etetdc4ed-exhausted-lizard-tc.mybluemix.net,StevenBlack/hosts,tracker,high,stevenblack 聚合拦截域名,block_soft,广告/追踪或恶意通信被拦截；正常站点功能通常不受影响
tu4dff-reflective-shark.eu-gb.mybluemix.net,StevenBlack/hosts,tracker,high,stevenblack 聚合拦截域名,block_soft,广告/追踪或恶意通信被拦截；正常站点功能通常不受影响
ty65xcc-smart-manatee.mybluemix.net,StevenBlack/hosts,tracker,high,stevenblack 聚合拦截域名,block_soft,广告/追踪或恶意通信被拦截；正常站点功能通常不受影响
ut45dfx-sweet-nyala.mybluemix.net,StevenBlack/hosts,tracker,high,stevenblack 聚合拦截域名,block_soft,广告/追踪或恶意通信被拦截；正常站点功能通常不受影响
y56gcvx-lean-bear-up.mybluemix.net,StevenBlack/hosts,tracker,high,stevenblack 聚合拦截域名,block_soft,广告/追踪或恶意通信被拦截；正常站点功能通常不受影响
www.ads.mp.mydas.mobi,StevenBlack/hosts,tracker,high,stevenblack 聚合拦截域名,block_soft,广告/追踪或恶意通信被拦截；正常站点功能通常不受影响
lp.mydirtyhobby.com,StevenBlack/hosts,tracker,high,stevenblack 聚合拦截域名,block_soft,广告/追踪或恶意通信被拦截；正常站点功能通常不受影响
byfleur.myftp.org,StevenBlack/hosts,tracker,high,stevenblack 聚合拦截域名,block_soft,广告/追踪或恶意通信被拦截；正常站点功能通常不受影响
mynavyfedral.org,StevenBlack/hosts,tracker,high,stevenblack 聚合拦截域名,block_soft,广告/追踪或恶意通信被拦截；正常站点功能通常不受影响
mynevyfedera1.org,StevenBlack/hosts,tracker,high,stevenblack 聚合拦截域名,block_soft,广告/追踪或恶意通信被拦截；正常站点功能通常不受影响
myornamenti.com,StevenBlack/hosts,tracker,high,stevenblack 聚合拦截域名,block_soft,广告/追踪或恶意通信被拦截；正常站点功能通常不受影响
mypiltow.com,StevenBlack/hosts,tracker,high,stevenblack 聚合拦截域名,block_soft,广告/追踪或恶意通信被拦截；正常站点功能通常不受影响
ihracat.myq-see.com,StevenBlack/hosts,tracker,high,stevenblack 聚合拦截域名,block_soft,广告/追踪或恶意通信被拦截；正常站点功能通常不受影响
myservicebooster.com,StevenBlack/hosts,tracker,high,stevenblack 聚合拦截域名,block_soft,广告/追踪或恶意通信被拦截；正常站点功能通常不受影响
myservicebooster.net,StevenBlack/hosts,tracker,high,stevenblack 聚合拦截域名,block_soft,广告/追踪或恶意通信被拦截；正常站点功能通常不受影响
myserviceconnect.net,StevenBlack/hosts,tracker,high,stevenblack 聚合拦截域名,block_soft,广告/追踪或恶意通信被拦截；正常站点功能通常不受影响
mywot.com,StevenBlack/hosts,tracker,high,stevenblack 聚合拦截域名,block_soft,广告/追踪或恶意通信被拦截；正常站点功能通常不受影响
mywot.net,StevenBlack/hosts,tracker,high,stevenblack 聚合拦截域名,block_soft,广告/追踪或恶意通信被拦截；正常站点功能通常不受影响
n13x4nfw8frika.com,StevenBlack/hosts,tracker,high,stevenblack 聚合拦截域名,block_soft,广告/追踪或恶意通信被拦截；正常站点功能通常不受影响
namilh.com,StevenBlack/hosts,tracker,high,stevenblack 聚合拦截域名,block_soft,广告/追踪或恶意通信被拦截；正常站点功能通常不受影响
navyfedara1.org,StevenBlack/hosts,tracker,high,stevenblack 聚合拦截域名,block_soft,广告/追踪或恶意通信被拦截；正常站点功能通常不受影响
navyfederai.org,StevenBlack/hosts,tracker,high,stevenblack 聚合拦截域名,block_soft,广告/追踪或恶意通信被拦截；正常站点功能通常不受影响
nbf9b5aurl.com,StevenBlack/hosts,tracker,high,stevenblack 聚合拦截域名,block_soft,广告/追踪或恶意通信被拦截；正常站点功能通常不受影响
pixel.nc0.co,StevenBlack/hosts,tracker,high,stevenblack 聚合拦截域名,block_soft,广告/追踪或恶意通信被拦截；正常站点功能通常不受影响
ncjjfn.org,StevenBlack/hosts,tracker,high,stevenblack 聚合拦截域名,block_soft,广告/追踪或恶意通信被拦截；正常站点功能通常不受影响
ndjambo.com,StevenBlack/hosts,tracker,high,stevenblack 聚合拦截域名,block_soft,广告/追踪或恶意通信被拦截；正常站点功能通常不受影响
newlimitedoffer.com,StevenBlack/hosts,tracker,high,stevenblack 聚合拦截域名,block_soft,广告/追踪或恶意通信被拦截；正常站点功能通常不受影响
ssl.newsofnp.com,StevenBlack/hosts,tracker,high,stevenblack 聚合拦截域名,block_soft,广告/追踪或恶意通信被拦截；正常站点功能通常不受影响
newtontool.ca,StevenBlack/hosts,tracker,high,stevenblack 聚合拦截域名,block_soft,广告/追踪或恶意通信被拦截；正常站点功能通常不受影响
58680dd9.ngrok.io,StevenBlack/hosts,tracker,high,stevenblack 聚合拦截域名,block_soft,广告/追踪或恶意通信被拦截；正常站点功能通常不受影响
6735a55d.ngrok.io,StevenBlack/hosts,tracker,high,stevenblack 聚合拦截域名,block_soft,广告/追踪或恶意通信被拦截；正常站点功能通常不受影响
nicemice.cf,StevenBlack/hosts,tracker,high,stevenblack 聚合拦截域名,block_soft,广告/追踪或恶意通信被拦截；正常站点功能通常不受影响
sdfaswaed2.nokiadns.com,StevenBlack/hosts,tracker,high,stevenblack 聚合拦截域名,block_soft,广告/追踪或恶意通信被拦截；正常站点功能通常不受影响
norulless.com,StevenBlack/hosts,tracker,high,stevenblack 聚合拦截域名,block_soft,广告/追踪或恶意通信被拦截；正常站点功能通常不受影响
novmintservices.com,StevenBlack/hosts,tracker,high,stevenblack 聚合拦截域名,block_soft,广告/追踪或恶意通信被拦截；正常站点功能通常不受影响
ntaryan.com,StevenBlack/hosts,tracker,high,stevenblack 聚合拦截域名,block_soft,广告/追踪或恶意通信被拦截；正常站点功能通常不受影响
nvfjvtntt.cf,StevenBlack/hosts,tracker,high,stevenblack 聚合拦截域名,block_soft,广告/追踪或恶意通信被拦截；正常站点功能通常不受影响
o5team.com,StevenBlack/hosts,tracker,high,stevenblack 聚合拦截域名,block_soft,广告/追踪或恶意通信被拦截；正常站点功能通常不受影响
oakandfort.org,StevenBlack/hosts,tracker,high,stevenblack 聚合拦截域名,block_soft,广告/追踪或恶意通信被拦截；正常站点功能通常不受影响
telemetry.firstpartyapps.oaspapps.com,StevenBlack/hosts,tracker,high,stevenblack 聚合拦截域名,block_soft,广告/追踪或恶意通信被拦截；正常站点功能通常不受影响
oawyr.com,StevenBlack/hosts,tracker,high,stevenblack 聚合拦截域名,block_soft,广告/追踪或恶意通信被拦截；正常站点功能通常不受影响
oawyri.com,StevenBlack/hosts,tracker,high,stevenblack 聚合拦截域名,block_soft,广告/追踪或恶意通信被拦截；正常站点功能通常不受影响
ddl.okgoodmobi.com,StevenBlack/hosts,tracker,high,stevenblack 聚合拦截域名,block_soft,广告/追踪或恶意通信被拦截；正常站点功能通常不受影响
pixel.onaudience.com,StevenBlack/hosts,tracker,high,stevenblack 聚合拦截域名,block_soft,广告/追踪或恶意通信被拦截；正常站点功能通常不受影响
answerstedhctbek.onion.pet,StevenBlack/hosts,tracker,high,stevenblack 聚合拦截域名,block_soft,广告/追踪或恶意通信被拦截；正常站点功能通常不受影响
darkfailllnkf4vf.onion.pet,StevenBlack/hosts,tracker,high,stevenblack 聚合拦截域名,block_soft,广告/追踪或恶意通信被拦截；正常站点功能通常不受影响
dreadditevelidot.onion.pet,StevenBlack/hosts,tracker,high,stevenblack 聚合拦截域名,block_soft,广告/追踪或恶意通信被拦截；正常站点功能通常不受影响
jthnx5wyvjvzsxtu.onion.pet,StevenBlack/hosts,tracker,high,stevenblack 聚合拦截域名,block_soft,广告/追踪或恶意通信被拦截；正常站点功能通常不受影响
qlqd5zqefmkcr34a.onion.pet,StevenBlack/hosts,tracker,high,stevenblack 聚合拦截域名,block_soft,广告/追踪或恶意通信被拦截；正常站点功能通常不受影响
runionv62ul3roit.onion.pet,StevenBlack/hosts,tracker,high,stevenblack 聚合拦截域名,block_soft,广告/追踪或恶意通信被拦截；正常站点功能通常不受影响
rutorc6mqdinc4cz.onion.pet,StevenBlack/hosts,tracker,high,stevenblack 聚合拦截域名,block_soft,广告/追踪或恶意通信被拦截；正常站点功能通常不受影响
thehub7xbw4dc5r2.onion.pet,StevenBlack/hosts,tracker,high,stevenblack 聚合拦截域名,block_soft,广告/追踪或恶意通信被拦截；正常站点功能通常不受影响
torgatedga35slsu.onion.pet,StevenBlack/hosts,tracker,high,stevenblack 聚合拦截域名,block_soft,广告/追踪或恶意通信被拦截；正常站点功能通常不受影响
torrentzwealmisr.onion.pet,StevenBlack/hosts,tracker,high,stevenblack 聚合拦截域名,block_soft,广告/追踪或恶意通信被拦截；正常站点功能通常不受影响
uj3wazyk5u4hnvtk.onion.pet,StevenBlack/hosts,tracker,high,stevenblack 聚合拦截域名,block_soft,广告/追踪或恶意通信被拦截；正常站点功能通常不受影响
vkphotofqgmmu63j.onion.pet,StevenBlack/hosts,tracker,high,stevenblack 聚合拦截域名,block_soft,广告/追踪或恶意通信被拦截；正常站点功能通常不受影响
xmh57jrzrnw6insl.onion.pet,StevenBlack/hosts,tracker,high,stevenblack 聚合拦截域名,block_soft,广告/追踪或恶意通信被拦截；正常站点功能通常不受影响
zqktlwiuavvvqqt4ybvgvi7tyo4hjl5xgfuvpdf6otjiycgwqbym2qad.onion.pet,StevenBlack/hosts,tracker,high,stevenblack 聚合拦截域名,block_soft,广告/追踪或恶意通信被拦截；正常站点功能通常不受影响
zzz.onion.pet,StevenBlack/hosts,tracker,high,stevenblack 聚合拦截域名,block_soft,广告/追踪或恶意通信被拦截；正常站点功能通常不受影响
h-sdk.online-metrix.net,StevenBlack/hosts,tracker,high,stevenblack 聚合拦截域名,block_soft,广告/追踪或恶意通信被拦截；正常站点功能通常不受影响
imbc.onthewifi.com,StevenBlack/hosts,tracker,high,stevenblack 聚合拦截域名,block_soft,广告/追踪或恶意通信被拦截；正常站点功能通常不受影响
opengapps.com,StevenBlack/hosts,tracker,high,stevenblack 聚合拦截域名,block_soft,广告/追踪或恶意通信被拦截；正常站点功能通常不受影响
ads1.opensubtitles.org,StevenBlack/hosts,tracker,high,stevenblack 聚合拦截域名,block_soft,广告/追踪或恶意通信被拦截；正常站点功能通常不受影响
taboola-d.openx.net,StevenBlack/hosts,tracker,high,stevenblack 聚合拦截域名,block_soft,广告/追踪或恶意通信被拦截；正常站点功能通常不受影响
284419414.log.optimizely.com,StevenBlack/hosts,tracker,high,stevenblack 聚合拦截域名,block_soft,广告/追踪或恶意通信被拦截；正常站点功能通常不受影响
logx.optimizely.com,StevenBlack/hosts,tracker,high,stevenblack 聚合拦截域名,block_soft,广告/追踪或恶意通信被拦截；正常站点功能通常不受影响
banner.org.ua,StevenBlack/hosts,tracker,high,stevenblack 聚合拦截域名,block_soft,广告/追踪或恶意通信被拦截；正常站点功能通常不受影响
pdupdate.organiccrap.com,StevenBlack/hosts,tracker,high,stevenblack 聚合拦截域名,block_soft,广告/追踪或恶意通信被拦截；正常站点功能通常不受影响
orzk.net,StevenBlack/hosts,tracker,high,stevenblack 聚合拦截域名,block_soft,广告/追踪或恶意通信被拦截；正常站点功能通常不受影响
osheoufhusheoghuesd.ru,StevenBlack/hosts,tracker,high,stevenblack 聚合拦截域名,block_soft,广告/追踪或恶意通信被拦截；正常站点功能通常不受影响
kdwontyraqdswlqm.ossrescue.com,StevenBlack/hosts,tracker,high,stevenblack 聚合拦截域名,block_soft,广告/追踪或恶意通信被拦截；正常站点功能通常不受影响
pamsg.online,StevenBlack/hosts,tracker,high,stevenblack 聚合拦截域名,block_soft,广告/追踪或恶意通信被拦截；正常站点功能通常不受影响
parnerimcarpich.com,StevenBlack/hosts,tracker,high,stevenblack 聚合拦截域名,block_soft,广告/追踪或恶意通信被拦截；正常站点功能通常不受影响
srv.pixel.parsely.com,StevenBlack/hosts,tracker,high,stevenblack 聚合拦截域名,block_soft,广告/追踪或恶意通信被拦截；正常站点功能通常不受影响
paypaypay.org,StevenBlack/hosts,tracker,high,stevenblack 聚合拦截域名,block_soft,广告/追踪或恶意通信被拦截；正常站点功能通常不受影响
pbndswdswyhdjfn.com,StevenBlack/hosts,tracker,high,stevenblack 聚合拦截域名,block_soft,广告/追踪或恶意通信被拦截；正常站点功能通常不受影响
pbnkcnjfnikjserv.org,StevenBlack/hosts,tracker,high,stevenblack 聚合拦截域名,block_soft,广告/追踪或恶意通信被拦截；正常站点功能通常不受影响
pbnncdnkcnncjikj.org,StevenBlack/hosts,tracker,high,stevenblack 聚合拦截域名,block_soft,广告/追踪或恶意通信被拦截；正常站点功能通常不受影响
www.performanceadexchange.com,StevenBlack/hosts,tracker,high,stevenblack 聚合拦截域名,block_soft,广告/追踪或恶意通信被拦截；正常站点功能通常不受影响
pervas.top,StevenBlack/hosts,tracker,high,stevenblack 聚合拦截域名,block_soft,广告/追踪或恶意通信被拦截；正常站点功能通常不受影响
petitelady.top,StevenBlack/hosts,tracker,high,stevenblack 聚合拦截域名,block_soft,广告/追踪或恶意通信被拦截；正常站点功能通常不受影响
pf4y2a54hx.com,StevenBlack/hosts,tracker,high,stevenblack 聚合拦截域名,block_soft,广告/追踪或恶意通信被拦截；正常站点功能通常不受影响
phamchilong.com,StevenBlack/hosts,tracker,high,stevenblack 聚合拦截域名,block_soft,广告/追踪或恶意通信被拦截；正常站点功能通常不受影响
www.analytics.picsart.com,StevenBlack/hosts,tracker,high,stevenblack 聚合拦截域名,block_soft,广告/追踪或恶意通信被拦截；正常站点功能通常不受影响
pinkcamforum.cc,StevenBlack/hosts,tracker,high,stevenblack 聚合拦截域名,block_soft,广告/追踪或恶意通信被拦截；正常站点功能通常不受影响
pkmkkjwknvf.com,StevenBlack/hosts,tracker,high,stevenblack 聚合拦截域名,block_soft,广告/追踪或恶意通信被拦截；正常站点功能通常不受影响
plaimedia.com,StevenBlack/hosts,tracker,high,stevenblack 聚合拦截域名,block_soft,广告/追踪或恶意通信被拦截；正常站点功能通常不受影响
xml.plaimedia.com,StevenBlack/hosts,tracker,high,stevenblack 聚合拦截域名,block_soft,广告/追踪或恶意通信被拦截；正常站点功能通常不受影响
www.playamo.com,StevenBlack/hosts,tracker,high,stevenblack 聚合拦截域名,block_soft,广告/追踪或恶意通信被拦截；正常站点功能通常不受影响
playamo30.com,StevenBlack/hosts,tracker,high,stevenblack 聚合拦截域名,block_soft,广告/追踪或恶意通信被拦截；正常站点功能通常不受影响
plkyjbew.com,StevenBlack/hosts,tracker,high,stevenblack 聚合拦截域名,block_soft,广告/追踪或恶意通信被拦截；正常站点功能通常不受影响
analytics.pokki.com,StevenBlack/hosts,tracker,high,stevenblack 聚合拦截域名,block_soft,广告/追踪或恶意通信被拦截；正常站点功能通常不受影响
analysis.polarisoffice.com,StevenBlack/hosts,tracker,high,stevenblack 聚合拦截域名,block_soft,广告/追踪或恶意通信被拦截；正常站点功能通常不受影响
powerad.ai,StevenBlack/hosts,tracker,high,stevenblack 聚合拦截域名,block_soft,广告/追踪或恶意通信被拦截；正常站点功能通常不受影响
powersite.nl,StevenBlack/hosts,tracker,high,stevenblack 聚合拦截域名,block_soft,广告/追踪或恶意通信被拦截；正常站点功能通常不受影响
powersitemainservfjr.org,StevenBlack/hosts,tracker,high,stevenblack 聚合拦截域名,block_soft,广告/追踪或恶意通信被拦截；正常站点功能通常不受影响
l-v1.presage.io,StevenBlack/hosts,tracker,high,stevenblack 聚合拦截域名,block_soft,广告/追踪或恶意通信被拦截；正常站点功能通常不受影响
pl-v2.presage.io,StevenBlack/hosts,tracker,high,stevenblack 聚合拦截域名,block_soft,广告/追踪或恶意通信被拦截；正常站点功能通常不受影响
2019-ncov-2020.com.preview.services,StevenBlack/hosts,tracker,high,stevenblack 聚合拦截域名,block_soft,广告/追踪或恶意通信被拦截；正常站点功能通常不受影响
primecaviar.com,StevenBlack/hosts,tracker,high,stevenblack 聚合拦截域名,block_soft,广告/追踪或恶意通信被拦截；正常站点功能通常不受影响
www.prioritisemyhealth.com,StevenBlack/hosts,tracker,high,stevenblack 聚合拦截域名,block_soft,广告/追踪或恶意通信被拦截；正常站点功能通常不受影响
privacyassistant.net,StevenBlack/hosts,tracker,high,stevenblack 聚合拦截域名,block_soft,广告/追踪或恶意通信被拦截；正常站点功能通常不受影响
ext.privacyassistant.net,StevenBlack/hosts,tracker,high,stevenblack 聚合拦截域名,block_soft,广告/追踪或恶意通信被拦截；正常站点功能通常不受影响
ads.proc.cc,StevenBlack/hosts,tracker,high,stevenblack 聚合拦截域名,block_soft,广告/追踪或恶意通信被拦截；正常站点功能通常不受影响
prodealscenter.com,StevenBlack/hosts,tracker,high,stevenblack 聚合拦截域名,block_soft,广告/追踪或恶意通信被拦截；正常站点功能通常不受影响
getadobeflashdownloader.proxydns.com,StevenBlack/hosts,tracker,high,stevenblack 聚合拦截域名,block_soft,广告/追踪或恶意通信被拦截；正常站点功能通常不受影响
psozyhotho.pro,StevenBlack/hosts,tracker,high,stevenblack 聚合拦截域名,block_soft,广告/追踪或恶意通信被拦截；正常站点功能通常不受影响
psserviceonline.com,StevenBlack/hosts,tracker,high,stevenblack 聚合拦截域名,block_soft,广告/追踪或恶意通信被拦截；正常站点功能通常不受影响
api.pubnative.net,StevenBlack/hosts,tracker,high,stevenblack 聚合拦截域名,block_soft,广告/追踪或恶意通信被拦截；正常站点功能通常不受影响
hotstar.pubnub.net,StevenBlack/hosts,tracker,high,stevenblack 聚合拦截域名,block_soft,广告/追踪或恶意通信被拦截；正常站点功能通常不受影响
api.purpleads.io,StevenBlack/hosts,tracker,high,stevenblack 聚合拦截域名,block_soft,广告/追踪或恶意通信被拦截；正常站点功能通常不受影响
cdn.purpleads.io,StevenBlack/hosts,tracker,high,stevenblack 聚合拦截域名,block_soft,广告/追踪或恶意通信被拦截；正常站点功能通常不受影响
creatives.purpleads.io,StevenBlack/hosts,tracker,high,stevenblack 聚合拦截域名,block_soft,广告/追踪或恶意通信被拦截；正常站点功能通常不受影响
pushedwebnews.com,StevenBlack/hosts,tracker,high,stevenblack 聚合拦截域名,block_soft,广告/追踪或恶意通信被拦截；正常站点功能通常不受影响
pussysaga.com,StevenBlack/hosts,tracker,high,stevenblack 聚合拦截域名,block_soft,广告/追踪或恶意通信被拦截；正常站点功能通常不受影响
pl15117601.pvclouds.com,StevenBlack/hosts,tracker,high,stevenblack 聚合拦截域名,block_soft,广告/追踪或恶意通信被拦截；正常站点功能通常不受影响
pl15209890.pvclouds.com,StevenBlack/hosts,tracker,high,stevenblack 聚合拦截域名,block_soft,广告/追踪或恶意通信被拦截；正常站点功能通常不受影响
qpfhd.com,StevenBlack/hosts,tracker,high,stevenblack 聚合拦截域名,block_soft,广告/追踪或恶意通信被拦截；正常站点功能通常不受影响
rules.quantcount.com,StevenBlack/hosts,tracker,high,stevenblack 聚合拦截域名,block_soft,广告/追踪或恶意通信被拦截；正常站点功能通常不受影响
api.quantumgraph.com,StevenBlack/hosts,tracker,high,stevenblack 聚合拦截域名,block_soft,广告/追踪或恶意通信被拦截；正常站点功能通常不受影响
users.quantumgraph.com,StevenBlack/hosts,tracker,high,stevenblack 聚合拦截域名,block_soft,广告/追踪或恶意通信被拦截；正常站点功能通常不受影响
queensiteforapp.com,StevenBlack/hosts,tracker,high,stevenblack 聚合拦截域名,block_soft,广告/追踪或恶意通信被拦截；正常站点功能通常不受影响
g0l32.queensiteforapp.com,StevenBlack/hosts,tracker,high,stevenblack 聚合拦截域名,block_soft,广告/追踪或恶意通信被拦截；正常站点功能通常不受影响
quickcash-system.com,StevenBlack/hosts,tracker,high,stevenblack 聚合拦截域名,block_soft,广告/追踪或恶意通信被拦截；正常站点功能通常不受影响
quickmessage.us,StevenBlack/hosts,tracker,high,stevenblack 聚合拦截域名,block_soft,广告/追踪或恶意通信被拦截；正常站点功能通常不受影响
log-ads.r7.com,StevenBlack/hosts,tracker,high,stevenblack 聚合拦截域名,block_soft,广告/追踪或恶意通信被拦截；正常站点功能通常不受影响
asq.r77vh0.pw,StevenBlack/hosts,tracker,high,stevenblack 聚合拦截域名,block_soft,广告/追踪或恶意通信被拦截；正常站点功能通常不受影响
rc-room.com,StevenBlack/hosts,tracker,high,stevenblack 聚合拦截域名,block_soft,广告/追踪或恶意通信被拦截；正常站点功能通常不受影响
pixel.realclever.com,StevenBlack/hosts,tracker,high,stevenblack 聚合拦截域名,block_soft,广告/追踪或恶意通信被拦截；正常站点功能通常不受影响
events.redditmedia.com,StevenBlack/hosts,tracker,high,stevenblack 聚合拦截域名,block_soft,广告/追踪或恶意通信被拦截；正常站点功能通常不受影响
www.redshell.io,StevenBlack/hosts,tracker,high,stevenblack 聚合拦截域名,block_soft,广告/追踪或恶意通信被拦截；正常站点功能通常不受影响
remove-ads.xyz,StevenBlack/hosts,tracker,high,stevenblack 聚合拦截域名,block_soft,广告/追踪或恶意通信被拦截；正常站点功能通常不受影响
renovatesystem.com,StevenBlack/hosts,tracker,high,stevenblack 聚合拦截域名,block_soft,广告/追踪或恶意通信被拦截；正常站点功能通常不受影响
rereddit.com,StevenBlack/hosts,tracker,high,stevenblack 聚合拦截域名,block_soft,广告/追踪或恶意通信被拦截；正常站点功能通常不受影响
resumersvo.fun,StevenBlack/hosts,tracker,high,stevenblack 聚合拦截域名,block_soft,广告/追踪或恶意通信被拦截；正常站点功能通常不受影响
rjmwqf.com,StevenBlack/hosts,tracker,high,stevenblack 聚合拦截域名,block_soft,广告/追踪或恶意通信被拦截；正常站点功能通常不受影响
rmagent.xyz,StevenBlack/hosts,tracker,high,stevenblack 聚合拦截域名,block_soft,广告/追踪或恶意通信被拦截；正常站点功能通常不受影响
roboinside.me,StevenBlack/hosts,tracker,high,stevenblack 聚合拦截域名,block_soft,广告/追踪或恶意通信被拦截；正常站点功能通常不受影响
api.rollbar.com,StevenBlack/hosts,tracker,high,stevenblack 聚合拦截域名,block_soft,广告/追踪或恶意通信被拦截；正常站点功能通常不受影响
ronswank.com,StevenBlack/hosts,tracker,high,stevenblack 聚合拦截域名,block_soft,广告/追踪或恶意通信被拦截；正常站点功能通常不受影响
rs.sh,StevenBlack/hosts,tracker,high,stevenblack 聚合拦截域名,block_soft,广告/追踪或恶意通信被拦截；正常站点功能通常不受影响
rsa.pub,StevenBlack/hosts,tracker,high,stevenblack 聚合拦截域名,block_soft,广告/追踪或恶意通信被拦截；正常站点功能通常不受影响
rstmir.com,StevenBlack/hosts,tracker,high,stevenblack 聚合拦截域名,block_soft,广告/追踪或恶意通信被拦截；正常站点功能通常不受影响
bidder.rtk.io,StevenBlack/hosts,tracker,high,stevenblack 聚合拦截域名,block_soft,广告/追踪或恶意通信被拦截；正常站点功能通常不受影响
bucket.rtk.io,StevenBlack/hosts,tracker,high,stevenblack 聚合拦截域名,block_soft,广告/追踪或恶意通信被拦截；正常站点功能通常不受影响
console.rtk.io,StevenBlack/hosts,tracker,high,stevenblack 聚合拦截域名,block_soft,广告/追踪或恶意通信被拦截；正常站点功能通常不受影响
grow.rtk.io,StevenBlack/hosts,tracker,high,stevenblack 聚合拦截域名,block_soft,广告/追踪或恶意通信被拦截；正常站点功能通常不受影响
hexagram.rtk.io,StevenBlack/hosts,tracker,high,stevenblack 聚合拦截域名,block_soft,广告/追踪或恶意通信被拦截；正常站点功能通常不受影响
jita.rtk.io,StevenBlack/hosts,tracker,high,stevenblack 聚合拦截域名,block_soft,广告/追踪或恶意通信被拦截；正常站点功能通常不受影响
login.rtk.io,StevenBlack/hosts,tracker,high,stevenblack 聚合拦截域名,block_soft,广告/追踪或恶意通信被拦截；正常站点功能通常不受影响
media.rtk.io,StevenBlack/hosts,tracker,high,stevenblack 聚合拦截域名,block_soft,广告/追踪或恶意通信被拦截；正常站点功能通常不受影响
sync.rtk.io,StevenBlack/hosts,tracker,high,stevenblack 聚合拦截域名,block_soft,广告/追踪或恶意通信被拦截；正常站点功能通常不受影响
thor.rtk.io,StevenBlack/hosts,tracker,high,stevenblack 聚合拦截域名,block_soft,广告/追踪或恶意通信被拦截；正常站点功能通常不受影响
nj.thor.rtk.io,StevenBlack/hosts,tracker,high,stevenblack 聚合拦截域名,block_soft,广告/追踪或恶意通信被拦截；正常站点功能通常不受影响
nyc.thor.rtk.io,StevenBlack/hosts,tracker,high,stevenblack 聚合拦截域名,block_soft,广告/追踪或恶意通信被拦截；正常站点功能通常不受影响
sfo.thor.rtk.io,StevenBlack/hosts,tracker,high,stevenblack 聚合拦截域名,block_soft,广告/追踪或恶意通信被拦截；正常站点功能通常不受影响
uk.thor.rtk.io,StevenBlack/hosts,tracker,high,stevenblack 聚合拦截域名,block_soft,广告/追踪或恶意通信被拦截；正常站点功能通常不受影响
uk2.thor.rtk.io,StevenBlack/hosts,tracker,high,stevenblack 聚合拦截域名,block_soft,广告/追踪或恶意通信被拦截；正常站点功能通常不受影响
www.rtk.io,StevenBlack/hosts,tracker,high,stevenblack 聚合拦截域名,block_soft,广告/追踪或恶意通信被拦截；正常站点功能通常不受影响
mt.rtmark.net,StevenBlack/hosts,tracker,high,stevenblack 聚合拦截域名,block_soft,广告/追踪或恶意通信被拦截；正常站点功能通常不受影响
my.rtmark.net,StevenBlack/hosts,tracker,high,stevenblack 聚合拦截域名,block_soft,广告/追踪或恶意通信被拦截；正常站点功能通常不受影响
token.rubiconproject.com,StevenBlack/hosts,tracker,high,stevenblack 聚合拦截域名,block_soft,广告/追踪或恶意通信被拦截；正常站点功能通常不受影响
runative-syndicate.com,StevenBlack/hosts,tracker,high,stevenblack 聚合拦截域名,block_soft,广告/追踪或恶意通信被拦截；正常站点功能通常不受影响
pixel.runative-syndicate.com,StevenBlack/hosts,tracker,high,stevenblack 聚合拦截域名,block_soft,广告/追踪或恶意通信被拦截；正常站点功能通常不受影响
s.sh,StevenBlack/hosts,tracker,high,stevenblack 聚合拦截域名,block_soft,广告/追踪或恶意通信被拦截；正常站点功能通常不受影响
log-1.samsungacr.com,StevenBlack/hosts,tracker,high,stevenblack 聚合拦截域名,block_soft,广告/追踪或恶意通信被拦截；正常站点功能通常不受影响
log-2.samsungacr.com,StevenBlack/hosts,tracker,high,stevenblack 聚合拦截域名,block_soft,广告/追踪或恶意通信被拦截；正常站点功能通常不受影响
log-3.samsungacr.com,StevenBlack/hosts,tracker,high,stevenblack 聚合拦截域名,block_soft,广告/追踪或恶意通信被拦截；正常站点功能通常不受影响
log-ingestion.samsungacr.com,StevenBlack/hosts,tracker,high,stevenblack 聚合拦截域名,block_soft,广告/追踪或恶意通信被拦截；正常站点功能通常不受影响
log-ingestion-eu.samsungacr.com,StevenBlack/hosts,tracker,high,stevenblack 聚合拦截域名,block_soft,广告/追踪或恶意通信被拦截；正常站点功能通常不受影响
ad.samsungadhub.com,StevenBlack/hosts,tracker,high,stevenblack 聚合拦截域名,block_soft,广告/追踪或恶意通信被拦截；正常站点功能通常不受影响
rd.samsungadhub.com,StevenBlack/hosts,tracker,high,stevenblack 聚合拦截域名,block_soft,广告/追踪或恶意通信被拦截；正常站点功能通常不受影响
ads.samsungads.com,StevenBlack/hosts,tracker,high,stevenblack 聚合拦截域名,block_soft,广告/追踪或恶意通信被拦截；正常站点功能通常不受影响
config.samsungads.com,StevenBlack/hosts,tracker,high,stevenblack 聚合拦截域名,block_soft,广告/追踪或恶意通信被拦截；正常站点功能通常不受影响
events.samsungads.com,StevenBlack/hosts,tracker,high,stevenblack 聚合拦截域名,block_soft,广告/追踪或恶意通信被拦截；正常站点功能通常不受影响
vdterms.samsungcloudsolution.com,StevenBlack/hosts,tracker,high,stevenblack 聚合拦截域名,block_soft,广告/追踪或恶意通信被拦截；正常站点功能通常不受影响
oempprd.samsungcloudsolution.net,StevenBlack/hosts,tracker,high,stevenblack 聚合拦截域名,block_soft,广告/追踪或恶意通信被拦截；正常站点功能通常不受影响
invitation.samsungiotcloud.com,StevenBlack/hosts,tracker,high,stevenblack 聚合拦截域名,block_soft,广告/追踪或恶意通信被拦截；正常站点功能通常不受影响
gld.samsungosp.com,StevenBlack/hosts,tracker,high,stevenblack 聚合拦截域名,block_soft,广告/追踪或恶意通信被拦截；正常站点功能通常不受影响
osb-ussvc.samsungqbe.com,StevenBlack/hosts,tracker,high,stevenblack 聚合拦截域名,block_soft,广告/追踪或恶意通信被拦截；正常站点功能通常不受影响
www.saumweb.com,StevenBlack/hosts,tracker,high,stevenblack 聚合拦截域名,block_soft,广告/追踪或恶意通信被拦截；正常站点功能通常不受影响
udm.scorecardresearch.com,StevenBlack/hosts,tracker,high,stevenblack 聚合拦截域名,block_soft,广告/追踪或恶意通信被拦截；正常站点功能通常不受影响
seemascakes.com,StevenBlack/hosts,tracker,high,stevenblack 聚合拦截域名,block_soft,广告/追踪或恶意通信被拦截；正常站点功能通常不受影响
cdn-settings.segment.com,StevenBlack/hosts,tracker,high,stevenblack 聚合拦截域名,block_soft,广告/追踪或恶意通信被拦截；正常站点功能通常不受影响
semasa.icu,StevenBlack/hosts,tracker,high,stevenblack 聚合拦截域名,block_soft,广告/追踪或恶意通信被拦截；正常站点功能通常不受影响
embed.sendtonews.com,StevenBlack/hosts,tracker,high,stevenblack 聚合拦截域名,block_soft,广告/追踪或恶意通信被拦截；正常站点功能通常不受影响
ads2.servebom.com,StevenBlack/hosts,tracker,high,stevenblack 聚合拦截域名,block_soft,广告/追踪或恶意通信被拦截；正常站点功能通常不受影响
ads.servenobid.com,StevenBlack/hosts,tracker,high,stevenblack 聚合拦截域名,block_soft,广告/追踪或恶意通信被拦截；正常站点功能通常不受影响
public.servenobid.com,StevenBlack/hosts,tracker,high,stevenblack 聚合拦截域名,block_soft,广告/追踪或恶意通信被拦截；正常站点功能通常不受影响
ubntrooters.serveuser.com,StevenBlack/hosts,tracker,high,stevenblack 聚合拦截域名,block_soft,广告/追踪或恶意通信被拦截；正常站点功能通常不受影响
root20system20macosxdriver.serveusers.com,StevenBlack/hosts,tracker,high,stevenblack 聚合拦截域名,block_soft,广告/追踪或恶意通信被拦截；正常站点功能通常不受影响
service-updater.com,StevenBlack/hosts,tracker,high,stevenblack 聚合拦截域名,block_soft,广告/追踪或恶意通信被拦截；正常站点功能通常不受影响
servicesbooster.com,StevenBlack/hosts,tracker,high,stevenblack 聚合拦截域名,block_soft,广告/追踪或恶意通信被拦截；正常站点功能通常不受影响
servicesecurity.org,StevenBlack/hosts,tracker,high,stevenblack 聚合拦截域名,block_soft,广告/追踪或恶意通信被拦截；正常站点功能通常不受影响
serviceshelpers.com,StevenBlack/hosts,tracker,high,stevenblack 聚合拦截域名,block_soft,广告/追踪或恶意通信被拦截；正常站点功能通常不受影响
serviceupdates.net,StevenBlack/hosts,tracker,high,stevenblack 聚合拦截域名,block_soft,广告/追踪或恶意通信被拦截；正常站点功能通常不受影响
serviceuphelper.com,StevenBlack/hosts,tracker,high,stevenblack 聚合拦截域名,block_soft,广告/追踪或恶意通信被拦截；正常站点功能通常不受影响
servicosfcporto.com,StevenBlack/hosts,tracker,high,stevenblack 聚合拦截域名,block_soft,广告/追踪或恶意通信被拦截；正常站点功能通常不受影响
serviziopostale.site,StevenBlack/hosts,tracker,high,stevenblack 聚合拦截域名,block_soft,广告/追踪或恶意通信被拦截；正常站点功能通常不受影响
servsave.com,StevenBlack/hosts,tracker,high,stevenblack 聚合拦截域名,block_soft,广告/追踪或恶意通信被拦截；正常站点功能通常不受影响
sex-and-flirt.com,StevenBlack/hosts,tracker,high,stevenblack 聚合拦截域名,block_soft,广告/追踪或恶意通信被拦截；正常站点功能通常不受影响
shop-rnib.org,StevenBlack/hosts,tracker,high,stevenblack 聚合拦截域名,block_soft,广告/追踪或恶意通信被拦截；正常站点功能通常不受影响
sionicmedia.com,StevenBlack/hosts,tracker,high,stevenblack 聚合拦截域名,block_soft,广告/追踪或恶意通信被拦截；正常站点功能通常不受影响
sirdexs.com,StevenBlack/hosts,tracker,high,stevenblack 聚合拦截域名,block_soft,广告/追踪或恶意通信被拦截；正常站点功能通常不受影响
specialsections.siteseer.ca,StevenBlack/hosts,tracker,high,stevenblack 聚合拦截域名,block_soft,广告/追踪或恶意通信被拦截；正常站点功能通常不受影响
sitesite.cn,StevenBlack/hosts,tracker,high,stevenblack 聚合拦截域名,block_soft,广告/追踪或恶意通信被拦截；正常站点功能通常不受影响
skategirlchina.com,StevenBlack/hosts,tracker,high,stevenblack 聚合拦截域名,block_soft,广告/追踪或恶意通信被拦截；正常站点功能通常不受影响
skinstrip.net,StevenBlack/hosts,tracker,high,stevenblack 聚合拦截域名,block_soft,广告/追踪或恶意通信被拦截；正常站点功能通常不受影响
slack-app.net,StevenBlack/hosts,tracker,high,stevenblack 聚合拦截域名,block_soft,广告/追踪或恶意通信被拦截；正常站点功能通常不受影响
snapcamsforum.cc,StevenBlack/hosts,tracker,high,stevenblack 聚合拦截域名,block_soft,广告/追踪或恶意通信被拦截；正常站点功能通常不受影响
log.snapdeal.com,StevenBlack/hosts,tracker,high,stevenblack 聚合拦截域名,block_soft,广告/追踪或恶意通信被拦截；正常站点功能通常不受影响
api.ad.snappea.com,StevenBlack/hosts,tracker,high,stevenblack 聚合拦截域名,block_soft,广告/追踪或恶意通信被拦截；正常站点功能通常不受影响
msmetrics.ws.sonos.com,StevenBlack/hosts,tracker,high,stevenblack 聚合拦截域名,block_soft,广告/追踪或恶意通信被拦截；正常站点功能通常不受影响
soperson.com,StevenBlack/hosts,tracker,high,stevenblack 聚合拦截域名,block_soft,广告/追踪或恶意通信被拦截；正常站点功能通常不受影响
lead.soperson.com,StevenBlack/hosts,tracker,high,stevenblack 聚合拦截域名,block_soft,广告/追踪或恶意通信被拦截；正常站点功能通常不受影响
yun-static.soperson.com,StevenBlack/hosts,tracker,high,stevenblack 聚合拦截域名,block_soft,广告/追踪或恶意通信被拦截；正常站点功能通常不受影响
sophosdefence.com,StevenBlack/hosts,tracker,high,stevenblack 聚合拦截域名,block_soft,广告/追踪或恶意通信被拦截；正常站点功能通常不受影响
ww2.sponsorflyr.com,StevenBlack/hosts,tracker,high,stevenblack 聚合拦截域名,block_soft,广告/追踪或恶意通信被拦截；正常站点功能通常不受影响
sportsinteraction.com,StevenBlack/hosts,tracker,high,stevenblack 聚合拦截域名,block_soft,广告/追踪或恶意通信被拦截；正常站点功能通常不受影响
spottyfly.com,StevenBlack/hosts,tracker,high,stevenblack 聚合拦截域名,block_soft,广告/追踪或恶意通信被拦截；正常站点功能通常不受影响
srvkcnyhd.org,StevenBlack/hosts,tracker,high,stevenblack 聚合拦截域名,block_soft,广告/追踪或恶意通信被拦截；正常站点功能通常不受影响
sso-github.com,StevenBlack/hosts,tracker,high,stevenblack 聚合拦截域名,block_soft,广告/追踪或恶意通信被拦截；正常站点功能通常不受影响
stagolk.com,StevenBlack/hosts,tracker,high,stevenblack 聚合拦截域名,block_soft,广告/追踪或恶意通信被拦截；正常站点功能通常不受影响
c2i-cdn.startappnetwork.com,StevenBlack/hosts,tracker,high,stevenblack 聚合拦截域名,block_soft,广告/追踪或恶意通信被拦截；正常站点功能通常不受影响
dts.startappservice.com,StevenBlack/hosts,tracker,high,stevenblack 聚合拦截域名,block_soft,广告/追踪或恶意通信被拦截；正常站点功能通常不受影响
events.startappservice.com,StevenBlack/hosts,tracker,high,stevenblack 聚合拦截域名,block_soft,广告/追踪或恶意通信被拦截；正常站点功能通常不受影响
imp.startappservice.com,StevenBlack/hosts,tracker,high,stevenblack 聚合拦截域名,block_soft,广告/追踪或恶意通信被拦截；正常站点功能通常不受影响
init.startappservice.com,StevenBlack/hosts,tracker,high,stevenblack 聚合拦截域名,block_soft,广告/追踪或恶意通信被拦截；正常站点功能通常不受影响
req.startappservice.com,StevenBlack/hosts,tracker,high,stevenblack 聚合拦截域名,block_soft,广告/追踪或恶意通信被拦截；正常站点功能通常不受影响
beacon.statful.com,StevenBlack/hosts,tracker,high,stevenblack 聚合拦截域名,block_soft,广告/追踪或恶意通信被拦截；正常站点功能通常不受影响
hosted.stats.com,StevenBlack/hosts,tracker,high,stevenblack 聚合拦截域名,block_soft,广告/追踪或恶意通信被拦截；正常站点功能通常不受影响
montrealgazette.stats.com,StevenBlack/hosts,tracker,high,stevenblack 聚合拦截域名,block_soft,广告/追踪或恶意通信被拦截；正常站点功能通常不受影响
stealthedeal.com,StevenBlack/hosts,tracker,high,stevenblack 聚合拦截域名,block_soft,广告/追踪或恶意通信被拦截；正常站点功能通常不受影响
stillval.com,StevenBlack/hosts,tracker,high,stevenblack 聚合拦截域名,block_soft,广告/追踪或恶意通信被拦截；正常站点功能通常不受影响
stopify.co,StevenBlack/hosts,tracker,high,stevenblack 聚合拦截域名,block_soft,广告/追踪或恶意通信被拦截；正常站点功能通常不受影响
exp100.strangled.net,StevenBlack/hosts,tracker,high,stevenblack 聚合拦截域名,block_soft,广告/追踪或恶意通信被拦截；正常站点功能通常不受影响
ux6p.strangled.net,StevenBlack/hosts,tracker,high,stevenblack 聚合拦截域名,block_soft,广告/追踪或恶意通信被拦截；正常站点功能通常不受影响
sts-github.com,StevenBlack/hosts,tracker,high,stevenblack 聚合拦截域名,block_soft,广告/追踪或恶意通信被拦截；正常站点功能通常不受影响
supload.com,StevenBlack/hosts,tracker,high,stevenblack 聚合拦截域名,block_soft,广告/追踪或恶意通信被拦截；正常站点功能通常不受影响
zabbix.symanteprotection.com,StevenBlack/hosts,tracker,high,stevenblack 聚合拦截域名,block_soft,广告/追踪或恶意通信被拦截；正常站点功能通常不受影响
15.taboola.com,StevenBlack/hosts,tracker,high,stevenblack 聚合拦截域名,block_soft,广告/追踪或恶意通信被拦截；正常站点功能通常不受影响
convhkmp.taboola.com,StevenBlack/hosts,tracker,high,stevenblack 聚合拦截域名,block_soft,广告/追踪或恶意通信被拦截；正常站点功能通常不受影响
convlatbmp.taboola.com,StevenBlack/hosts,tracker,high,stevenblack 聚合拦截域名,block_soft,广告/追踪或恶意通信被拦截；正常站点功能通常不受影响
imprhkmp.taboola.com,StevenBlack/hosts,tracker,high,stevenblack 聚合拦截域名,block_soft,广告/追踪或恶意通信被拦截；正常站点功能通常不受影响
imprlatbmp.taboola.com,StevenBlack/hosts,tracker,high,stevenblack 聚合拦截域名,block_soft,广告/追踪或恶意通信被拦截；正常站点功能通常不受影响
match.taboola.com,StevenBlack/hosts,tracker,high,stevenblack 聚合拦截域名,block_soft,广告/追踪或恶意通信被拦截；正常站点功能通常不受影响
opps.taboola.com,StevenBlack/hosts,tracker,high,stevenblack 聚合拦截域名,block_soft,广告/追踪或恶意通信被拦截；正常站点功能通常不受影响
vidutils.taboola.com,StevenBlack/hosts,tracker,high,stevenblack 聚合拦截域名,block_soft,广告/追踪或恶意通信被拦截；正常站点功能通常不受影响
wf.taboola.com,StevenBlack/hosts,tracker,high,stevenblack 聚合拦截域名,block_soft,广告/追踪或恶意通信被拦截；正常站点功能通常不受影响
takehotprizzes3.live,StevenBlack/hosts,tracker,high,stevenblack 聚合拦截域名,block_soft,广告/追踪或恶意通信被拦截；正常站点功能通常不受影响
talk99.cn,StevenBlack/hosts,tracker,high,stevenblack 聚合拦截域名,block_soft,广告/追踪或恶意通信被拦截；正常站点功能通常不受影响
api.taplytics.com,StevenBlack/hosts,tracker,high,stevenblack 聚合拦截域名,block_soft,广告/追踪或恶意通信被拦截；正常站点功能通常不受影响
last.tax-lab.net,StevenBlack/hosts,tracker,high,stevenblack 聚合拦截域名,block_soft,广告/追踪或恶意通信被拦截；正常站点功能通常不受影响
tdreg.icu,StevenBlack/hosts,tracker,high,stevenblack 聚合拦截域名,block_soft,广告/追踪或恶意通信被拦截；正常站点功能通常不受影响
tdreg.top,StevenBlack/hosts,tracker,high,stevenblack 聚合拦截域名,block_soft,广告/追踪或恶意通信被拦截；正常站点功能通常不受影响
teddygirls.cc,StevenBlack/hosts,tracker,high,stevenblack 聚合拦截域名,block_soft,广告/追踪或恶意通信被拦截；正常站点功能通常不受影响
teenclubforum.pw,StevenBlack/hosts,tracker,high,stevenblack 聚合拦截域名,block_soft,广告/追踪或恶意通信被拦截；正常站点功能通常不受影响
track.tenjin.io,StevenBlack/hosts,tracker,high,stevenblack 聚合拦截域名,block_soft,广告/追踪或恶意通信被拦截；正常站点功能通常不受影响
theannoyingsite.com,StevenBlack/hosts,tracker,high,stevenblack 聚合拦截域名,block_soft,广告/追踪或恶意通信被拦截；正常站点功能通常不受影响
thebestgame2020.com,StevenBlack/hosts,tracker,high,stevenblack 聚合拦截域名,block_soft,广告/追踪或恶意通信被拦截；正常站点功能通常不受影响
thedemocraticpost.com,StevenBlack/hosts,tracker,high,stevenblack 聚合拦截域名,block_soft,广告/追踪或恶意通信被拦截；正常站点功能通常不受影响
thediscoveryrun.com,StevenBlack/hosts,tracker,high,stevenblack 聚合拦截域名,block_soft,广告/追踪或恶意通信被拦截；正常站点功能通常不受影响
thiccnigga.me,StevenBlack/hosts,tracker,high,stevenblack 聚合拦截域名,block_soft,广告/追踪或恶意通信被拦截；正常站点功能通常不受影响
thumbeks.com,StevenBlack/hosts,tracker,high,stevenblack 聚合拦截域名,block_soft,广告/追踪或恶意通信被拦截；正常站点功能通常不受影响
m.topiccore.com,StevenBlack/hosts,tracker,high,stevenblack 聚合拦截域名,block_soft,广告/追踪或恶意通信被拦截；正常站点功能通常不受影响
topservicehelper.com,StevenBlack/hosts,tracker,high,stevenblack 聚合拦截域名,block_soft,广告/追踪或恶意通信被拦截；正常站点功能通常不受影响
topservicesbooster.com,StevenBlack/hosts,tracker,high,stevenblack 聚合拦截域名,block_soft,广告/追踪或恶意通信被拦截；正常站点功能通常不受影响
topservicesecurity.com,StevenBlack/hosts,tracker,high,stevenblack 聚合拦截域名,block_soft,广告/追踪或恶意通信被拦截；正常站点功能通常不受影响
topservicesupdate.com,StevenBlack/hosts,tracker,high,stevenblack 聚合拦截域名,block_soft,广告/追踪或恶意通信被拦截；正常站点功能通常不受影响
topservicesupdates.com,StevenBlack/hosts,tracker,high,stevenblack 聚合拦截域名,block_soft,广告/追踪或恶意通信被拦截；正常站点功能通常不受影响
torrenty-org.pl,StevenBlack/hosts,tracker,high,stevenblack 聚合拦截域名,block_soft,广告/追踪或恶意通信被拦截；正常站点功能通常不受影响
track-js.link,StevenBlack/hosts,tracker,high,stevenblack 聚合拦截域名,block_soft,广告/追踪或恶意通信被拦截；正常站点功能通常不受影响
tradersbrokers.com,StevenBlack/hosts,tracker,high,stevenblack 聚合拦截域名,block_soft,广告/追踪或恶意通信被拦截；正常站点功能通常不受影响
pub.trads.io,StevenBlack/hosts,tracker,high,stevenblack 聚合拦截域名,block_soft,广告/追踪或恶意通信被拦截；正常站点功能通常不受影响
trafficmoose.com,StevenBlack/hosts,tracker,high,stevenblack 聚合拦截域名,block_soft,广告/追踪或恶意通信被拦截；正常站点功能通常不受影响
trafforsrv.com,StevenBlack/hosts,tracker,high,stevenblack 聚合拦截域名,block_soft,广告/追踪或恶意通信被拦截；正常站点功能通常不受影响
www.treasuredata.com,StevenBlack/hosts,tracker,high,stevenblack 聚合拦截域名,block_soft,广告/追踪或恶意通信被拦截；正常站点功能通常不受影响
trilns.com,StevenBlack/hosts,tracker,high,stevenblack 聚合拦截域名,block_soft,广告/追踪或恶意通信被拦截；正常站点功能通常不受影响
ads5.truecaller.com,StevenBlack/hosts,tracker,high,stevenblack 聚合拦截域名,block_soft,广告/追踪或恶意通信被拦截；正常站点功能通常不受影响
batchlogging4.truecaller.com,StevenBlack/hosts,tracker,high,stevenblack 聚合拦截域名,block_soft,广告/追踪或恶意通信被拦截；正常站点功能通常不受影响
tsl-github.com,StevenBlack/hosts,tracker,high,stevenblack 聚合拦截域名,block_soft,广告/追踪或恶意通信被拦截；正常站点功能通常不受影响
cdn.tsyndicate.com,StevenBlack/hosts,tracker,high,stevenblack 聚合拦截域名,block_soft,广告/追踪或恶意通信被拦截；正常站点功能通常不受影响
ttwitter.com,StevenBlack/hosts,tracker,high,stevenblack 聚合拦截域名,block_soft,广告/追踪或恶意通信被拦截；正常站点功能通常不受影响
cross-promos.tuanguwen.com,StevenBlack/hosts,tracker,high,stevenblack 聚合拦截域名,block_soft,广告/追踪或恶意通信被拦截；正常站点功能通常不受影响
word-res.tuanguwen.com,StevenBlack/hosts,tracker,high,stevenblack 聚合拦截域名,block_soft,广告/追踪或恶意通信被拦截；正常站点功能通常不受影响
word-v1.tuanguwen.com,StevenBlack/hosts,tracker,high,stevenblack 聚合拦截域名,block_soft,广告/追踪或恶意通信被拦截；正常站点功能通常不受影响
tvpage.com,StevenBlack/hosts,tracker,high,stevenblack 聚合拦截域名,block_soft,广告/追踪或恶意通信被拦截；正常站点功能通常不受影响
a.tvpage.com,StevenBlack/hosts,tracker,high,stevenblack 聚合拦截域名,block_soft,广告/追踪或恶意通信被拦截；正常站点功能通常不受影响
api.tvpage.com,StevenBlack/hosts,tracker,high,stevenblack 聚合拦截域名,block_soft,广告/追踪或恶意通信被拦截；正常站点功能通常不受影响
appcdn.tvpage.com,StevenBlack/hosts,tracker,high,stevenblack 聚合拦截域名,block_soft,广告/追踪或恶意通信被拦截；正常站点功能通常不受影响
cdnjs.tvpage.com,StevenBlack/hosts,tracker,high,stevenblack 聚合拦截域名,block_soft,广告/追踪或恶意通信被拦截；正常站点功能通常不受影响
mktg.tvpage.com,StevenBlack/hosts,tracker,high,stevenblack 聚合拦截域名,block_soft,广告/追踪或恶意通信被拦截；正常站点功能通常不受影响
sitecdn.tvpage.com,StevenBlack/hosts,tracker,high,stevenblack 聚合拦截域名,block_soft,广告/追踪或恶意通信被拦截；正常站点功能通常不受影响
stage.tvpage.com,StevenBlack/hosts,tracker,high,stevenblack 聚合拦截域名,block_soft,广告/追踪或恶意通信被拦截；正常站点功能通常不受影响
videos-bleepingcomputers-com.tvpagecdn.com,StevenBlack/hosts,tracker,high,stevenblack 聚合拦截域名,block_soft,广告/追踪或恶意通信被拦截；正常站点功能通常不受影响
tvmds.tvpassport.com,StevenBlack/hosts,tracker,high,stevenblack 聚合拦截域名,block_soft,广告/追踪或恶意通信被拦截；正常站点功能通常不受影响
www.tvpassport.com,StevenBlack/hosts,tracker,high,stevenblack 聚合拦截域名,block_soft,广告/追踪或恶意通信被拦截；正常站点功能通常不受影响
tweengirlsforum.pk,StevenBlack/hosts,tracker,high,stevenblack 聚合拦截域名,block_soft,广告/追踪或恶意通信被拦截；正常站点功能通常不受影响
landings.twin.com,StevenBlack/hosts,tracker,high,stevenblack 聚合拦截域名,block_soft,广告/追踪或恶意通信被拦截；正常站点功能通常不受影响
twitter.cm,StevenBlack/hosts,tracker,high,stevenblack 聚合拦截域名,block_soft,广告/追踪或恶意通信被拦截；正常站点功能通常不受影响
applog.uc.cn,StevenBlack/hosts,tracker,high,stevenblack 聚合拦截域名,block_soft,广告/追踪或恶意通信被拦截；正常站点功能通常不受影响
gj.applog.uc.cn,StevenBlack/hosts,tracker,high,stevenblack 聚合拦截域名,block_soft,广告/追踪或恶意通信被拦截；正常站点功能通常不受影响
feedback.uc.cn,StevenBlack/hosts,tracker,high,stevenblack 聚合拦截域名,block_soft,广告/追踪或恶意通信被拦截；正常站点功能通常不受影响
gjapplog.uc.cn,StevenBlack/hosts,tracker,high,stevenblack 聚合拦截域名,block_soft,广告/追踪或恶意通信被拦截；正常站点功能通常不受影响
gj.track.uc.cn,StevenBlack/hosts,tracker,high,stevenblack 聚合拦截域名,block_soft,广告/追踪或恶意通信被拦截；正常站点功能通常不受影响
woodpecker.uc.cn,StevenBlack/hosts,tracker,high,stevenblack 聚合拦截域名,block_soft,广告/追踪或恶意通信被拦截；正常站点功能通常不受影响
gjtrack.ucweb.com,StevenBlack/hosts,tracker,high,stevenblack 聚合拦截域名,block_soft,广告/追踪或恶意通信被拦截；正常站点功能通常不受影响
insight.ucweb.com,StevenBlack/hosts,tracker,high,stevenblack 聚合拦截域名,block_soft,广告/追踪或恶意通信被拦截；正常站点功能通常不受影响
adn.insight.ucweb.com,StevenBlack/hosts,tracker,high,stevenblack 聚合拦截域名,block_soft,广告/追踪或恶意通信被拦截；正常站点功能通常不受影响
logserver.insight.ucweb.com,StevenBlack/hosts,tracker,high,stevenblack 聚合拦截域名,block_soft,广告/追踪或恶意通信被拦截；正常站点功能通常不受影响
sdkupgrade.insight.ucweb.com,StevenBlack/hosts,tracker,high,stevenblack 聚合拦截域名,block_soft,广告/追踪或恶意通信被拦截；正常站点功能通常不受影响
instory-log.ucnews.ucweb.com,StevenBlack/hosts,tracker,high,stevenblack 聚合拦截域名,block_soft,广告/追踪或恶意通信被拦截；正常站点功能通常不受影响
click.union.ucweb.com,StevenBlack/hosts,tracker,high,stevenblack 聚合拦截域名,block_soft,广告/追踪或恶意通信被拦截；正常站点功能通常不受影响
trace.svc.ui.com,StevenBlack/hosts,tracker,high,stevenblack 聚合拦截域名,block_soft,广告/追踪或恶意通信被拦截；正常站点功能通常不受影响
ukcoffe.com,StevenBlack/hosts,tracker,high,stevenblack 聚合拦截域名,block_soft,广告/追踪或恶意通信被拦截；正常站点功能通常不受影响
ultraeventgroup.com,StevenBlack/hosts,tracker,high,stevenblack 聚合拦截域名,block_soft,广告/追踪或恶意通信被拦截；正常站点功能通常不受影响
alog.umeng.com,StevenBlack/hosts,tracker,high,stevenblack 聚合拦截域名,block_soft,广告/追踪或恶意通信被拦截；正常站点功能通常不受影响
alog.umengcloud.com,StevenBlack/hosts,tracker,high,stevenblack 聚合拦截域名,block_soft,广告/追踪或恶意通信被拦截；正常站点功能通常不受影响
unclebillswv.com,StevenBlack/hosts,tracker,high,stevenblack 聚合拦截域名,block_soft,广告/追踪或恶意通信被拦截；正常站点功能通常不受影响
linux.unitys3d.com,StevenBlack/hosts,tracker,high,stevenblack 聚合拦截域名,block_soft,广告/追踪或恶意通信被拦截；正常站点功能通常不受影响
updatemanagir.us,StevenBlack/hosts,tracker,high,stevenblack 聚合拦截域名,block_soft,广告/追踪或恶意通信被拦截；正常站点功能通常不受影响
updatesecure.pro,StevenBlack/hosts,tracker,high,stevenblack 聚合拦截域名,block_soft,广告/追踪或恶意通信被拦截；正常站点功能通常不受影响
device-api.urbanairship.com,StevenBlack/hosts,tracker,high,stevenblack 聚合拦截域名,block_soft,广告/追踪或恶意通信被拦截；正常站点功能通常不受影响
urldelivery.com,StevenBlack/hosts,tracker,high,stevenblack 聚合拦截域名,block_soft,广告/追踪或恶意通信被拦截；正常站点功能通常不受影响
usapglobal.usapglobal.org,StevenBlack/hosts,tracker,high,stevenblack 聚合拦截域名,block_soft,广告/追踪或恶意通信被拦截；正常站点功能通常不受影响
cdn.usefathom.com,StevenBlack/hosts,tracker,high,stevenblack 聚合拦截域名,block_soft,广告/追踪或恶意通信被拦截；正常站点功能通常不受影响
collect.usefathom.com,StevenBlack/hosts,tracker,high,stevenblack 聚合拦截域名,block_soft,广告/追踪或恶意通信被拦截；正常站点功能通常不受影响
img3.usefathom.com,StevenBlack/hosts,tracker,high,stevenblack 聚合拦截域名,block_soft,广告/追踪或恶意通信被拦截；正常站点功能通常不受影响
api.userstyles.org,StevenBlack/hosts,tracker,high,stevenblack 聚合拦截域名,block_soft,广告/追踪或恶意通信被拦截；正常站点功能通常不受影响
cdn5.userzoom.com,StevenBlack/hosts,tracker,high,stevenblack 聚合拦截域名,block_soft,广告/追踪或恶意通信被拦截；正常站点功能通常不受影响
akr.usesfathom.com,StevenBlack/hosts,tracker,high,stevenblack 聚合拦截域名,block_soft,广告/追踪或恶意通信被拦截；正常站点功能通常不受影响
archsmarter.usesfathom.com,StevenBlack/hosts,tracker,high,stevenblack 聚合拦截域名,block_soft,广告/追踪或恶意通信被拦截；正常站点功能通常不受影响
butshesagirl.usesfathom.com,StevenBlack/hosts,tracker,high,stevenblack 聚合拦截域名,block_soft,广告/追踪或恶意通信被拦截；正常站点功能通常不受影响
gateguardian.usesfathom.com,StevenBlack/hosts,tracker,high,stevenblack 聚合拦截域名,block_soft,广告/追踪或恶意通信被拦截；正常站点功能通常不受影响
jsfiddle.usesfathom.com,StevenBlack/hosts,tracker,high,stevenblack 聚合拦截域名,block_soft,广告/追踪或恶意通信被拦截；正常站点功能通常不受影响
justin.usesfathom.com,StevenBlack/hosts,tracker,high,stevenblack 聚合拦截域名,block_soft,广告/追踪或恶意通信被拦截；正常站点功能通常不受影响
paleoleap.usesfathom.com,StevenBlack/hosts,tracker,high,stevenblack 聚合拦截域名,block_soft,广告/追踪或恶意通信被拦截；正常站点功能通常不受影响
perroverde.usesfathom.com,StevenBlack/hosts,tracker,high,stevenblack 聚合拦截域名,block_soft,广告/追踪或恶意通信被拦截；正常站点功能通常不受影响
stats.usesfathom.com,StevenBlack/hosts,tracker,high,stevenblack 聚合拦截域名,block_soft,广告/追踪或恶意通信被拦截；正常站点功能通常不受影响
log.apk.v-mate.mobi,StevenBlack/hosts,tracker,high,stevenblack 聚合拦截域名,block_soft,广告/追踪或恶意通信被拦截；正常站点功能通常不受影响
vamsoupowoa.com,StevenBlack/hosts,tracker,high,stevenblack 聚合拦截域名,block_soft,广告/追踪或恶意通信被拦截；正常站点功能通常不受影响
verywellfitnesse.com,StevenBlack/hosts,tracker,high,stevenblack 聚合拦截域名,block_soft,广告/追踪或恶意通信被拦截；正常站点功能通常不受影响
vhguyeu.ml,StevenBlack/hosts,tracker,high,stevenblack 聚合拦截域名,block_soft,广告/追踪或恶意通信被拦截；正常站点功能通常不受影响
serconsole.vicp.cc,StevenBlack/hosts,tracker,high,stevenblack 聚合拦截域名,block_soft,广告/追踪或恶意通信被拦截；正常站点功能通常不受影响
in-star.videoplaza.tv,StevenBlack/hosts,tracker,high,stevenblack 聚合拦截域名,block_soft,广告/追踪或恶意通信被拦截；正常站点功能通常不受影响
in-starlive.videoplaza.tv,StevenBlack/hosts,tracker,high,stevenblack 聚合拦截域名,block_soft,广告/追踪或恶意通信被拦截；正常站点功能通常不受影响
in-starlive-preroll.videoplaza.tv,StevenBlack/hosts,tracker,high,stevenblack 聚合拦截域名,block_soft,广告/追踪或恶意通信被拦截；正常站点功能通常不受影响
in-viacom18.videoplaza.tv,StevenBlack/hosts,tracker,high,stevenblack 聚合拦截域名,block_soft,广告/追踪或恶意通信被拦截；正常站点功能通常不受影响
service.videoplaza.tv,StevenBlack/hosts,tracker,high,stevenblack 聚合拦截域名,block_soft,广告/追踪或恶意通信被拦截；正常站点功能通常不受影响
viphostindustries.info,StevenBlack/hosts,tracker,high,stevenblack 聚合拦截域名,block_soft,广告/追踪或恶意通信被拦截；正常站点功能通常不受影响
vipmodels.tv,StevenBlack/hosts,tracker,high,stevenblack 聚合拦截域名,block_soft,广告/追踪或恶意通信被拦截；正常站点功能通常不受影响
vitlescaux.com,StevenBlack/hosts,tracker,high,stevenblack 聚合拦截域名,block_soft,广告/追踪或恶意通信被拦截；正常站点功能通常不受影响
adtrack.voicestar.com,StevenBlack/hosts,tracker,high,stevenblack 聚合拦截域名,block_soft,广告/追踪或恶意通信被拦截；正常站点功能通常不受影响
vosmas.icu,StevenBlack/hosts,tracker,high,stevenblack 聚合拦截域名,block_soft,广告/追踪或恶意通信被拦截；正常站点功能通常不受影响
vpn4test.net,StevenBlack/hosts,tracker,high,stevenblack 聚合拦截域名,block_soft,广告/追踪或恶意通信被拦截；正常站点功能通常不受影响
vtoras.top,StevenBlack/hosts,tracker,high,stevenblack 聚合拦截域名,block_soft,广告/追踪或恶意通信被拦截；正常站点功能通常不受影响
bur.vueleslie.com,StevenBlack/hosts,tracker,high,stevenblack 聚合拦截域名,block_soft,广告/追踪或恶意通信被拦截；正常站点功能通常不受影响
walletgear.org,StevenBlack/hosts,tracker,high,stevenblack 聚合拦截域名,block_soft,广告/追踪或恶意通信被拦截；正常站点功能通常不受影响
ws38.watashinonegai.ru,StevenBlack/hosts,tracker,high,stevenblack 聚合拦截域名,block_soft,广告/追踪或恶意通信被拦截；正常站点功能通常不受影响
skype-online0345.web.app,StevenBlack/hosts,tracker,high,stevenblack 聚合拦截域名,block_soft,广告/追踪或恶意通信被拦截；正常站点功能通常不受影响
c.webengage.com,StevenBlack/hosts,tracker,high,stevenblack 聚合拦截域名,block_soft,广告/追踪或恶意通信被拦截；正常站点功能通常不受影响
ssl.widgets.webengage.com,StevenBlack/hosts,tracker,high,stevenblack 聚合拦截域名,block_soft,广告/追踪或恶意通信被拦截；正常站点功能通常不受影响
wsdk-files.webengage.com,StevenBlack/hosts,tracker,high,stevenblack 聚合拦截域名,block_soft,广告/追踪或恶意通信被拦截；正常站点功能通常不受影响
www.webhaat.com,StevenBlack/hosts,tracker,high,stevenblack 聚合拦截域名,block_soft,广告/追踪或恶意通信被拦截；正常站点功能通常不受影响
webpagetest.net,StevenBlack/hosts,tracker,high,stevenblack 聚合拦截域名,block_soft,广告/追踪或恶意通信被拦截；正常站点功能通常不受影响
websitecompany.org,StevenBlack/hosts,tracker,high,stevenblack 聚合拦截域名,block_soft,广告/追踪或恶意通信被拦截；正常站点功能通常不受影响
mc.webvisor.org,StevenBlack/hosts,tracker,high,stevenblack 聚合拦截域名,block_soft,广告/追踪或恶意通信被拦截；正常站点功能通常不受影响
sport.wikaba.com,StevenBlack/hosts,tracker,high,stevenblack 聚合拦截域名,block_soft,广告/追踪或恶意通信被拦截；正常站点功能通常不受影响
wind.windmilldrops.com,StevenBlack/hosts,tracker,high,stevenblack 聚合拦截域名,block_soft,广告/追踪或恶意通信被拦截；正常站点功能通常不受影响
ns1.windowsdefende.com,StevenBlack/hosts,tracker,high,stevenblack 聚合拦截域名,block_soft,广告/追踪或恶意通信被拦截；正常站点功能通常不受影响
ns2.windowsdefende.com,StevenBlack/hosts,tracker,high,stevenblack 聚合拦截域名,block_soft,广告/追踪或恶意通信被拦截；正常站点功能通常不受影响
dabmaster.wm01.to,StevenBlack/hosts,tracker,high,stevenblack 聚合拦截域名,block_soft,广告/追踪或恶意通信被拦截；正常站点功能通常不受影响
postmediamontrealgazette2.files.wordpress.com,StevenBlack/hosts,tracker,high,stevenblack 聚合拦截域名,block_soft,广告/追踪或恶意通信被拦截；正常站点功能通常不受影响
nlocalhost.wordtheminer.com,StevenBlack/hosts,tracker,high,stevenblack 聚合拦截域名,block_soft,广告/追踪或恶意通信被拦截；正常站点功能通常不受影响
wor.wordtheminer.com,StevenBlack/hosts,tracker,high,stevenblack 聚合拦截域名,block_soft,广告/追踪或恶意通信被拦截；正常站点功能通常不受影响
hotstar.worldgravity.com,StevenBlack/hosts,tracker,high,stevenblack 聚合拦截域名,block_soft,广告/追踪或恶意通信被拦截；正常站点功能通常不受影响
worldtus.com,StevenBlack/hosts,tracker,high,stevenblack 聚合拦截域名,block_soft,广告/追踪或恶意通信被拦截；正常站点功能通常不受影响
ad.wynk.in,StevenBlack/hosts,tracker,high,stevenblack 聚合拦截域名,block_soft,广告/追踪或恶意通信被拦截；正常站点功能通常不受影响
wzrkt.com,StevenBlack/hosts,tracker,high,stevenblack 聚合拦截域名,block_soft,广告/追踪或恶意通信被拦截；正常站点功能通常不受影响
eu1-spiky.wzrkt.com,StevenBlack/hosts,tracker,high,stevenblack 聚合拦截域名,block_soft,广告/追踪或恶意通信被拦截；正常站点功能通常不受影响
cl-ad.x-flow.app,StevenBlack/hosts,tracker,high,stevenblack 聚合拦截域名,block_soft,广告/追踪或恶意通信被拦截；正常站点功能通常不受影响
cdn.ad.xiaomi.com,StevenBlack/hosts,tracker,high,stevenblack 聚合拦截域名,block_soft,广告/追踪或恶意通信被拦截；正常站点功能通常不受影响
e.ad.xiaomi.com,StevenBlack/hosts,tracker,high,stevenblack 聚合拦截域名,block_soft,广告/追踪或恶意通信被拦截；正常站点功能通常不受影响
test.e.ad.xiaomi.com,StevenBlack/hosts,tracker,high,stevenblack 聚合拦截域名,block_soft,广告/追踪或恶意通信被拦截；正常站点功能通常不受影响
globalapi.ad.xiaomi.com,StevenBlack/hosts,tracker,high,stevenblack 聚合拦截域名,block_soft,广告/追踪或恶意通信被拦截；正常站点功能通常不受影响
test.ad.xiaomi.com,StevenBlack/hosts,tracker,high,stevenblack 聚合拦截域名,block_soft,广告/追踪或恶意通信被拦截；正常站点功能通常不受影响
zeus.ad.xiaomi.com,StevenBlack/hosts,tracker,high,stevenblack 聚合拦截域名,block_soft,广告/追踪或恶意通信被拦截；正常站点功能通常不受影响
sgp.o2o.api.xiaomi.com,StevenBlack/hosts,tracker,high,stevenblack 聚合拦截域名,block_soft,广告/追踪或恶意通信被拦截；正常站点功能通常不受影响
api.d.xiaomi.com,StevenBlack/hosts,tracker,high,stevenblack 聚合拦截域名,block_soft,广告/追踪或恶意通信被拦截；正常站点功能通常不受影响
api.ad.intl.xiaomi.com,StevenBlack/hosts,tracker,high,stevenblack 聚合拦截域名,block_soft,广告/追踪或恶意通信被拦截；正常站点功能通常不受影响
sdkconfig.ad.intl.xiaomi.com,StevenBlack/hosts,tracker,high,stevenblack 聚合拦截域名,block_soft,广告/追踪或恶意通信被拦截；正常站点功能通常不受影响
data.mistat.intl.xiaomi.com,StevenBlack/hosts,tracker,high,stevenblack 聚合拦截域名,block_soft,广告/追踪或恶意通信被拦截；正常站点功能通常不受影响
storeconfig.mistat.intl.xiaomi.com,StevenBlack/hosts,tracker,high,stevenblack 聚合拦截域名,block_soft,广告/追踪或恶意通信被拦截；正常站点功能通常不受影响
cc.sys.intl.xiaomi.com,StevenBlack/hosts,tracker,high,stevenblack 聚合拦截域名,block_soft,广告/追踪或恶意通信被拦截；正常站点功能通常不受影响
ccc.sys.intl.xiaomi.com,StevenBlack/hosts,tracker,high,stevenblack 聚合拦截域名,block_soft,广告/追踪或恶意通信被拦截；正常站点功能通常不受影响
abtest.mistat.xiaomi.com,StevenBlack/hosts,tracker,high,stevenblack 聚合拦截域名,block_soft,广告/追踪或恶意通信被拦截；正常站点功能通常不受影响
a.stat.xiaomi.com,StevenBlack/hosts,tracker,high,stevenblack 聚合拦截域名,block_soft,广告/追踪或恶意通信被拦截；正常站点功能通常不受影响
analytics.xl.pt,StevenBlack/hosts,tracker,high,stevenblack 聚合拦截域名,block_soft,广告/追踪或恶意通信被拦截；正常站点功能通常不受影响
xm0siulufost.com,StevenBlack/hosts,tracker,high,stevenblack 聚合拦截域名,block_soft,广告/追踪或恶意通信被拦截；正常站点功能通常不受影响
xmeeting.com,StevenBlack/hosts,tracker,high,stevenblack 聚合拦截域名,block_soft,广告/追踪或恶意通信被拦截；正常站点功能通常不受影响
xn--blckchain-17c.com,StevenBlack/hosts,tracker,high,stevenblack 聚合拦截域名,block_soft,广告/追踪或恶意通信被拦截；正常站点功能通常不受影响
xn--discrd-zxa.com,StevenBlack/hosts,tracker,high,stevenblack 聚合拦截域名,block_soft,广告/追踪或恶意通信被拦截；正常站点功能通常不受影响
xn--disordapp-s3a.com,StevenBlack/hosts,tracker,high,stevenblack 聚合拦截域名,block_soft,广告/追踪或恶意通信被拦截；正常站点功能通常不受影响
xn--minecrft-5za.com,StevenBlack/hosts,tracker,high,stevenblack 聚合拦截域名,block_soft,广告/追踪或恶意通信被拦截；正常站点功能通常不受影响
xn--yotu-1ra.be,StevenBlack/hosts,tracker,high,stevenblack 聚合拦截域名,block_soft,广告/追踪或恶意通信被拦截；正常站点功能通常不受影响
xskcjzamlkxwo.gq,StevenBlack/hosts,tracker,high,stevenblack 聚合拦截域名,block_soft,广告/追踪或恶意通信被拦截；正常站点功能通常不受影响
beap-bc.yahoo.com,StevenBlack/hosts,tracker,high,stevenblack 聚合拦截域名,block_soft,广告/追踪或恶意通信被拦截；正常站点功能通常不受影响
pr-bh.ybp.yahoo.com,StevenBlack/hosts,tracker,high,stevenblack 聚合拦截域名,block_soft,广告/追踪或恶意通信被拦截；正常站点功能通常不受影响
adscan.yelabapp.com,StevenBlack/hosts,tracker,high,stevenblack 聚合拦截域名,block_soft,广告/追踪或恶意通信被拦截；正常站点功能通常不受影响
fresh.ygto.com,StevenBlack/hosts,tracker,high,stevenblack 聚合拦截域名,block_soft,广告/追踪或恶意通信被拦截；正常站点功能通常不受影响
yhdncj.biz,StevenBlack/hosts,tracker,high,stevenblack 聚合拦截域名,block_soft,广告/追踪或恶意通信被拦截；正常站点功能通常不受影响
yhdnrjncdndswnrj.nl,StevenBlack/hosts,tracker,high,stevenblack 聚合拦截域名,block_soft,广告/追踪或恶意通信被拦截；正常站点功能通常不受影响
yip.su,StevenBlack/hosts,tracker,high,stevenblack 聚合拦截域名,block_soft,广告/追踪或恶意通信被拦截；正常站点功能通常不受影响
zh.yomobi.net,StevenBlack/hosts,tracker,high,stevenblack 聚合拦截域名,block_soft,广告/追踪或恶意通信被拦截；正常站点功能通常不受影响
onlineapi.youappi.com,StevenBlack/hosts,tracker,high,stevenblack 聚合拦截域名,block_soft,广告/追踪或恶意通信被拦截；正常站点功能通常不受影响
static.youappi.com,StevenBlack/hosts,tracker,high,stevenblack 聚合拦截域名,block_soft,广告/追踪或恶意通信被拦截；正常站点功能通常不受影响
youfunv.com,StevenBlack/hosts,tracker,high,stevenblack 聚合拦截域名,block_soft,广告/追踪或恶意通信被拦截；正常站点功能通常不受影响
younglust.to,StevenBlack/hosts,tracker,high,stevenblack 聚合拦截域名,block_soft,广告/追踪或恶意通信被拦截；正常站点功能通常不受影响
younglustforum.pw,StevenBlack/hosts,tracker,high,stevenblack 聚合拦截域名,block_soft,广告/追踪或恶意通信被拦截；正常站点功能通常不受影响
yoursuperservice.com,StevenBlack/hosts,tracker,high,stevenblack 聚合拦截域名,block_soft,广告/追踪或恶意通信被拦截；正常站点功能通常不受影响
youshouldclick.us,StevenBlack/hosts,tracker,high,stevenblack 聚合拦截域名,block_soft,广告/追踪或恶意通信被拦截；正常站点功能通常不受影响
api-resource.youzicheng.net,StevenBlack/hosts,tracker,high,stevenblack 聚合拦截域名,block_soft,广告/追踪或恶意通信被拦截；正常站点功能通常不受影响
api-rssocks.youzicheng.net,StevenBlack/hosts,tracker,high,stevenblack 聚合拦截域名,block_soft,广告/追踪或恶意通信被拦截；正常站点功能通常不受影响
app.storage.yunvm.com,StevenBlack/hosts,tracker,high,stevenblack 聚合拦截域名,block_soft,广告/追踪或恶意通信被拦截；正常站点功能通常不受影响
yvxjsixn.eu,StevenBlack/hosts,tracker,high,stevenblack 聚合拦截域名,block_soft,广告/追踪或恶意通信被拦截；正常站点功能通常不受影响
b.zabbixx.com,StevenBlack/hosts,tracker,high,stevenblack 聚合拦截域名,block_soft,广告/追踪或恶意通信被拦截；正常站点功能通常不受影响
www.zarget.com,StevenBlack/hosts,tracker,high,stevenblack 聚合拦截域名,block_soft,广告/追踪或恶意通信被拦截；正常站点功能通常不受影响
gurgle.zdbb.net,StevenBlack/hosts,tracker,high,stevenblack 聚合拦截域名,block_soft,广告/追踪或恶意通信被拦截；正常站点功能通常不受影响
ns.zdbb.net,StevenBlack/hosts,tracker,high,stevenblack 聚合拦截域名,block_soft,广告/追踪或恶意通信被拦截；正常站点功能通常不受影响
zekiatagur.com,StevenBlack/hosts,tracker,high,stevenblack 聚合拦截域名,block_soft,广告/追踪或恶意通信被拦截；正常站点功能通常不受影响
ads-bi.zenkube.com,StevenBlack/hosts,tracker,high,stevenblack 聚合拦截域名,block_soft,广告/追踪或恶意通信被拦截；正常站点功能通常不受影响
databoat.zenkube.com,StevenBlack/hosts,tracker,high,stevenblack 聚合拦截域名,block_soft,广告/追踪或恶意通信被拦截；正常站点功能通常不受影响
prod.zenkube.com,StevenBlack/hosts,tracker,high,stevenblack 聚合拦截域名,block_soft,广告/追踪或恶意通信被拦截；正常站点功能通常不受影响
puzzle-recomd.zenkube.com,StevenBlack/hosts,tracker,high,stevenblack 聚合拦截域名,block_soft,广告/追踪或恶意通信被拦截；正常站点功能通常不受影响
word-bi.zenkube.com,StevenBlack/hosts,tracker,high,stevenblack 聚合拦截域名,block_soft,广告/追踪或恶意通信被拦截；正常站点功能通常不受影响
mackeeperapp.zeobit.com,StevenBlack/hosts,tracker,high,stevenblack 聚合拦截域名,block_soft,广告/追踪或恶意通信被拦截；正常站点功能通常不受影响
mjp.zimad.com,StevenBlack/hosts,tracker,high,stevenblack 聚合拦截域名,block_soft,广告/追踪或恶意通信被拦截；正常站点功能通常不受影响
vietnam.zing.photos,StevenBlack/hosts,tracker,high,stevenblack 聚合拦截域名,block_soft,广告/追踪或恶意通信被拦截；正常站点功能通常不受影响
in8.zog.link,StevenBlack/hosts,tracker,high,stevenblack 聚合拦截域名,block_soft,广告/追踪或恶意通信被拦截；正常站点功能通常不受影响
zoplm.com,StevenBlack/hosts,tracker,high,stevenblack 聚合拦截域名,block_soft,广告/追踪或恶意通信被拦截；正常站点功能通常不受影响
zvatrswtsrw.ml,StevenBlack/hosts,tracker,high,stevenblack 聚合拦截域名,block_soft,广告/追踪或恶意通信被拦截；正常站点功能通常不受影响
alibaba.zzux.com,StevenBlack/hosts,tracker,high,stevenblack 聚合拦截域名,block_soft,广告/追踪或恶意通信被拦截；正常站点功能通常不受影响
browserservice.zzux.com,StevenBlack/hosts,tracker,high,stevenblack 聚合拦截域名,block_soft,广告/追踪或恶意通信被拦截；正常站点功能通常不受影响
creative.skinstrip.net,StevenBlack/hosts,tracker,high,stevenblack 聚合拦截域名,block_soft,广告/追踪或恶意通信被拦截；正常站点功能通常不受影响
go.alxbgo.com,StevenBlack/hosts,tracker,high,stevenblack 聚合拦截域名,block_soft,广告/追踪或恶意通信被拦截；正常站点功能通常不受影响
video.alxbgo.com,StevenBlack/hosts,tracker,high,stevenblack 聚合拦截域名,block_soft,广告/追踪或恶意通信被拦截；正常站点功能通常不受影响
go.stripchat.com,StevenBlack/hosts,tracker,high,stevenblack 聚合拦截域名,block_soft,广告/追踪或恶意通信被拦截；正常站点功能通常不受影响
2.livejasmin.com,StevenBlack/hosts,tracker,high,stevenblack 聚合拦截域名,block_soft,广告/追踪或恶意通信被拦截；正常站点功能通常不受影响
apps.livejasmin.com,StevenBlack/hosts,tracker,high,stevenblack 聚合拦截域名,block_soft,广告/追踪或恶意通信被拦截；正常站点功能通常不受影响
auth.livejasmin.com,StevenBlack/hosts,tracker,high,stevenblack 聚合拦截域名,block_soft,广告/追踪或恶意通信被拦截；正常站点功能通常不受影响
autodiscover.livejasmin.com,StevenBlack/hosts,tracker,high,stevenblack 聚合拦截域名,block_soft,广告/追踪或恶意通信被拦截；正常站点功能通常不受影响
ccs.livejasmin.com,StevenBlack/hosts,tracker,high,stevenblack 聚合拦截域名,block_soft,广告/追踪或恶意通信被拦截；正常站点功能通常不受影响
crcom.livejasmin.com,StevenBlack/hosts,tracker,high,stevenblack 聚合拦截域名,block_soft,广告/追踪或恶意通信被拦截；正常站点功能通常不受影响
crpop.livejasmin.com,StevenBlack/hosts,tracker,high,stevenblack 聚合拦截域名,block_soft,广告/追踪或恶意通信被拦截；正常站点功能通常不受影响
crpt.livejasmin.com,StevenBlack/hosts,tracker,high,stevenblack 聚合拦截域名,block_soft,广告/追踪或恶意通信被拦截；正常站点功能通常不受影响
crtbb.livejasmin.com,StevenBlack/hosts,tracker,high,stevenblack 聚合拦截域名,block_soft,广告/追踪或恶意通信被拦截；正常站点功能通常不受影响
crtinf.livejasmin.com,StevenBlack/hosts,tracker,high,stevenblack 聚合拦截域名,block_soft,广告/追踪或恶意通信被拦截；正常站点功能通常不受影响
free.livejasmin.com,StevenBlack/hosts,tracker,high,stevenblack 聚合拦截域名,block_soft,广告/追踪或恶意通信被拦截；正常站点功能通常不受影响
gallery0.livejasmin.com,StevenBlack/hosts,tracker,high,stevenblack 聚合拦截域名,block_soft,广告/追踪或恶意通信被拦截；正常站点功能通常不受影响
gallery1.livejasmin.com,StevenBlack/hosts,tracker,high,stevenblack 聚合拦截域名,block_soft,广告/追踪或恶意通信被拦截；正常站点功能通常不受影响
jasmin-cams-live.com,StevenBlack/hosts,tracker,high,stevenblack 聚合拦截域名,block_soft,广告/追踪或恶意通信被拦截；正常站点功能通常不受影响
link.info.livejasmin.com,StevenBlack/hosts,tracker,high,stevenblack 聚合拦截域名,block_soft,广告/追踪或恶意通信被拦截；正常站点功能通常不受影响
live-cams-2.livejasmin.com,StevenBlack/hosts,tracker,high,stevenblack 聚合拦截域名,block_soft,广告/追踪或恶意通信被拦截；正常站点功能通常不受影响
live-cams-3.livejasmin.com,StevenBlack/hosts,tracker,high,stevenblack 聚合拦截域名,block_soft,广告/追踪或恶意通信被拦截；正常站点功能通常不受影响
live-cams-4.livejasmin.com,StevenBlack/hosts,tracker,high,stevenblack 聚合拦截域名,block_soft,广告/追踪或恶意通信被拦截；正常站点功能通常不受影响
live-cams-5.livejasmin.com,StevenBlack/hosts,tracker,high,stevenblack 聚合拦截域名,block_soft,广告/追踪或恶意通信被拦截；正常站点功能通常不受影响
livejasmin-hack.com,StevenBlack/hosts,tracker,high,stevenblack 聚合拦截域名,block_soft,广告/追踪或恶意通信被拦截；正常站点功能通常不受影响
livejasmin.academy,StevenBlack/hosts,tracker,high,stevenblack 聚合拦截域名,block_soft,广告/追踪或恶意通信被拦截；正常站点功能通常不受影响
livejasmin.cl,StevenBlack/hosts,tracker,high,stevenblack 聚合拦截域名,block_soft,广告/追踪或恶意通信被拦截；正常站点功能通常不受影响
livejasmin.co.com,StevenBlack/hosts,tracker,high,stevenblack 聚合拦截域名,block_soft,广告/追踪或恶意通信被拦截；正常站点功能通常不受影响
livejasmin.io,StevenBlack/hosts,tracker,high,stevenblack 聚合拦截域名,block_soft,广告/追踪或恶意通信被拦截；正常站点功能通常不受影响
livejasmin.net.ag,StevenBlack/hosts,tracker,high,stevenblack 聚合拦截域名,block_soft,广告/追踪或恶意通信被拦截；正常站点功能通常不受影响
livejasmin.net.nz,StevenBlack/hosts,tracker,high,stevenblack 聚合拦截域名,block_soft,广告/追踪或恶意通信被拦截；正常站点功能通常不受影响
livejasmin.net.sc,StevenBlack/hosts,tracker,high,stevenblack 聚合拦截域名,block_soft,广告/追踪或恶意通信被拦截；正常站点功能通常不受影响
livejasmin.org.in,StevenBlack/hosts,tracker,high,stevenblack 聚合拦截域名,block_soft,广告/追踪或恶意通信被拦截；正常站点功能通常不受影响
livejasmin.porn,StevenBlack/hosts,tracker,high,stevenblack 聚合拦截域名,block_soft,广告/追踪或恶意通信被拦截；正常站点功能通常不受影响
livejasmin.vg,StevenBlack/hosts,tracker,high,stevenblack 聚合拦截域名,block_soft,广告/追踪或恶意通信被拦截；正常站点功能通常不受影响
livejasminacademy.com,StevenBlack/hosts,tracker,high,stevenblack 聚合拦截域名,block_soft,广告/追踪或恶意通信被拦截；正常站点功能通常不受影响
livejasminacademy.tv,StevenBlack/hosts,tracker,high,stevenblack 聚合拦截域名,block_soft,广告/追踪或恶意通信被拦截；正常站点功能通常不受影响
livejasminbabes.com,StevenBlack/hosts,tracker,high,stevenblack 聚合拦截域名,block_soft,广告/追踪或恶意通信被拦截；正常站点功能通常不受影响
livejasmincall.com,StevenBlack/hosts,tracker,high,stevenblack 聚合拦截域名,block_soft,广告/追踪或恶意通信被拦截；正常站点功能通常不受影响
livejasmincall.net,StevenBlack/hosts,tracker,high,stevenblack 聚合拦截域名,block_soft,广告/追踪或恶意通信被拦截；正常站点功能通常不受影响
livejasmincdn.com,StevenBlack/hosts,tracker,high,stevenblack 聚合拦截域名,block_soft,广告/追踪或恶意通信被拦截；正常站点功能通常不受影响
livejasmine.us,StevenBlack/hosts,tracker,high,stevenblack 聚合拦截域名,block_soft,广告/追踪或恶意通信被拦截；正常站点功能通常不受影响
lubet.api.new.livejasmin.com,StevenBlack/hosts,tracker,high,stevenblack 聚合拦截域名,block_soft,广告/追踪或恶意通信被拦截；正常站点功能通常不受影响
lubet.modelcenter.livejasmin.com,StevenBlack/hosts,tracker,high,stevenblack 聚合拦截域名,block_soft,广告/追踪或恶意通信被拦截；正常站点功能通常不受影响
lubet.www.livejasmin.com,StevenBlack/hosts,tracker,high,stevenblack 聚合拦截域名,block_soft,广告/追踪或恶意通信被拦截；正常站点功能通常不受影响
m.livejasmin.com,StevenBlack/hosts,tracker,high,stevenblack 聚合拦截域名,block_soft,广告/追踪或恶意通信被拦截；正常站点功能通常不受影响
mailer.livejasmin.com,StevenBlack/hosts,tracker,high,stevenblack 聚合拦截域名,block_soft,广告/追踪或恶意通信被拦截；正常站点功能通常不受影响
mastercenter.livejasmin.com,StevenBlack/hosts,tracker,high,stevenblack 聚合拦截域名,block_soft,广告/追踪或恶意通信被拦截；正常站点功能通常不受影响
modelcenter.livejasmin.com,StevenBlack/hosts,tracker,high,stevenblack 聚合拦截域名,block_soft,广告/追踪或恶意通信被拦截；正常站点功能通常不受影响
mxd.livejasmin.com,StevenBlack/hosts,tracker,high,stevenblack 聚合拦截域名,block_soft,广告/追踪或恶意通信被拦截；正常站点功能通常不受影响
mxu.livejasmin.com,StevenBlack/hosts,tracker,high,stevenblack 聚合拦截域名,block_soft,广告/追踪或恶意通信被拦截；正常站点功能通常不受影响
mylivejasmin.org,StevenBlack/hosts,tracker,high,stevenblack 聚合拦截域名,block_soft,广告/追踪或恶意通信被拦截；正常站点功能通常不受影响
new.livejasmin.com,StevenBlack/hosts,tracker,high,stevenblack 聚合拦截域名,block_soft,广告/追踪或恶意通信被拦截；正常站点功能通常不受影响
news.livejasmin.com,StevenBlack/hosts,tracker,high,stevenblack 聚合拦截域名,block_soft,广告/追踪或恶意通信被拦截；正常站点功能通常不受影响
newsletter.livejasmin.com,StevenBlack/hosts,tracker,high,stevenblack 聚合拦截域名,block_soft,广告/追踪或恶意通信被拦截；正常站点功能通常不受影响
newsletter2.livejasmin.com,StevenBlack/hosts,tracker,high,stevenblack 聚合拦截域名,block_soft,广告/追踪或恶意通信被拦截；正常站点功能通常不受影响
old.livejasmin.com,StevenBlack/hosts,tracker,high,stevenblack 聚合拦截域名,block_soft,广告/追踪或恶意通信被拦截；正常站点功能通常不受影响
performercenter.livejasmin.com,StevenBlack/hosts,tracker,high,stevenblack 聚合拦截域名,block_soft,广告/追踪或恶意通信被拦截；正常站点功能通常不受影响
relay.livejasmin.com,StevenBlack/hosts,tracker,high,stevenblack 聚合拦截域名,block_soft,广告/追踪或恶意通信被拦截；正常站点功能通常不受影响
sandbox.livejasmin.com,StevenBlack/hosts,tracker,high,stevenblack 聚合拦截域名,block_soft,广告/追踪或恶意通信被拦截；正常站点功能通常不受影响
secure.livejasmin.com,StevenBlack/hosts,tracker,high,stevenblack 聚合拦截域名,block_soft,广告/追踪或恶意通信被拦截；正常站点功能通常不受影响
static.livejasmin.com,StevenBlack/hosts,tracker,high,stevenblack 聚合拦截域名,block_soft,广告/追踪或恶意通信被拦截；正常站点功能通常不受影响
streamdiag.livejasmin.com,StevenBlack/hosts,tracker,high,stevenblack 聚合拦截域名,block_soft,广告/追踪或恶意通信被拦截；正常站点功能通常不受影响
sync.livejasmin.com,StevenBlack/hosts,tracker,high,stevenblack 聚合拦截域名,block_soft,广告/追踪或恶意通信被拦截；正常站点功能通常不受影响
tv.livejasmin.com,StevenBlack/hosts,tracker,high,stevenblack 聚合拦截域名,block_soft,广告/追踪或恶意通信被拦截；正常站点功能通常不受影响
updatehd.livejasmin.com,StevenBlack/hosts,tracker,high,stevenblack 聚合拦截域名,block_soft,广告/追踪或恶意通信被拦截；正常站点功能通常不受影响
ads.adviad.com,StevenBlack/hosts,tracker,high,stevenblack 聚合拦截域名,block_soft,广告/追踪或恶意通信被拦截；正常站点功能通常不受影响
ads2.adviad.com,StevenBlack/hosts,tracker,high,stevenblack 聚合拦截域名,block_soft,广告/追踪或恶意通信被拦截；正常站点功能通常不受影响
ads3.adviad.com,StevenBlack/hosts,tracker,high,stevenblack 聚合拦截域名,block_soft,广告/追踪或恶意通信被拦截；正常站点功能通常不受影响
ads4.adviad.com,StevenBlack/hosts,tracker,high,stevenblack 聚合拦截域名,block_soft,广告/追踪或恶意通信被拦截；正常站点功能通常不受影响
sync.adviad.com,StevenBlack/hosts,tracker,high,stevenblack 聚合拦截域名,block_soft,广告/追踪或恶意通信被拦截；正常站点功能通常不受影响
api.adviad.com,StevenBlack/hosts,tracker,high,stevenblack 聚合拦截域名,block_soft,广告/追踪或恶意通信被拦截；正常站点功能通常不受影响
cdn.adviad.com,StevenBlack/hosts,tracker,high,stevenblack 聚合拦截域名,block_soft,广告/追踪或恶意通信被拦截；正常站点功能通常不受影响
dmp.adviad.com,StevenBlack/hosts,tracker,high,stevenblack 聚合拦截域名,block_soft,广告/追踪或恶意通信被拦截；正常站点功能通常不受影响
app.adviad.com,StevenBlack/hosts,tracker,high,stevenblack 聚合拦截域名,block_soft,广告/追踪或恶意通信被拦截；正常站点功能通常不受影响
dsp.adviad.com,StevenBlack/hosts,tracker,high,stevenblack 聚合拦截域名,block_soft,广告/追踪或恶意通信被拦截；正常站点功能通常不受影响
ssp.adviad.com,StevenBlack/hosts,tracker,high,stevenblack 聚合拦截域名,block_soft,广告/追踪或恶意通信被拦截；正常站点功能通常不受影响
report.adviad.com,StevenBlack/hosts,tracker,high,stevenblack 聚合拦截域名,block_soft,广告/追踪或恶意通信被拦截；正常站点功能通常不受影响
cdnuz.adviad.com,StevenBlack/hosts,tracker,high,stevenblack 聚合拦截域名,block_soft,广告/追踪或恶意通信被拦截；正常站点功能通常不受影响
viglink.com,StevenBlack/hosts,tracker,high,stevenblack 聚合拦截域名,block_soft,广告/追踪或恶意通信被拦截；正常站点功能通常不受影响
live.rezync.com,StevenBlack/hosts,tracker,high,stevenblack 聚合拦截域名,block_soft,广告/追踪或恶意通信被拦截；正常站点功能通常不受影响
netc.sfr.fr,StevenBlack/hosts,tracker,high,stevenblack 聚合拦截域名,block_soft,广告/追踪或恶意通信被拦截；正常站点功能通常不受影响
tag.clrstm.com,StevenBlack/hosts,tracker,high,stevenblack 聚合拦截域名,block_soft,广告/追踪或恶意通信被拦截；正常站点功能通常不受影响
vkcache.com,StevenBlack/hosts,tracker,high,stevenblack 聚合拦截域名,block_soft,广告/追踪或恶意通信被拦截；正常站点功能通常不受影响
b174.s240.meetrics.net,StevenBlack/hosts,tracker,high,stevenblack 聚合拦截域名,block_soft,广告/追踪或恶意通信被拦截；正常站点功能通常不受影响
b95.s79.research.de.com,StevenBlack/hosts,tracker,high,stevenblack 聚合拦截域名,block_soft,广告/追踪或恶意通信被拦截；正常站点功能通常不受影响
bid.sxp.smartclip.net,StevenBlack/hosts,tracker,high,stevenblack 聚合拦截域名,block_soft,广告/追踪或恶意通信被拦截；正常站点功能通常不受影响
customers-lidl.kameleoon.com,StevenBlack/hosts,tracker,high,stevenblack 聚合拦截域名,block_soft,广告/追踪或恶意通信被拦截；正常站点功能通常不受影响
eu-tlp01.kameleoon.eu,StevenBlack/hosts,tracker,high,stevenblack 聚合拦截域名,block_soft,广告/追踪或恶意通信被拦截；正常站点功能通常不受影响
eu-tlp02.kameleoon.eu,StevenBlack/hosts,tracker,high,stevenblack 聚合拦截域名,block_soft,广告/追踪或恶意通信被拦截；正常站点功能通常不受影响
eu-tlp05.kameleoon.eu,StevenBlack/hosts,tracker,high,stevenblack 聚合拦截域名,block_soft,广告/追踪或恶意通信被拦截；正常站点功能通常不受影响
z9q9kj37oy.kameleoon.eu,StevenBlack/hosts,tracker,high,stevenblack 聚合拦截域名,block_soft,广告/追踪或恶意通信被拦截；正常站点功能通常不受影响
storage.kameleoon.eu,StevenBlack/hosts,tracker,high,stevenblack 聚合拦截域名,block_soft,广告/追踪或恶意通信被拦截；正常站点功能通常不受影响
logs1413.xiti.com,StevenBlack/hosts,tracker,high,stevenblack 聚合拦截域名,block_soft,广告/追踪或恶意通信被拦截；正常站点功能通常不受影响
responder.wt-safetag.com,StevenBlack/hosts,tracker,high,stevenblack 聚合拦截域名,block_soft,广告/追踪或恶意通信被拦截；正常站点功能通常不受影响
s240.mxcdn.net,StevenBlack/hosts,tracker,high,stevenblack 聚合拦截域名,block_soft,广告/追踪或恶意通信被拦截；正常站点功能通常不受影响
s385.mxcdn.net,StevenBlack/hosts,tracker,high,stevenblack 聚合拦截域名,block_soft,广告/追踪或恶意通信被拦截；正常站点功能通常不受影响
s79.mxcdn.net,StevenBlack/hosts,tracker,high,stevenblack 聚合拦截域名,block_soft,广告/追踪或恶意通信被拦截；正常站点功能通常不受影响
www.lacmp.net,StevenBlack/hosts,tracker,high,stevenblack 聚合拦截域名,block_soft,广告/追踪或恶意通信被拦截；正常站点功能通常不受影响
zipservice.adalliance.io,StevenBlack/hosts,tracker,high,stevenblack 聚合拦截域名,block_soft,广告/追踪或恶意通信被拦截；正常站点功能通常不受影响
github.com.cnpmjs.org,StevenBlack/hosts,tracker,high,stevenblack 聚合拦截域名,block_soft,广告/追踪或恶意通信被拦截；正常站点功能通常不受影响
facilitategovernor.com,StevenBlack/hosts,tracker,high,stevenblack 聚合拦截域名,block_soft,广告/追踪或恶意通信被拦截；正常站点功能通常不受影响
mvideo.facilitategovernor.com,StevenBlack/hosts,tracker,high,stevenblack 聚合拦截域名,block_soft,广告/追踪或恶意通信被拦截；正常站点功能通常不受影响
ns1.facilitategovernor.com,StevenBlack/hosts,tracker,high,stevenblack 聚合拦截域名,block_soft,广告/追踪或恶意通信被拦截；正常站点功能通常不受影响
p.vtracy.de,StevenBlack/hosts,tracker,high,stevenblack 聚合拦截域名,block_soft,广告/追踪或恶意通信被拦截；正常站点功能通常不受影响
www.asadcdn.com,StevenBlack/hosts,tracker,high,stevenblack 聚合拦截域名,block_soft,广告/追踪或恶意通信被拦截；正常站点功能通常不受影响
adstax-cdn.adrtx.net,StevenBlack/hosts,tracker,high,stevenblack 聚合拦截域名,block_soft,广告/追踪或恶意通信被拦截；正常站点功能通常不受影响
lmyd3iz3qn.kameleoon.eu,StevenBlack/hosts,tracker,high,stevenblack 聚合拦截域名,block_soft,广告/追踪或恶意通信被拦截；正常站点功能通常不受影响
logs1407.xiti.com,StevenBlack/hosts,tracker,high,stevenblack 聚合拦截域名,block_soft,广告/追踪或恶意通信被拦截；正常站点功能通常不受影响
s400.mxcdn.net,StevenBlack/hosts,tracker,high,stevenblack 聚合拦截域名,block_soft,广告/追踪或恶意通信被拦截；正常站点功能通常不受影响
lb7.s400.meetrics.net,StevenBlack/hosts,tracker,high,stevenblack 聚合拦截域名,block_soft,广告/追踪或恶意通信被拦截；正常站点功能通常不受影响
lb70.s400.meetrics.net,StevenBlack/hosts,tracker,high,stevenblack 聚合拦截域名,block_soft,广告/追踪或恶意通信被拦截；正常站点功能通常不受影响
lb73.s400.meetrics.net,StevenBlack/hosts,tracker,high,stevenblack 聚合拦截域名,block_soft,广告/追踪或恶意通信被拦截；正常站点功能通常不受影响
lb74.s400.meetrics.net,StevenBlack/hosts,tracker,high,stevenblack 聚合拦截域名,block_soft,广告/追踪或恶意通信被拦截；正常站点功能通常不受影响
lb79.s400.meetrics.net,StevenBlack/hosts,tracker,high,stevenblack 聚合拦截域名,block_soft,广告/追踪或恶意通信被拦截；正常站点功能通常不受影响
pdw-usr.userreport.com,StevenBlack/hosts,tracker,high,stevenblack 聚合拦截域名,block_soft,广告/追踪或恶意通信被拦截；正常站点功能通常不受影响
eu-tlp04.kameleoon.eu,StevenBlack/hosts,tracker,high,stevenblack 聚合拦截域名,block_soft,广告/追踪或恶意通信被拦截；正常站点功能通常不受影响
eu-tlp06.kameleoon.eu,StevenBlack/hosts,tracker,high,stevenblack 聚合拦截域名,block_soft,广告/追踪或恶意通信被拦截；正常站点功能通常不受影响
eu-tlp07.kameleoon.eu,StevenBlack/hosts,tracker,high,stevenblack 聚合拦截域名,block_soft,广告/追踪或恶意通信被拦截；正常站点功能通常不受影响
lb5.s400.meetrics.net,StevenBlack/hosts,tracker,high,stevenblack 聚合拦截域名,block_soft,广告/追踪或恶意通信被拦截；正常站点功能通常不受影响
lb9.s400.meetrics.net,StevenBlack/hosts,tracker,high,stevenblack 聚合拦截域名,block_soft,广告/追踪或恶意通信被拦截；正常站点功能通常不受影响
lb13.s400.meetrics.net,StevenBlack/hosts,tracker,high,stevenblack 聚合拦截域名,block_soft,广告/追踪或恶意通信被拦截；正常站点功能通常不受影响
lb30.s400.meetrics.net,StevenBlack/hosts,tracker,high,stevenblack 聚合拦截域名,block_soft,广告/追踪或恶意通信被拦截；正常站点功能通常不受影响
lb49.s400.meetrics.net,StevenBlack/hosts,tracker,high,stevenblack 聚合拦截域名,block_soft,广告/追踪或恶意通信被拦截；正常站点功能通常不受影响
lb50.s400.meetrics.net,StevenBlack/hosts,tracker,high,stevenblack 聚合拦截域名,block_soft,广告/追踪或恶意通信被拦截；正常站点功能通常不受影响
lb62.s400.meetrics.net,StevenBlack/hosts,tracker,high,stevenblack 聚合拦截域名,block_soft,广告/追踪或恶意通信被拦截；正常站点功能通常不受影响
lb76.s400.meetrics.net,StevenBlack/hosts,tracker,high,stevenblack 聚合拦截域名,block_soft,广告/追踪或恶意通信被拦截；正常站点功能通常不受影响
lb78.s400.meetrics.net,StevenBlack/hosts,tracker,high,stevenblack 聚合拦截域名,block_soft,广告/追踪或恶意通信被拦截；正常站点功能通常不受影响
lb86.s400.meetrics.net,StevenBlack/hosts,tracker,high,stevenblack 聚合拦截域名,block_soft,广告/追踪或恶意通信被拦截；正常站点功能通常不受影响
lb90.s400.meetrics.net,StevenBlack/hosts,tracker,high,stevenblack 聚合拦截域名,block_soft,广告/追踪或恶意通信被拦截；正常站点功能通常不受影响
lb96.s400.meetrics.net,StevenBlack/hosts,tracker,high,stevenblack 聚合拦截域名,block_soft,广告/追踪或恶意通信被拦截；正常站点功能通常不受影响
bls.adalliance.io,StevenBlack/hosts,tracker,high,stevenblack 聚合拦截域名,block_soft,广告/追踪或恶意通信被拦截；正常站点功能通常不受影响
traffic.emsservice.de,StevenBlack/hosts,tracker,high,stevenblack 聚合拦截域名,block_soft,广告/追踪或恶意通信被拦截；正常站点功能通常不受影响
static.emsservice.de,StevenBlack/hosts,tracker,high,stevenblack 聚合拦截域名,block_soft,广告/追踪或恶意通信被拦截；正常站点功能通常不受影响
te.technical-service.net,StevenBlack/hosts,tracker,high,stevenblack 聚合拦截域名,block_soft,广告/追踪或恶意通信被拦截；正常站点功能通常不受影响
news.thaprior.net,StevenBlack/hosts,tracker,high,stevenblack 聚合拦截域名,block_soft,广告/追踪或恶意通信被拦截；正常站点功能通常不受影响
blog.eduelects.com,StevenBlack/hosts,tracker,high,stevenblack 聚合拦截域名,block_soft,广告/追踪或恶意通信被拦截；正常站点功能通常不受影响
cdn.mirror-codes.net,StevenBlack/hosts,tracker,high,stevenblack 聚合拦截域名,block_soft,广告/追踪或恶意通信被拦截；正常站点功能通常不受影响
status.sublineover.net,StevenBlack/hosts,tracker,high,stevenblack 聚合拦截域名,block_soft,广告/追踪或恶意通信被拦截；正常站点功能通常不受影响
docs.pipenv.org,StevenBlack/hosts,tracker,high,stevenblack 聚合拦截域名,block_soft,广告/追踪或恶意通信被拦截；正常站点功能通常不受影响
a9v8.cn,StevenBlack/hosts,tracker,high,stevenblack 聚合拦截域名,block_soft,广告/追踪或恶意通信被拦截；正常站点功能通常不受影响
config.unityads.unitychina.cn,StevenBlack/hosts,tracker,high,stevenblack 聚合拦截域名,block_soft,广告/追踪或恶意通信被拦截；正常站点功能通常不受影响
cu-cn-north00001.gala.convection.cn,StevenBlack/hosts,tracker,high,stevenblack 聚合拦截域名,block_soft,广告/追踪或恶意通信被拦截；正常站点功能通常不受影响
cu-cn-north00002.gala.convection.cn,StevenBlack/hosts,tracker,high,stevenblack 聚合拦截域名,block_soft,广告/追踪或恶意通信被拦截；正常站点功能通常不受影响
discuz.gtimg.cn,StevenBlack/hosts,tracker,high,stevenblack 聚合拦截域名,block_soft,广告/追踪或恶意通信被拦截；正常站点功能通常不受影响
duologinsupersdk.ewan.cn,StevenBlack/hosts,tracker,high,stevenblack 聚合拦截域名,block_soft,广告/追踪或恶意通信被拦截；正常站点功能通常不受影响
hao.360.cn,StevenBlack/hosts,tracker,high,stevenblack 聚合拦截域名,block_soft,广告/追踪或恶意通信被拦截；正常站点功能通常不受影响
imdns.hpplay.cn,StevenBlack/hosts,tracker,high,stevenblack 聚合拦截域名,block_soft,广告/追踪或恶意通信被拦截；正常站点功能通常不受影响
logu.hpplay.cn,StevenBlack/hosts,tracker,high,stevenblack 聚合拦截域名,block_soft,广告/追踪或恶意通信被拦截；正常站点功能通常不受影响
m.bchchk.cn,StevenBlack/hosts,tracker,high,stevenblack 聚合拦截域名,block_soft,广告/追踪或恶意通信被拦截；正常站点功能通常不受影响
mathtype.cn,StevenBlack/hosts,tracker,high,stevenblack 聚合拦截域名,block_soft,广告/追踪或恶意通信被拦截；正常站点功能通常不受影响
picanalysis.vivo.com.cn,StevenBlack/hosts,tracker,high,stevenblack 聚合拦截域名,block_soft,广告/追踪或恶意通信被拦截；正常站点功能通常不受影响
rp.hpplay.cn,StevenBlack/hosts,tracker,high,stevenblack 聚合拦截域名,block_soft,广告/追踪或恶意通信被拦截；正常站点功能通常不受影响
safeurl.maxthon.cn,StevenBlack/hosts,tracker,high,stevenblack 聚合拦截域名,block_soft,广告/追踪或恶意通信被拦截；正常站点功能通常不受影响
ssdkauth.hpplay.cn,StevenBlack/hosts,tracker,high,stevenblack 聚合拦截域名,block_soft,广告/追踪或恶意通信被拦截；正常站点功能通常不受影响
urgente.eu,StevenBlack/hosts,tracker,high,stevenblack 聚合拦截域名,block_soft,广告/追踪或恶意通信被拦截；正常站点功能通常不受影响
localbestdating1.com,StevenBlack/hosts,tracker,high,stevenblack 聚合拦截域名,block_soft,广告/追踪或恶意通信被拦截；正常站点功能通常不受影响
sylviagreen.club,StevenBlack/hosts,tracker,high,stevenblack 聚合拦截域名,block_soft,广告/追踪或恶意通信被拦截；正常站点功能通常不受影响
xvtelink.com,StevenBlack/hosts,tracker,high,stevenblack 聚合拦截域名,block_soft,广告/追踪或恶意通信被拦截；正常站点功能通常不受影响
invol.co,StevenBlack/hosts,tracker,high,stevenblack 聚合拦截域名,block_soft,广告/追踪或恶意通信被拦截；正常站点功能通常不受影响
36c4.net,StevenBlack/hosts,tracker,high,stevenblack 聚合拦截域名,block_soft,广告/追踪或恶意通信被拦截；正常站点功能通常不受影响
go.trafficrouter.io,StevenBlack/hosts,tracker,high,stevenblack 聚合拦截域名,block_soft,广告/追踪或恶意通信被拦截；正常站点功能通常不受影响
track.venatusmedia.com,StevenBlack/hosts,tracker,high,stevenblack 聚合拦截域名,block_soft,广告/追踪或恶意通信被拦截；正常站点功能通常不受影响
amptrack.dailymail.co.uk,StevenBlack/hosts,tracker,high,stevenblack 聚合拦截域名,block_soft,广告/追踪或恶意通信被拦截；正常站点功能通常不受影响
mailmetromedia.amp.permutive.com,StevenBlack/hosts,tracker,high,stevenblack 聚合拦截域名,block_soft,广告/追踪或恶意通信被拦截；正常站点功能通常不受影响
mc.speakol.com,StevenBlack/hosts,tracker,high,stevenblack 聚合拦截域名,block_soft,广告/追踪或恶意通信被拦截；正常站点功能通常不受影响
rd.speakol.com,StevenBlack/hosts,tracker,high,stevenblack 聚合拦截域名,block_soft,广告/追踪或恶意通信被拦截；正常站点功能通常不受影响
inline.speakol.com,StevenBlack/hosts,tracker,high,stevenblack 聚合拦截域名,block_soft,广告/追踪或恶意通信被拦截；正常站点功能通常不受影响
pixel.speakol.com,StevenBlack/hosts,tracker,high,stevenblack 聚合拦截域名,block_soft,广告/追踪或恶意通信被拦截；正常站点功能通常不受影响
cdn.speakol.com,StevenBlack/hosts,tracker,high,stevenblack 聚合拦截域名,block_soft,广告/追踪或恶意通信被拦截；正常站点功能通常不受影响
recommendation.speakol.com,StevenBlack/hosts,tracker,high,stevenblack 聚合拦截域名,block_soft,广告/追踪或恶意通信被拦截；正常站点功能通常不受影响
crawler.speakol.com,StevenBlack/hosts,tracker,high,stevenblack 聚合拦截域名,block_soft,广告/追踪或恶意通信被拦截；正常站点功能通常不受影响
ads.speakol.com,StevenBlack/hosts,tracker,high,stevenblack 聚合拦截域名,block_soft,广告/追踪或恶意通信被拦截；正常站点功能通常不受影响
plugins.speakol.com,StevenBlack/hosts,tracker,high,stevenblack 聚合拦截域名,block_soft,广告/追踪或恶意通信被拦截；正常站点功能通常不受影响
publishers.speakol.com,StevenBlack/hosts,tracker,high,stevenblack 聚合拦截域名,block_soft,广告/追踪或恶意通信被拦截；正常站点功能通常不受影响
dev.publishers.speakol.com,StevenBlack/hosts,tracker,high,stevenblack 聚合拦截域名,block_soft,广告/追踪或恶意通信被拦截；正常站点功能通常不受影响
www.gmial.com,StevenBlack/hosts,tracker,high,stevenblack 聚合拦截域名,block_soft,广告/追踪或恶意通信被拦截；正常站点功能通常不受影响
assets.vlitag.com,StevenBlack/hosts,tracker,high,stevenblack 聚合拦截域名,block_soft,广告/追踪或恶意通信被拦截；正常站点功能通常不受影响
services.vlitag.com,StevenBlack/hosts,tracker,high,stevenblack 聚合拦截域名,block_soft,广告/追踪或恶意通信被拦截；正常站点功能通常不受影响
tag.vlitag.com,StevenBlack/hosts,tracker,high,stevenblack 聚合拦截域名,block_soft,广告/追踪或恶意通信被拦截；正常站点功能通常不受影响
static.vliplatform.com,StevenBlack/hosts,tracker,high,stevenblack 聚合拦截域名,block_soft,广告/追踪或恶意通信被拦截；正常站点功能通常不受影响
c.hrzn-nxt.com,StevenBlack/hosts,tracker,high,stevenblack 聚合拦截域名,block_soft,广告/追踪或恶意通信被拦截；正常站点功能通常不受影响
s.clcktrax.com,StevenBlack/hosts,tracker,high,stevenblack 聚合拦截域名,block_soft,广告/追踪或恶意通信被拦截；正常站点功能通常不受影响
ssl.googleanalytics.com,StevenBlack/hosts,tracker,high,stevenblack 聚合拦截域名,block_soft,广告/追踪或恶意通信被拦截；正常站点功能通常不受影响
click.googleanalytics.com,StevenBlack/hosts,tracker,high,stevenblack 聚合拦截域名,block_soft,广告/追踪或恶意通信被拦截；正常站点功能通常不受影响
alt2.googleanalytics.com,StevenBlack/hosts,tracker,high,stevenblack 聚合拦截域名,block_soft,广告/追踪或恶意通信被拦截；正常站点功能通常不受影响
alt4.googleanalytics.com,StevenBlack/hosts,tracker,high,stevenblack 聚合拦截域名,block_soft,广告/追踪或恶意通信被拦截；正常站点功能通常不受影响
sandbox.googleanalytics.com,StevenBlack/hosts,tracker,high,stevenblack 聚合拦截域名,block_soft,广告/追踪或恶意通信被拦截；正常站点功能通常不受影响
admobclick.com,StevenBlack/hosts,tracker,high,stevenblack 聚合拦截域名,block_soft,广告/追踪或恶意通信被拦截；正常站点功能通常不受影响
pixel.admobclick.com,StevenBlack/hosts,tracker,high,stevenblack 聚合拦截域名,block_soft,广告/追踪或恶意通信被拦截；正常站点功能通常不受影响
coinjoin.io,StevenBlack/hosts,tracker,high,stevenblack 聚合拦截域名,block_soft,广告/追踪或恶意通信被拦截；正常站点功能通常不受影响
dealabs.digidip.net,StevenBlack/hosts,tracker,high,stevenblack 聚合拦截域名,block_soft,广告/追踪或恶意通信被拦截；正常站点功能通常不受影响
whynotwin11.com,StevenBlack/hosts,tracker,high,stevenblack 聚合拦截域名,block_soft,广告/追踪或恶意通信被拦截；正常站点功能通常不受影响
www.secure-verify-info.ddns.info,StevenBlack/hosts,tracker,high,stevenblack 聚合拦截域名,block_soft,广告/追踪或恶意通信被拦截；正常站点功能通常不受影响
www.secure-verify-account.ddns.info,StevenBlack/hosts,tracker,high,stevenblack 聚合拦截域名,block_soft,广告/追踪或恶意通信被拦截；正常站点功能通常不受影响
www.secure-verify-update.ddns.info,StevenBlack/hosts,tracker,high,stevenblack 聚合拦截域名,block_soft,广告/追踪或恶意通信被拦截；正常站点功能通常不受影响
www.security-update.ddns.info,StevenBlack/hosts,tracker,high,stevenblack 聚合拦截域名,block_soft,广告/追踪或恶意通信被拦截；正常站点功能通常不受影响
update-security.ddns.info,StevenBlack/hosts,tracker,high,stevenblack 聚合拦截域名,block_soft,广告/追踪或恶意通信被拦截；正常站点功能通常不受影响
www.security-update.ocry.com,StevenBlack/hosts,tracker,high,stevenblack 聚合拦截域名,block_soft,广告/追踪或恶意通信被拦截；正常站点功能通常不受影响
update-information.zzux.com,StevenBlack/hosts,tracker,high,stevenblack 聚合拦截域名,block_soft,广告/追踪或恶意通信被拦截；正常站点功能通常不受影响
information-security.zzux.com,StevenBlack/hosts,tracker,high,stevenblack 聚合拦截域名,block_soft,广告/追踪或恶意通信被拦截；正常站点功能通常不受影响
information-update.dynamic-dns.net,StevenBlack/hosts,tracker,high,stevenblack 聚合拦截域名,block_soft,广告/追踪或恶意通信被拦截；正常站点功能通常不受影响
www.security-info.zyns.com,StevenBlack/hosts,tracker,high,stevenblack 聚合拦截域名,block_soft,广告/追踪或恶意通信被拦截；正常站点功能通常不受影响
update-security.qhigh.com,StevenBlack/hosts,tracker,high,stevenblack 聚合拦截域名,block_soft,广告/追踪或恶意通信被拦截；正常站点功能通常不受影响
www.security-update.qhigh.com,StevenBlack/hosts,tracker,high,stevenblack 聚合拦截域名,block_soft,广告/追踪或恶意通信被拦截；正常站点功能通常不受影响
www.seure-update.fartit.com,StevenBlack/hosts,tracker,high,stevenblack 聚合拦截域名,block_soft,广告/追踪或恶意通信被拦截；正常站点功能通常不受影响
www.updatecatalogs.com,StevenBlack/hosts,tracker,high,stevenblack 聚合拦截域名,block_soft,广告/追踪或恶意通信被拦截；正常站点功能通常不受影响
microsoft.updatecatalogs.com,StevenBlack/hosts,tracker,high,stevenblack 聚合拦截域名,block_soft,广告/追踪或恶意通信被拦截；正常站点功能通常不受影响
webmail.mmtimes.net,StevenBlack/hosts,tracker,high,stevenblack 聚合拦截域名,block_soft,广告/追踪或恶意通信被拦截；正常站点功能通常不受影响
myanmar.flymna.net,StevenBlack/hosts,tracker,high,stevenblack 聚合拦截域名,block_soft,广告/追踪或恶意通信被拦截；正常站点功能通常不受影响
new.mmtimes.org,StevenBlack/hosts,tracker,high,stevenblack 聚合拦截域名,block_soft,广告/追踪或恶意通信被拦截；正常站点功能通常不受影响
ackng.com,StevenBlack/hosts,tracker,high,stevenblack 聚合拦截域名,block_soft,广告/追踪或恶意通信被拦截；正常站点功能通常不受影响
bb3u9.com,StevenBlack/hosts,tracker,high,stevenblack 聚合拦截域名,block_soft,广告/追踪或恶意通信被拦截；正常站点功能通常不受影响
ttr3p.com,StevenBlack/hosts,tracker,high,stevenblack 聚合拦截域名,block_soft,广告/追踪或恶意通信被拦截；正常站点功能通常不受影响
zz3r0.com,StevenBlack/hosts,tracker,high,stevenblack 聚合拦截域名,block_soft,广告/追踪或恶意通信被拦截；正常站点功能通常不受影响
sqlnetcat.com,StevenBlack/hosts,tracker,high,stevenblack 聚合拦截域名,block_soft,广告/追踪或恶意通信被拦截；正常站点功能通常不受影响
netcatkit.com,StevenBlack/hosts,tracker,high,stevenblack 聚合拦截域名,block_soft,广告/追踪或恶意通信被拦截；正常站点功能通常不受影响
hwqloan.com,StevenBlack/hosts,tracker,high,stevenblack 聚合拦截域名,block_soft,广告/追踪或恶意通信被拦截；正常站点功能通常不受影响
75.ag,StevenBlack/hosts,tracker,high,stevenblack 聚合拦截域名,block_soft,广告/追踪或恶意通信被拦截；正常站点功能通常不受影响
js88.ag,StevenBlack/hosts,tracker,high,stevenblack 聚合拦截域名,block_soft,广告/追踪或恶意通信被拦截；正常站点功能通常不受影响
qq8.ag,StevenBlack/hosts,tracker,high,stevenblack 聚合拦截域名,block_soft,广告/追踪或恶意通信被拦截；正常站点功能通常不受影响
cdnimages.xyz,StevenBlack/hosts,tracker,high,stevenblack 聚合拦截域名,block_soft,广告/追踪或恶意通信被拦截；正常站点功能通常不受影响
pp6r1.com,StevenBlack/hosts,tracker,high,stevenblack 聚合拦截域名,block_soft,广告/追踪或恶意通信被拦截；正常站点功能通常不受影响
amynx.com,StevenBlack/hosts,tracker,high,stevenblack 聚合拦截域名,block_soft,广告/追踪或恶意通信被拦截；正常站点功能通常不受影响
zer9g.com,StevenBlack/hosts,tracker,high,stevenblack 聚合拦截域名,block_soft,广告/追踪或恶意通信被拦截；正常站点功能通常不受影响
b69kq.com,StevenBlack/hosts,tracker,high,stevenblack 聚合拦截域名,block_soft,广告/追踪或恶意通信被拦截；正常站点功能通常不受影响
down.sqlnetcat.com,StevenBlack/hosts,tracker,high,stevenblack 聚合拦截域名,block_soft,广告/追踪或恶意通信被拦截；正常站点功能通常不受影响
gjapplog.ucweb.com,StevenBlack/hosts,tracker,high,stevenblack 聚合拦截域名,block_soft,广告/追踪或恶意通信被拦截；正常站点功能通常不受影响
logssug.ucweb.com,StevenBlack/hosts,tracker,high,stevenblack 聚合拦截域名,block_soft,广告/追踪或恶意通信被拦截；正常站点功能通常不受影响
attr.union.ucweb.com,StevenBlack/hosts,tracker,high,stevenblack 聚合拦截域名,block_soft,广告/追踪或恶意通信被拦截；正常站点功能通常不受影响
www.luckycrush.live,StevenBlack/hosts,tracker,high,stevenblack 聚合拦截域名,block_soft,广告/追踪或恶意通信被拦截；正常站点功能通常不受影响
mmsotk.com,StevenBlack/hosts,tracker,high,stevenblack 聚合拦截域名,block_soft,广告/追踪或恶意通信被拦截；正常站点功能通常不受影响
discord-app.net,StevenBlack/hosts,tracker,high,stevenblack 聚合拦截域名,block_soft,广告/追踪或恶意通信被拦截；正常站点功能通常不受影响
sk.mplmnt.io,StevenBlack/hosts,tracker,high,stevenblack 聚合拦截域名,block_soft,广告/追踪或恶意通信被拦截；正常站点功能通常不受影响
org-upgrade.com,StevenBlack/hosts,tracker,high,stevenblack 聚合拦截域名,block_soft,广告/追踪或恶意通信被拦截；正常站点功能通常不受影响
www.abc.co.bz,StevenBlack/hosts,tracker,high,stevenblack 聚合拦截域名,block_soft,广告/追踪或恶意通信被拦截；正常站点功能通常不受影响
xfnl-spspostit-online.preview-domain.com,StevenBlack/hosts,tracker,high,stevenblack 聚合拦截域名,block_soft,广告/追踪或恶意通信被拦截；正常站点功能通常不受影响
ibancalculator-com.preview-domain.com,StevenBlack/hosts,tracker,high,stevenblack 聚合拦截域名,block_soft,广告/追踪或恶意通信被拦截；正常站点功能通常不受影响
hiperdex.com,StevenBlack/hosts,tracker,high,stevenblack 聚合拦截域名,block_soft,广告/追踪或恶意通信被拦截；正常站点功能通常不受影响
cloudshare.nocoshop.ru,StevenBlack/hosts,tracker,high,stevenblack 聚合拦截域名,block_soft,广告/追踪或恶意通信被拦截；正常站点功能通常不受影响
easyfiles.nocoshop.ru,StevenBlack/hosts,tracker,high,stevenblack 聚合拦截域名,block_soft,广告/追踪或恶意通信被拦截；正常站点功能通常不受影响
filedrive.nocoshop.ru,StevenBlack/hosts,tracker,high,stevenblack 聚合拦截域名,block_soft,广告/追踪或恶意通信被拦截；正常站点功能通常不受影响
filekeeper.nocoshop.ru,StevenBlack/hosts,tracker,high,stevenblack 聚合拦截域名,block_soft,广告/追踪或恶意通信被拦截；正常站点功能通常不受影响
filestation.nocoshop.ru,StevenBlack/hosts,tracker,high,stevenblack 聚合拦截域名,block_soft,广告/追踪或恶意通信被拦截；正常站点功能通常不受影响
gouploads.nocoshop.ru,StevenBlack/hosts,tracker,high,stevenblack 聚合拦截域名,block_soft,广告/追踪或恶意通信被拦截；正常站点功能通常不受影响
linkbox.nocoshop.ru,StevenBlack/hosts,tracker,high,stevenblack 聚合拦截域名,block_soft,广告/追踪或恶意通信被拦截；正常站点功能通常不受影响
liquidfile.nocoshop.ru,StevenBlack/hosts,tracker,high,stevenblack 聚合拦截域名,block_soft,广告/追踪或恶意通信被拦截；正常站点功能通常不受影响
mirroruploads.nocoshop.ru,StevenBlack/hosts,tracker,high,stevenblack 聚合拦截域名,block_soft,广告/追踪或恶意通信被拦截；正常站点功能通常不受影响
openshare.nocoshop.ru,StevenBlack/hosts,tracker,high,stevenblack 聚合拦截域名,block_soft,广告/追踪或恶意通信被拦截；正常站点功能通常不受影响
quicklinks.nocoshop.ru,StevenBlack/hosts,tracker,high,stevenblack 聚合拦截域名,block_soft,广告/追踪或恶意通信被拦截；正常站点功能通常不受影响
secretfiles.nocoshop.ru,StevenBlack/hosts,tracker,high,stevenblack 聚合拦截域名,block_soft,广告/追踪或恶意通信被拦截；正常站点功能通常不受影响
sendbox.nocoshop.ru,StevenBlack/hosts,tracker,high,stevenblack 聚合拦截域名,block_soft,广告/追踪或恶意通信被拦截；正常站点功能通常不受影响
smartfiles.nocoshop.ru,StevenBlack/hosts,tracker,high,stevenblack 聚合拦截域名,block_soft,广告/追踪或恶意通信被拦截；正常站点功能通常不受影响
tinyfiles.nocoshop.ru,StevenBlack/hosts,tracker,high,stevenblack 聚合拦截域名,block_soft,广告/追踪或恶意通信被拦截；正常站点功能通常不受影响
turbobit.nocoshop.ru,StevenBlack/hosts,tracker,high,stevenblack 聚合拦截域名,block_soft,广告/追踪或恶意通信被拦截；正常站点功能通常不受影响
uberupload.nocoshop.ru,StevenBlack/hosts,tracker,high,stevenblack 聚合拦截域名,block_soft,广告/追踪或恶意通信被拦截；正常站点功能通常不受影响
upandshare.nocoshop.ru,StevenBlack/hosts,tracker,high,stevenblack 聚合拦截域名,block_soft,广告/追踪或恶意通信被拦截；正常站点功能通常不受影响
weupload.nocoshop.ru,StevenBlack/hosts,tracker,high,stevenblack 聚合拦截域名,block_soft,广告/追踪或恶意通信被拦截；正常站点功能通常不受影响
zippyfiles.nocoshop.ru,StevenBlack/hosts,tracker,high,stevenblack 聚合拦截域名,block_soft,广告/追踪或恶意通信被拦截；正常站点功能通常不受影响
easyfiles.topupload.ru,StevenBlack/hosts,tracker,high,stevenblack 聚合拦截域名,block_soft,广告/追踪或恶意通信被拦截；正常站点功能通常不受影响
filekeeper.topupload.ru,StevenBlack/hosts,tracker,high,stevenblack 聚合拦截域名,block_soft,广告/追踪或恶意通信被拦截；正常站点功能通常不受影响
linkbox.topupload.ru,StevenBlack/hosts,tracker,high,stevenblack 聚合拦截域名,block_soft,广告/追踪或恶意通信被拦截；正常站点功能通常不受影响
liquidfile.topupload.ru,StevenBlack/hosts,tracker,high,stevenblack 聚合拦截域名,block_soft,广告/追踪或恶意通信被拦截；正常站点功能通常不受影响
mirroruploads.topupload.ru,StevenBlack/hosts,tracker,high,stevenblack 聚合拦截域名,block_soft,广告/追踪或恶意通信被拦截；正常站点功能通常不受影响
openshare.topupload.ru,StevenBlack/hosts,tracker,high,stevenblack 聚合拦截域名,block_soft,广告/追踪或恶意通信被拦截；正常站点功能通常不受影响
sendbox.topupload.ru,StevenBlack/hosts,tracker,high,stevenblack 聚合拦截域名,block_soft,广告/追踪或恶意通信被拦截；正常站点功能通常不受影响
turbobit.topupload.ru,StevenBlack/hosts,tracker,high,stevenblack 聚合拦截域名,block_soft,广告/追踪或恶意通信被拦截；正常站点功能通常不受影响
uberupload.topupload.ru,StevenBlack/hosts,tracker,high,stevenblack 聚合拦截域名,block_soft,广告/追踪或恶意通信被拦截；正常站点功能通常不受影响
weupload.topupload.ru,StevenBlack/hosts,tracker,high,stevenblack 聚合拦截域名,block_soft,广告/追踪或恶意通信被拦截；正常站点功能通常不受影响
zippyfiles.topupload.ru,StevenBlack/hosts,tracker,high,stevenblack 聚合拦截域名,block_soft,广告/追踪或恶意通信被拦截；正常站点功能通常不受影响
cloudshare.uploadbox.world,StevenBlack/hosts,tracker,high,stevenblack 聚合拦截域名,block_soft,广告/追踪或恶意通信被拦截；正常站点功能通常不受影响
filedrive.uploadbox.world,StevenBlack/hosts,tracker,high,stevenblack 聚合拦截域名,block_soft,广告/追踪或恶意通信被拦截；正常站点功能通常不受影响
filestation.uploadbox.world,StevenBlack/hosts,tracker,high,stevenblack 聚合拦截域名,block_soft,广告/追踪或恶意通信被拦截；正常站点功能通常不受影响
gouploads.uploadbox.world,StevenBlack/hosts,tracker,high,stevenblack 聚合拦截域名,block_soft,广告/追踪或恶意通信被拦截；正常站点功能通常不受影响
quicklinks.uploadbox.world,StevenBlack/hosts,tracker,high,stevenblack 聚合拦截域名,block_soft,广告/追踪或恶意通信被拦截；正常站点功能通常不受影响
secretfiles.uploadbox.world,StevenBlack/hosts,tracker,high,stevenblack 聚合拦截域名,block_soft,广告/追踪或恶意通信被拦截；正常站点功能通常不受影响
smartfiles.uploadbox.world,StevenBlack/hosts,tracker,high,stevenblack 聚合拦截域名,block_soft,广告/追踪或恶意通信被拦截；正常站点功能通常不受影响
tinyfiles.uploadbox.world,StevenBlack/hosts,tracker,high,stevenblack 聚合拦截域名,block_soft,广告/追踪或恶意通信被拦截；正常站点功能通常不受影响
uberupload.uploadbox.world,StevenBlack/hosts,tracker,high,stevenblack 聚合拦截域名,block_soft,广告/追踪或恶意通信被拦截；正常站点功能通常不受影响
upandshare.uploadbox.world,StevenBlack/hosts,tracker,high,stevenblack 聚合拦截域名,block_soft,广告/追踪或恶意通信被拦截；正常站点功能通常不受影响
arabianpdfbooks.info,StevenBlack/hosts,tracker,high,stevenblack 聚合拦截域名,block_soft,广告/追踪或恶意通信被拦截；正常站点功能通常不受影响
james-joyce.site,StevenBlack/hosts,tracker,high,stevenblack 聚合拦截域名,block_soft,广告/追踪或恶意通信被拦截；正常站点功能通常不受影响
kutib-lilajhiza.info,StevenBlack/hosts,tracker,high,stevenblack 聚合拦截域名,block_soft,广告/追踪或恶意通信被拦截；正常站点功能通常不受影响
nathanielhawthorne.site,StevenBlack/hosts,tracker,high,stevenblack 聚合拦截域名,block_soft,广告/追踪或恶意通信被拦截；正常站点功能通常不受影响
samuel-beckett.site,StevenBlack/hosts,tracker,high,stevenblack 聚合拦截域名,block_soft,广告/追踪或恶意通信被拦截；正常站点功能通常不受影响
tahmil-kutib-pdf.info,StevenBlack/hosts,tracker,high,stevenblack 聚合拦截域名,block_soft,广告/追踪或恶意通信被拦截；正常站点功能通常不受影响
uberupload.online,StevenBlack/hosts,tracker,high,stevenblack 聚合拦截域名,block_soft,广告/追踪或恶意通信被拦截；正常站点功能通常不受影响
pokemoney.biz,StevenBlack/hosts,tracker,high,stevenblack 聚合拦截域名,block_soft,广告/追踪或恶意通信被拦截；正常站点功能通常不受影响
pokemoney.shop,StevenBlack/hosts,tracker,high,stevenblack 聚合拦截域名,block_soft,广告/追踪或恶意通信被拦截；正常站点功能通常不受影响
c752sa.k9oeb2eg2ehpgc8fnhkeyyyyyn.domsearch.net,StevenBlack/hosts,tracker,high,stevenblack 聚合拦截域名,block_soft,广告/追踪或恶意通信被拦截；正常站点功能通常不受影响
domsearch.net,StevenBlack/hosts,tracker,high,stevenblack 聚合拦截域名,block_soft,广告/追踪或恶意通信被拦截；正常站点功能通常不受影响
k9oeb2eg2ehpgc8fnhkeyyyyyn.domsearch.net,StevenBlack/hosts,tracker,high,stevenblack 聚合拦截域名,block_soft,广告/追踪或恶意通信被拦截；正常站点功能通常不受影响
mail.domsearch.net,StevenBlack/hosts,tracker,high,stevenblack 聚合拦截域名,block_soft,广告/追踪或恶意通信被拦截；正常站点功能通常不受影响
vor.ngo,StevenBlack/hosts,tracker,high,stevenblack 聚合拦截域名,block_soft,广告/追踪或恶意通信被拦截；正常站点功能通常不受影响
vor.ong,StevenBlack/hosts,tracker,high,stevenblack 聚合拦截域名,block_soft,广告/追踪或恶意通信被拦截；正常站点功能通常不受影响
xxsweety.com,StevenBlack/hosts,tracker,high,stevenblack 聚合拦截域名,block_soft,广告/追踪或恶意通信被拦截；正常站点功能通常不受影响
manualdrain.com,StevenBlack/hosts,tracker,high,stevenblack 聚合拦截域名,block_soft,广告/追踪或恶意通信被拦截；正常站点功能通常不受影响
mypornsnap.top,StevenBlack/hosts,tracker,high,stevenblack 聚合拦截域名,block_soft,广告/追踪或恶意通信被拦截；正常站点功能通常不受影响
asecv.xyz,StevenBlack/hosts,tracker,high,stevenblack 聚合拦截域名,block_soft,广告/追踪或恶意通信被拦截；正常站点功能通常不受影响
loopybatl.site,StevenBlack/hosts,tracker,high,stevenblack 聚合拦截域名,block_soft,广告/追踪或恶意通信被拦截；正常站点功能通常不受影响
technoob.info,StevenBlack/hosts,tracker,high,stevenblack 聚合拦截域名,block_soft,广告/追踪或恶意通信被拦截；正常站点功能通常不受影响
thefappeningpics.com,StevenBlack/hosts,tracker,high,stevenblack 聚合拦截域名,block_soft,广告/追踪或恶意通信被拦截；正常站点功能通常不受影响
hotzxgirl.com,StevenBlack/hosts,tracker,high,stevenblack 聚合拦截域名,block_soft,广告/追踪或恶意通信被拦截；正常站点功能通常不受影响
roksa.sx,StevenBlack/hosts,tracker,high,stevenblack 聚合拦截域名,block_soft,广告/追踪或恶意通信被拦截；正常站点功能通常不受影响
waaw.to,StevenBlack/hosts,tracker,high,stevenblack 聚合拦截域名,block_soft,广告/追踪或恶意通信被拦截；正常站点功能通常不受影响
zmyslowyklub.com,StevenBlack/hosts,tracker,high,stevenblack 聚合拦截域名,block_soft,广告/追踪或恶意通信被拦截；正常站点功能通常不受影响
flndmyiove.com,StevenBlack/hosts,tracker,high,stevenblack 聚合拦截域名,block_soft,广告/追踪或恶意通信被拦截；正常站点功能通常不受影响
yourbestwoman.life,StevenBlack/hosts,tracker,high,stevenblack 聚合拦截域名,block_soft,广告/追踪或恶意通信被拦截；正常站点功能通常不受影响
sweetchicks.net,StevenBlack/hosts,tracker,high,stevenblack 聚合拦截域名,block_soft,广告/追踪或恶意通信被拦截；正常站点功能通常不受影响
rbgbq.sweetchicks.net,StevenBlack/hosts,tracker,high,stevenblack 聚合拦截域名,block_soft,广告/追踪或恶意通信被拦截；正常站点功能通常不受影响
fuckmebook.com,StevenBlack/hosts,tracker,high,stevenblack 聚合拦截域名,block_soft,广告/追踪或恶意通信被拦截；正常站点功能通常不受影响
tracking.overwolf.com,StevenBlack/hosts,tracker,high,stevenblack 聚合拦截域名,block_soft,广告/追踪或恶意通信被拦截；正常站点功能通常不受影响
analyticsnew.overwolf.com,StevenBlack/hosts,tracker,high,stevenblack 聚合拦截域名,block_soft,广告/追踪或恶意通信被拦截；正常站点功能通常不受影响
raf.overwolf.com,StevenBlack/hosts,tracker,high,stevenblack 聚合拦截域名,block_soft,广告/追踪或恶意通信被拦截；正常站点功能通常不受影响
speeddials.opera.com,StevenBlack/hosts,tracker,high,stevenblack 聚合拦截域名,block_soft,广告/追踪或恶意通信被拦截；正常站点功能通常不受影响
merchandise.opera-api.com,StevenBlack/hosts,tracker,high,stevenblack 聚合拦截域名,block_soft,广告/追踪或恶意通信被拦截；正常站点功能通常不受影响
analytics.binaryfortress.com,StevenBlack/hosts,tracker,high,stevenblack 聚合拦截域名,block_soft,广告/追踪或恶意通信被拦截；正常站点功能通常不受影响
seductivegirls.cyou,StevenBlack/hosts,tracker,high,stevenblack 聚合拦截域名,block_soft,广告/追踪或恶意通信被拦截；正常站点功能通常不受影响
amusingdates.net,StevenBlack/hosts,tracker,high,stevenblack 聚合拦截域名,block_soft,广告/追踪或恶意通信被拦截；正常站点功能通常不受影响
honey-date4u.life,StevenBlack/hosts,tracker,high,stevenblack 聚合拦截域名,block_soft,广告/追踪或恶意通信被拦截；正常站点功能通常不受影响
shopsplumbing.com,StevenBlack/hosts,tracker,high,stevenblack 聚合拦截域名,block_soft,广告/追踪或恶意通信被拦截；正常站点功能通常不受影响
nl-crypto.com,StevenBlack/hosts,tracker,high,stevenblack 聚合拦截域名,block_soft,广告/追踪或恶意通信被拦截；正常站点功能通常不受影响
evri-package-gb.web.app,StevenBlack/hosts,tracker,high,stevenblack 聚合拦截域名,block_soft,广告/追踪或恶意通信被拦截；正常站点功能通常不受影响
telemetry.acronis.com,StevenBlack/hosts,tracker,high,stevenblack 聚合拦截域名,block_soft,广告/追踪或恶意通信被拦截；正常站点功能通常不受影响
mlbcash.com,StevenBlack/hosts,tracker,high,stevenblack 聚合拦截域名,block_soft,广告/追踪或恶意通信被拦截；正常站点功能通常不受影响
easy-extra-income-ways-makes-you-rich.store,StevenBlack/hosts,tracker,high,stevenblack 聚合拦截域名,block_soft,广告/追踪或恶意通信被拦截；正常站点功能通常不受影响
arizona-golf-vacations.com,StevenBlack/hosts,tracker,high,stevenblack 聚合拦截域名,block_soft,广告/追踪或恶意通信被拦截；正常站点功能通常不受影响
prd-lender.cdp.internal.unity3d.com,StevenBlack/hosts,tracker,high,stevenblack 聚合拦截域名,block_soft,广告/追踪或恶意通信被拦截；正常站点功能通常不受影响
config.uca.cloud.unity3d.com,StevenBlack/hosts,tracker,high,stevenblack 聚合拦截域名,block_soft,广告/追踪或恶意通信被拦截；正常站点功能通常不受影响
didna-d.openx.net,StevenBlack/hosts,tracker,high,stevenblack 聚合拦截域名,block_soft,广告/追踪或恶意通信被拦截；正常站点功能通常不受影响
c2shb.ssp.yahoo.com,StevenBlack/hosts,tracker,high,stevenblack 聚合拦截域名,block_soft,广告/追踪或恶意通信被拦截；正常站点功能通常不受影响
anmooq.deiicatedate.net,StevenBlack/hosts,tracker,high,stevenblack 聚合拦截域名,block_soft,广告/追踪或恶意通信被拦截；正常站点功能通常不受影响
www.pornsite123.com,StevenBlack/hosts,tracker,high,stevenblack 聚合拦截域名,block_soft,广告/追踪或恶意通信被拦截；正常站点功能通常不受影响
www.xxxbullet.com,StevenBlack/hosts,tracker,high,stevenblack 聚合拦截域名,block_soft,广告/追踪或恶意通信被拦截；正常站点功能通常不受影响
www.packsdechicas.online,StevenBlack/hosts,tracker,high,stevenblack 聚合拦截域名,block_soft,广告/追踪或恶意通信被拦截；正常站点功能通常不受影响
ip-info.ff.avast.com,StevenBlack/hosts,tracker,high,stevenblack 聚合拦截域名,block_soft,广告/追踪或恶意通信被拦截；正常站点功能通常不受影响
ipm-provider.ff.avast.com,StevenBlack/hosts,tracker,high,stevenblack 聚合拦截域名,block_soft,广告/追踪或恶意通信被拦截；正常站点功能通常不受影响
ipmcdn.avast.com,StevenBlack/hosts,tracker,high,stevenblack 聚合拦截域名,block_soft,广告/追踪或恶意通信被拦截；正常站点功能通常不受影响
ncc.avast.com,StevenBlack/hosts,tracker,high,stevenblack 聚合拦截域名,block_soft,广告/追踪或恶意通信被拦截；正常站点功能通常不受影响
shepherd.ff.avast.com,StevenBlack/hosts,tracker,high,stevenblack 聚合拦截域名,block_soft,广告/追踪或恶意通信被拦截；正常站点功能通常不受影响
clicktut.site,StevenBlack/hosts,tracker,high,stevenblack 聚合拦截域名,block_soft,广告/追踪或恶意通信被拦截；正常站点功能通常不受影响
secureaddisplay.com,StevenBlack/hosts,tracker,high,stevenblack 聚合拦截域名,block_soft,广告/追踪或恶意通信被拦截；正常站点功能通常不受影响
wiztube.xyz,StevenBlack/hosts,tracker,high,stevenblack 聚合拦截域名,block_soft,广告/追踪或恶意通信被拦截；正常站点功能通常不受影响
yourgodess.com,StevenBlack/hosts,tracker,high,stevenblack 聚合拦截域名,block_soft,广告/追踪或恶意通信被拦截；正常站点功能通常不受影响
www.quinni.cyou,StevenBlack/hosts,tracker,high,stevenblack 聚合拦截域名,block_soft,广告/追踪或恶意通信被拦截；正常站点功能通常不受影响
www.alenai.cyou,StevenBlack/hosts,tracker,high,stevenblack 聚合拦截域名,block_soft,广告/追踪或恶意通信被拦截；正常站点功能通常不受影响
telewizja-online.net,StevenBlack/hosts,tracker,high,stevenblack 聚合拦截域名,block_soft,广告/追踪或恶意通信被拦截；正常站点功能通常不受影响
bramka.org,StevenBlack/hosts,tracker,high,stevenblack 聚合拦截域名,block_soft,广告/追踪或恶意通信被拦截；正常站点功能通常不受影响
ustreamix.su,StevenBlack/hosts,tracker,high,stevenblack 聚合拦截域名,block_soft,广告/追踪或恶意通信被拦截；正常站点功能通常不受影响
inatv.pl,StevenBlack/hosts,tracker,high,stevenblack 聚合拦截域名,block_soft,广告/追踪或恶意通信被拦截；正常站点功能通常不受影响
tracking.minitool.com,StevenBlack/hosts,tracker,high,stevenblack 聚合拦截域名,block_soft,广告/追踪或恶意通信被拦截；正常站点功能通常不受影响
pasiekazlotoklos.pl,StevenBlack/hosts,tracker,high,stevenblack 聚合拦截域名,block_soft,广告/追踪或恶意通信被拦截；正常站点功能通常不受影响
eu-commercialb.com,StevenBlack/hosts,tracker,high,stevenblack 聚合拦截域名,block_soft,广告/追踪或恶意通信被拦截；正常站点功能通常不受影响
gratlfyingdates.net,StevenBlack/hosts,tracker,high,stevenblack 聚合拦截域名,block_soft,广告/追踪或恶意通信被拦截；正常站点功能通常不受影响
filmsexeporno.com,StevenBlack/hosts,tracker,high,stevenblack 聚合拦截域名,block_soft,广告/追踪或恶意通信被拦截；正常站点功能通常不受影响
supdqwepu.com,StevenBlack/hosts,tracker,high,stevenblack 聚合拦截域名,block_soft,广告/追踪或恶意通信被拦截；正常站点功能通常不受影响
vawardquac.com,StevenBlack/hosts,tracker,high,stevenblack 聚合拦截域名,block_soft,广告/追踪或恶意通信被拦截；正常站点功能通常不受影响
lemmingro.com,StevenBlack/hosts,tracker,high,stevenblack 聚合拦截域名,block_soft,广告/追踪或恶意通信被拦截；正常站点功能通常不受影响
flashrewards.co,StevenBlack/hosts,tracker,high,stevenblack 聚合拦截域名,block_soft,广告/追踪或恶意通信被拦截；正常站点功能通常不受影响
info-eastflirts.com,StevenBlack/hosts,tracker,high,stevenblack 聚合拦截域名,block_soft,广告/追踪或恶意通信被拦截；正常站点功能通常不受影响
reporting-api.gannettinnovation.com,StevenBlack/hosts,tracker,high,stevenblack 聚合拦截域名,block_soft,广告/追踪或恶意通信被拦截；正常站点功能通常不受影响
1041598d1a.da1a0e7bb3.com,StevenBlack/hosts,tracker,high,stevenblack 聚合拦截域名,block_soft,广告/追踪或恶意通信被拦截；正常站点功能通常不受影响
12112336.pix-cdn.org,StevenBlack/hosts,tracker,high,stevenblack 聚合拦截域名,block_soft,广告/追踪或恶意通信被拦截；正常站点功能通常不受影响
1d3c8a1eaa.faeaeeaafa.com,StevenBlack/hosts,tracker,high,stevenblack 聚合拦截域名,block_soft,广告/追踪或恶意通信被拦截；正常站点功能通常不受影响
acceptable.a-ads.com,StevenBlack/hosts,tracker,high,stevenblack 聚合拦截域名,block_soft,广告/追踪或恶意通信被拦截；正常站点功能通常不受影响
addresseepaper.com,StevenBlack/hosts,tracker,high,stevenblack 聚合拦截域名,block_soft,广告/追踪或恶意通信被拦截；正常站点功能通常不受影响
banquetunarmedgrater.com,StevenBlack/hosts,tracker,high,stevenblack 聚合拦截域名,block_soft,广告/追踪或恶意通信被拦截；正常站点功能通常不受影响
cdn.barscreative1.com,StevenBlack/hosts,tracker,high,stevenblack 聚合拦截域名,block_soft,广告/追踪或恶意通信被拦截；正常站点功能通常不受影响
cdn.cloudimagesb.com,StevenBlack/hosts,tracker,high,stevenblack 聚合拦截域名,block_soft,广告/追踪或恶意通信被拦截；正常站点功能通常不受影响
cdn.creative-bars1.com,StevenBlack/hosts,tracker,high,stevenblack 聚合拦截域名,block_soft,广告/追踪或恶意通信被拦截；正常站点功能通常不受影响
cdn.tubecorp.com,StevenBlack/hosts,tracker,high,stevenblack 聚合拦截域名,block_soft,广告/追踪或恶意通信被拦截；正常站点功能通常不受影响
cdn18383040.ahacdn.me,StevenBlack/hosts,tracker,high,stevenblack 聚合拦截域名,block_soft,广告/追踪或恶意通信被拦截；正常站点功能通常不受影响
friendshipmale.com,StevenBlack/hosts,tracker,high,stevenblack 聚合拦截域名,block_soft,广告/追踪或恶意通信被拦截；正常站点功能通常不受影响
i.cdnkimg.com,StevenBlack/hosts,tracker,high,stevenblack 聚合拦截域名,block_soft,广告/追踪或恶意通信被拦截；正常站点功能通常不受影响
icon.eu.mndsrv.com,StevenBlack/hosts,tracker,high,stevenblack 聚合拦截域名,block_soft,广告/追踪或恶意通信被拦截；正常站点功能通常不受影响
iconcnd.net,StevenBlack/hosts,tracker,high,stevenblack 聚合拦截域名,block_soft,广告/追踪或恶意通信被拦截；正常站点功能通常不受影响
in16.zog.link,StevenBlack/hosts,tracker,high,stevenblack 聚合拦截域名,block_soft,广告/追踪或恶意通信被拦截；正常站点功能通常不受影响
js.canstrm.com,StevenBlack/hosts,tracker,high,stevenblack 聚合拦截域名,block_soft,广告/追踪或恶意通信被拦截；正常站点功能通常不受影响
js.natsdk.com,StevenBlack/hosts,tracker,high,stevenblack 聚合拦截域名,block_soft,广告/追踪或恶意通信被拦截；正常站点功能通常不受影响
js.wpadmngr.com,StevenBlack/hosts,tracker,high,stevenblack 聚合拦截域名,block_soft,广告/追踪或恶意通信被拦截；正常站点功能通常不受影响
lcdn.tsyndicate.com,StevenBlack/hosts,tracker,high,stevenblack 聚合拦截域名,block_soft,广告/追踪或恶意通信被拦截；正常站点功能通常不受影响
na.nawpush.com,StevenBlack/hosts,tracker,high,stevenblack 聚合拦截域名,block_soft,广告/追踪或恶意通信被拦截；正常站点功能通常不受影响
native-track.com,StevenBlack/hosts,tracker,high,stevenblack 聚合拦截域名,block_soft,广告/追踪或恶意通信被拦截；正常站点功能通常不受影响
parkingridiculous.com,StevenBlack/hosts,tracker,high,stevenblack 聚合拦截域名,block_soft,广告/追踪或恶意通信被拦截；正常站点功能通常不受影响
prombid.com,StevenBlack/hosts,tracker,high,stevenblack 聚合拦截域名,block_soft,广告/追踪或恶意通信被拦截；正常站点功能通常不受影响
pxl.tsyndicate.com,StevenBlack/hosts,tracker,high,stevenblack 聚合拦截域名,block_soft,广告/追踪或恶意通信被拦截；正常站点功能通常不受影响
s-img.adskeeper.com,StevenBlack/hosts,tracker,high,stevenblack 聚合拦截域名,block_soft,广告/追踪或恶意通信被拦截；正常站点功能通常不受影响
s.uuidksinc.net,StevenBlack/hosts,tracker,high,stevenblack 聚合拦截域名,block_soft,广告/追踪或恶意通信被拦截；正常站点功能通常不受影响
s.viiqvmfb.com,StevenBlack/hosts,tracker,high,stevenblack 聚合拦截域名,block_soft,广告/追踪或恶意通信被拦截；正常站点功能通常不受影响
soldierreproduceadmiration.com,StevenBlack/hosts,tracker,high,stevenblack 聚合拦截域名,block_soft,广告/追踪或恶意通信被拦截；正常站点功能通常不受影响
tcimp.zog.link,StevenBlack/hosts,tracker,high,stevenblack 聚合拦截域名,block_soft,广告/追踪或恶意通信被拦截；正常站点功能通常不受影响
tsyndicate.com,StevenBlack/hosts,tracker,high,stevenblack 聚合拦截域名,block_soft,广告/追踪或恶意通信被拦截；正常站点功能通常不受影响
unseenreport.com,StevenBlack/hosts,tracker,high,stevenblack 聚合拦截域名,block_soft,广告/追踪或恶意通信被拦截；正常站点功能通常不受影响
veilsuccessfully.com,StevenBlack/hosts,tracker,high,stevenblack 聚合拦截域名,block_soft,广告/追踪或恶意通信被拦截；正常站点功能通常不受影响
veneeringextremely.com,StevenBlack/hosts,tracker,high,stevenblack 聚合拦截域名,block_soft,广告/追踪或恶意通信被拦截；正常站点功能通常不受影响
bestgames-2022.com,StevenBlack/hosts,tracker,high,stevenblack 聚合拦截域名,block_soft,广告/追踪或恶意通信被拦截；正常站点功能通常不受影响
fp.metricswpsh.com,StevenBlack/hosts,tracker,high,stevenblack 聚合拦截域名,block_soft,广告/追踪或恶意通信被拦截；正常站点功能通常不受影响
spikereekvelocity.com,StevenBlack/hosts,tracker,high,stevenblack 聚合拦截域名,block_soft,广告/追踪或恶意通信被拦截；正常站点功能通常不受影响
www.gaming-adult.com,StevenBlack/hosts,tracker,high,stevenblack 聚合拦截域名,block_soft,广告/追踪或恶意通信被拦截；正常站点功能通常不受影响
mediasama.com,StevenBlack/hosts,tracker,high,stevenblack 聚合拦截域名,block_soft,广告/追踪或恶意通信被拦截；正常站点功能通常不受影响
danbo.org,StevenBlack/hosts,tracker,high,stevenblack 聚合拦截域名,block_soft,广告/追踪或恶意通信被拦截；正常站点功能通常不受影响
crmt.livejasmin.com,StevenBlack/hosts,tracker,high,stevenblack 聚合拦截域名,block_soft,广告/追踪或恶意通信被拦截；正常站点功能通常不受影响
wmail-endpoint.com,StevenBlack/hosts,tracker,high,stevenblack 聚合拦截域名,block_soft,广告/追踪或恶意通信被拦截；正常站点功能通常不受影响
wmail-blog.com,StevenBlack/hosts,tracker,high,stevenblack 聚合拦截域名,block_soft,广告/追踪或恶意通信被拦截；正常站点功能通常不受影响
wmail-chat.com,StevenBlack/hosts,tracker,high,stevenblack 聚合拦截域名,block_soft,广告/追踪或恶意通信被拦截；正常站点功能通常不受影响
wmail-cdn.com,StevenBlack/hosts,tracker,high,stevenblack 聚合拦截域名,block_soft,广告/追踪或恶意通信被拦截；正常站点功能通常不受影响
wmail-schnellvpn.com,StevenBlack/hosts,tracker,high,stevenblack 聚合拦截域名,block_soft,广告/追踪或恶意通信被拦截；正常站点功能通常不受影响
fairu-endpoint.com,StevenBlack/hosts,tracker,high,stevenblack 聚合拦截域名,block_soft,广告/追踪或恶意通信被拦截；正常站点功能通常不受影响
fairu-blog.com,StevenBlack/hosts,tracker,high,stevenblack 聚合拦截域名,block_soft,广告/追踪或恶意通信被拦截；正常站点功能通常不受影响
fairu-chat.com,StevenBlack/hosts,tracker,high,stevenblack 聚合拦截域名,block_soft,广告/追踪或恶意通信被拦截；正常站点功能通常不受影响
fairu-cdn.com,StevenBlack/hosts,tracker,high,stevenblack 聚合拦截域名,block_soft,广告/追踪或恶意通信被拦截；正常站点功能通常不受影响
fairu-schnellvpn.com,StevenBlack/hosts,tracker,high,stevenblack 聚合拦截域名,block_soft,广告/追踪或恶意通信被拦截；正常站点功能通常不受影响
bideo-endpoint.com,StevenBlack/hosts,tracker,high,stevenblack 聚合拦截域名,block_soft,广告/追踪或恶意通信被拦截；正常站点功能通常不受影响
bideo-blog.com,StevenBlack/hosts,tracker,high,stevenblack 聚合拦截域名,block_soft,广告/追踪或恶意通信被拦截；正常站点功能通常不受影响
bideo-chat.com,StevenBlack/hosts,tracker,high,stevenblack 聚合拦截域名,block_soft,广告/追踪或恶意通信被拦截；正常站点功能通常不受影响
bideo-cdn.com,StevenBlack/hosts,tracker,high,stevenblack 聚合拦截域名,block_soft,广告/追踪或恶意通信被拦截；正常站点功能通常不受影响
bideo-schnellvpn.com,StevenBlack/hosts,tracker,high,stevenblack 聚合拦截域名,block_soft,广告/追踪或恶意通信被拦截；正常站点功能通常不受影响
privatproxy-endpoint.com,StevenBlack/hosts,tracker,high,stevenblack 聚合拦截域名,block_soft,广告/追踪或恶意通信被拦截；正常站点功能通常不受影响
privatproxy-blog.com,StevenBlack/hosts,tracker,high,stevenblack 聚合拦截域名,block_soft,广告/追踪或恶意通信被拦截；正常站点功能通常不受影响
privatproxy-chat.com,StevenBlack/hosts,tracker,high,stevenblack 聚合拦截域名,block_soft,广告/追踪或恶意通信被拦截；正常站点功能通常不受影响
privatproxy-cdn.com,StevenBlack/hosts,tracker,high,stevenblack 聚合拦截域名,block_soft,广告/追踪或恶意通信被拦截；正常站点功能通常不受影响
privatproxy-schnellvpn.com,StevenBlack/hosts,tracker,high,stevenblack 聚合拦截域名,block_soft,广告/追踪或恶意通信被拦截；正常站点功能通常不受影响
ahoravideo-endpoint.com,StevenBlack/hosts,tracker,high,stevenblack 聚合拦截域名,block_soft,广告/追踪或恶意通信被拦截；正常站点功能通常不受影响
ahoravideo-blog.com,StevenBlack/hosts,tracker,high,stevenblack 聚合拦截域名,block_soft,广告/追踪或恶意通信被拦截；正常站点功能通常不受影响
ahoravideo-chat.com,StevenBlack/hosts,tracker,high,stevenblack 聚合拦截域名,block_soft,广告/追踪或恶意通信被拦截；正常站点功能通常不受影响
ahoravideo-cdn.com,StevenBlack/hosts,tracker,high,stevenblack 聚合拦截域名,block_soft,广告/追踪或恶意通信被拦截；正常站点功能通常不受影响
ahoravideo-schnellvpn.com,StevenBlack/hosts,tracker,high,stevenblack 聚合拦截域名,block_soft,广告/追踪或恶意通信被拦截；正常站点功能通常不受影响
wmail-endpoint.xyz,StevenBlack/hosts,tracker,high,stevenblack 聚合拦截域名,block_soft,广告/追踪或恶意通信被拦截；正常站点功能通常不受影响
wmail-blog.xyz,StevenBlack/hosts,tracker,high,stevenblack 聚合拦截域名,block_soft,广告/追踪或恶意通信被拦截；正常站点功能通常不受影响
wmail-chat.xyz,StevenBlack/hosts,tracker,high,stevenblack 聚合拦截域名,block_soft,广告/追踪或恶意通信被拦截；正常站点功能通常不受影响
wmail-cdn.xyz,StevenBlack/hosts,tracker,high,stevenblack 聚合拦截域名,block_soft,广告/追踪或恶意通信被拦截；正常站点功能通常不受影响
wmail-schnellvpn.xyz,StevenBlack/hosts,tracker,high,stevenblack 聚合拦截域名,block_soft,广告/追踪或恶意通信被拦截；正常站点功能通常不受影响
fairu-endpoint.xyz,StevenBlack/hosts,tracker,high,stevenblack 聚合拦截域名,block_soft,广告/追踪或恶意通信被拦截；正常站点功能通常不受影响
fairu-blog.xyz,StevenBlack/hosts,tracker,high,stevenblack 聚合拦截域名,block_soft,广告/追踪或恶意通信被拦截；正常站点功能通常不受影响
fairu-chat.xyz,StevenBlack/hosts,tracker,high,stevenblack 聚合拦截域名,block_soft,广告/追踪或恶意通信被拦截；正常站点功能通常不受影响
fairu-cdn.xyz,StevenBlack/hosts,tracker,high,stevenblack 聚合拦截域名,block_soft,广告/追踪或恶意通信被拦截；正常站点功能通常不受影响
fairu-schnellvpn.xyz,StevenBlack/hosts,tracker,high,stevenblack 聚合拦截域名,block_soft,广告/追踪或恶意通信被拦截；正常站点功能通常不受影响
bideo-endpoint.xyz,StevenBlack/hosts,tracker,high,stevenblack 聚合拦截域名,block_soft,广告/追踪或恶意通信被拦截；正常站点功能通常不受影响
bideo-blog.xyz,StevenBlack/hosts,tracker,high,stevenblack 聚合拦截域名,block_soft,广告/追踪或恶意通信被拦截；正常站点功能通常不受影响
bideo-chat.xyz,StevenBlack/hosts,tracker,high,stevenblack 聚合拦截域名,block_soft,广告/追踪或恶意通信被拦截；正常站点功能通常不受影响
bideo-cdn.xyz,StevenBlack/hosts,tracker,high,stevenblack 聚合拦截域名,block_soft,广告/追踪或恶意通信被拦截；正常站点功能通常不受影响
bideo-schnellvpn.xyz,StevenBlack/hosts,tracker,high,stevenblack 聚合拦截域名,block_soft,广告/追踪或恶意通信被拦截；正常站点功能通常不受影响
privatproxy-endpoint.xyz,StevenBlack/hosts,tracker,high,stevenblack 聚合拦截域名,block_soft,广告/追踪或恶意通信被拦截；正常站点功能通常不受影响
privatproxy-blog.xyz,StevenBlack/hosts,tracker,high,stevenblack 聚合拦截域名,block_soft,广告/追踪或恶意通信被拦截；正常站点功能通常不受影响
privatproxy-chat.xyz,StevenBlack/hosts,tracker,high,stevenblack 聚合拦截域名,block_soft,广告/追踪或恶意通信被拦截；正常站点功能通常不受影响
privatproxy-cdn.xyz,StevenBlack/hosts,tracker,high,stevenblack 聚合拦截域名,block_soft,广告/追踪或恶意通信被拦截；正常站点功能通常不受影响
privatproxy-schnellvpn.xyz,StevenBlack/hosts,tracker,high,stevenblack 聚合拦截域名,block_soft,广告/追踪或恶意通信被拦截；正常站点功能通常不受影响
ahoravideo-endpoint.xyz,StevenBlack/hosts,tracker,high,stevenblack 聚合拦截域名,block_soft,广告/追踪或恶意通信被拦截；正常站点功能通常不受影响
ahoravideo-blog.xyz,StevenBlack/hosts,tracker,high,stevenblack 聚合拦截域名,block_soft,广告/追踪或恶意通信被拦截；正常站点功能通常不受影响
ahoravideo-chat.xyz,StevenBlack/hosts,tracker,high,stevenblack 聚合拦截域名,block_soft,广告/追踪或恶意通信被拦截；正常站点功能通常不受影响
ahoravideo-cdn.xyz,StevenBlack/hosts,tracker,high,stevenblack 聚合拦截域名,block_soft,广告/追踪或恶意通信被拦截；正常站点功能通常不受影响
ahoravideo-schnellvpn.xyz,StevenBlack/hosts,tracker,high,stevenblack 聚合拦截域名,block_soft,广告/追踪或恶意通信被拦截；正常站点功能通常不受影响
cesareurope.com,StevenBlack/hosts,tracker,high,stevenblack 聚合拦截域名,block_soft,广告/追踪或恶意通信被拦截；正常站点功能通常不受影响
cws-hotstar.conviva.com,StevenBlack/hosts,tracker,high,stevenblack 聚合拦截域名,block_soft,广告/追踪或恶意通信被拦截；正常站点功能通常不受影响
events-analytics.hotstar.com,StevenBlack/hosts,tracker,high,stevenblack 聚合拦截域名,block_soft,广告/追踪或恶意通信被拦截；正常站点功能通常不受影响
logs.hotstar.com,StevenBlack/hosts,tracker,high,stevenblack 聚合拦截域名,block_soft,广告/追踪或恶意通信被拦截；正常站点功能通常不受影响
service.hotstar.com,StevenBlack/hosts,tracker,high,stevenblack 聚合拦截域名,block_soft,广告/追踪或恶意通信被拦截；正常站点功能通常不受影响
settings-analytics.hotstar.com,StevenBlack/hosts,tracker,high,stevenblack 聚合拦截域名,block_soft,广告/追踪或恶意通信被拦截；正常站点功能通常不受影响
videoads.hotstar.com,StevenBlack/hosts,tracker,high,stevenblack 聚合拦截域名,block_soft,广告/追踪或恶意通信被拦截；正常站点功能通常不受影响
vs.hotstar.com,StevenBlack/hosts,tracker,high,stevenblack 聚合拦截域名,block_soft,广告/追踪或恶意通信被拦截；正常站点功能通常不受影响
analytics.shein.com,StevenBlack/hosts,tracker,high,stevenblack 聚合拦截域名,block_soft,广告/追踪或恶意通信被拦截；正常站点功能通常不受影响
analytics.shein.co.uk,StevenBlack/hosts,tracker,high,stevenblack 聚合拦截域名,block_soft,广告/追踪或恶意通信被拦截；正常站点功能通常不受影响
8a97175fd63e1d3a69f36979b9b34470.safeframe.googlesyndication.com,StevenBlack/hosts,tracker,high,stevenblack 聚合拦截域名,block_soft,广告/追踪或恶意通信被拦截；正常站点功能通常不受影响
c2shb.pubgw.yahoo.com,StevenBlack/hosts,tracker,high,stevenblack 聚合拦截域名,block_soft,广告/追踪或恶意通信被拦截；正常站点功能通常不受影响
cdn.confiant-integrations.net,StevenBlack/hosts,tracker,high,stevenblack 聚合拦截域名,block_soft,广告/追踪或恶意通信被拦截；正常站点功能通常不受影响
cdn.hadronid.net,StevenBlack/hosts,tracker,high,stevenblack 聚合拦截域名,block_soft,广告/追踪或恶意通信被拦截；正常站点功能通常不受影响
cdn.id5-sync.com,StevenBlack/hosts,tracker,high,stevenblack 聚合拦截域名,block_soft,广告/追踪或恶意通信被拦截；正常站点功能通常不受影响
cdn.prod.uidapi.com,StevenBlack/hosts,tracker,high,stevenblack 聚合拦截域名,block_soft,广告/追踪或恶意通信被拦截；正常站点功能通常不受影响
curvedhoney.com,StevenBlack/hosts,tracker,high,stevenblack 聚合拦截域名,block_soft,广告/追踪或恶意通信被拦截；正常站点功能通常不受影响
dnacdn.net,StevenBlack/hosts,tracker,high,stevenblack 聚合拦截域名,block_soft,广告/追踪或恶意通信被拦截；正常站点功能通常不受影响
freestar-d.openx.net,StevenBlack/hosts,tracker,high,stevenblack 聚合拦截域名,block_soft,广告/追踪或恶意通信被拦截；正常站点功能通常不受影响
freestar-io.videoplayerhub.com,StevenBlack/hosts,tracker,high,stevenblack 聚合拦截域名,block_soft,广告/追踪或恶意通信被拦截；正常站点功能通常不受影响
oa.openxcdn.net,StevenBlack/hosts,tracker,high,stevenblack 聚合拦截域名,block_soft,广告/追踪或恶意通信被拦截；正常站点功能通常不受影响
s2s.t13.io,StevenBlack/hosts,tracker,high,stevenblack 聚合拦截域名,block_soft,广告/追踪或恶意通信被拦截；正常站点功能通常不受影响
btc8886.com,StevenBlack/hosts,tracker,high,stevenblack 聚合拦截域名,block_soft,广告/追踪或恶意通信被拦截；正常站点功能通常不受影响
en.xachinaproject.fun,StevenBlack/hosts,tracker,high,stevenblack 聚合拦截域名,block_soft,广告/追踪或恶意通信被拦截；正常站点功能通常不受影响
antihohol.cloud,StevenBlack/hosts,tracker,high,stevenblack 聚合拦截域名,block_soft,广告/追踪或恶意通信被拦截；正常站点功能通常不受影响
hosteagle.club,StevenBlack/hosts,tracker,high,stevenblack 聚合拦截域名,block_soft,广告/追踪或恶意通信被拦截；正常站点功能通常不受影响
anz-shield-secure.com,StevenBlack/hosts,tracker,high,stevenblack 聚合拦截域名,block_soft,广告/追踪或恶意通信被拦截；正常站点功能通常不受影响
alert-bendigobank.com,StevenBlack/hosts,tracker,high,stevenblack 聚合拦截域名,block_soft,广告/追踪或恶意通信被拦截；正常站点功能通常不受影响
linkt-transport.top,StevenBlack/hosts,tracker,high,stevenblack 聚合拦截域名,block_soft,广告/追踪或恶意通信被拦截；正常站点功能通常不受影响
linkt-help.top,StevenBlack/hosts,tracker,high,stevenblack 聚合拦截域名,block_soft,广告/追踪或恶意通信被拦截；正常站点功能通常不受影响
reviewmygov.tuquy.com,StevenBlack/hosts,tracker,high,stevenblack 聚合拦截域名,block_soft,广告/追踪或恶意通信被拦截；正常站点功能通常不受影响
auspost-record.com,StevenBlack/hosts,tracker,high,stevenblack 聚合拦截域名,block_soft,广告/追踪或恶意通信被拦截；正常站点功能通常不受影响
alert-auspost.com,StevenBlack/hosts,tracker,high,stevenblack 聚合拦截域名,block_soft,广告/追踪或恶意通信被拦截；正常站点功能通常不受影响
auspost-input.com,StevenBlack/hosts,tracker,high,stevenblack 聚合拦截域名,block_soft,广告/追踪或恶意通信被拦截；正常站点功能通常不受影响
vep.hautnah-kosmetik-grafenau.de,StevenBlack/hosts,tracker,high,stevenblack 聚合拦截域名,block_soft,广告/追踪或恶意通信被拦截；正常站点功能通常不受影响
ttri.kanzlei-ecklmaier.de,StevenBlack/hosts,tracker,high,stevenblack 聚合拦截域名,block_soft,广告/追踪或恶意通信被拦截；正常站点功能通常不受影响
d-stuff.cfd,StevenBlack/hosts,tracker,high,stevenblack 聚合拦截域名,block_soft,广告/追踪或恶意通信被拦截；正常站点功能通常不受影响
ruhrboudoir.de,StevenBlack/hosts,tracker,high,stevenblack 聚合拦截域名,block_soft,广告/追踪或恶意通信被拦截；正常站点功能通常不受影响
d-bring.cfd,StevenBlack/hosts,tracker,high,stevenblack 聚合拦截域名,block_soft,广告/追踪或恶意通信被拦截；正常站点功能通常不受影响
obev.pauya.de,StevenBlack/hosts,tracker,high,stevenblack 聚合拦截域名,block_soft,广告/追踪或恶意通信被拦截；正常站点功能通常不受影响
dimoradellapizzuta.it,StevenBlack/hosts,tracker,high,stevenblack 聚合拦截域名,block_soft,广告/追踪或恶意通信被拦截；正常站点功能通常不受影响
misanoassicurazioni.it,StevenBlack/hosts,tracker,high,stevenblack 聚合拦截域名,block_soft,广告/追踪或恶意通信被拦截；正常站点功能通常不受影响
d-enemy.cfd,StevenBlack/hosts,tracker,high,stevenblack 聚合拦截域名,block_soft,广告/追踪或恶意通信被拦截；正常站点功能通常不受影响
sindelfingen-haarentfernung.de,StevenBlack/hosts,tracker,high,stevenblack 聚合拦截域名,block_soft,广告/追踪或恶意通信被拦截；正常站点功能通常不受影响
asdpoliziamunicipalepa.it,StevenBlack/hosts,tracker,high,stevenblack 聚合拦截域名,block_soft,广告/追踪或恶意通信被拦截；正常站点功能通常不受影响
mf-massoterapia.it,StevenBlack/hosts,tracker,high,stevenblack 聚合拦截域名,block_soft,广告/追踪或恶意通信被拦截；正常站点功能通常不受影响
tyty.lolokira.lol,StevenBlack/hosts,tracker,high,stevenblack 聚合拦截域名,block_soft,广告/追踪或恶意通信被拦截；正常站点功能通常不受影响
yord.serawent-pole.lol,StevenBlack/hosts,tracker,high,stevenblack 聚合拦截域名,block_soft,广告/追踪或恶意通信被拦截；正常站点功能通常不受影响
redivosrl.it,StevenBlack/hosts,tracker,high,stevenblack 聚合拦截域名,block_soft,广告/追踪或恶意通信被拦截；正常站点功能通常不受影响
products.gobankingrates.com,StevenBlack/hosts,tracker,high,stevenblack 聚合拦截域名,block_soft,广告/追踪或恶意通信被拦截；正常站点功能通常不受影响
cdn.rates.consumertrack.com,StevenBlack/hosts,tracker,high,stevenblack 聚合拦截域名,block_soft,广告/追踪或恶意通信被拦截；正常站点功能通常不受影响
ads-api.twitter.com,StevenBlack/hosts,tracker,high,stevenblack 聚合拦截域名,block_soft,广告/追踪或恶意通信被拦截；正常站点功能通常不受影响
aax-dtb-cf.amazon-adsystem.com,StevenBlack/hosts,tracker,high,stevenblack 聚合拦截域名,block_soft,广告/追踪或恶意通信被拦截；正常站点功能通常不受影响
assets-jpcust.jwpsrv.com,StevenBlack/hosts,tracker,high,stevenblack 聚合拦截域名,block_soft,广告/追踪或恶意通信被拦截；正常站点功能通常不受影响
fundingchoicesmessages.google.com,StevenBlack/hosts,tracker,high,stevenblack 聚合拦截域名,block_soft,广告/追踪或恶意通信被拦截；正常站点功能通常不受影响
images.twnmm.com,StevenBlack/hosts,tracker,high,stevenblack 聚合拦截域名,block_soft,广告/追踪或恶意通信被拦截；正常站点功能通常不受影响
prod.us-east-1.cxm-bcn.publisher-services.amazon.dev,StevenBlack/hosts,tracker,high,stevenblack 聚合拦截域名,block_soft,广告/追踪或恶意通信被拦截；正常站点功能通常不受影响
secure.cdn.fastclick.ne,StevenBlack/hosts,tracker,high,stevenblack 聚合拦截域名,block_soft,广告/追踪或恶意通信被拦截；正常站点功能通常不受影响
twngcpbidder.lb.engagecore.com,StevenBlack/hosts,tracker,high,stevenblack 聚合拦截域名,block_soft,广告/追踪或恶意通信被拦截；正常站点功能通常不受影响
a125375509.cdn.optimizely.com,StevenBlack/hosts,tracker,high,stevenblack 聚合拦截域名,block_soft,广告/追踪或恶意通信被拦截；正常站点功能通常不受影响
cdn.cookielaw.org,StevenBlack/hosts,tracker,high,stevenblack 聚合拦截域名,block_soft,广告/追踪或恶意通信被拦截；正常站点功能通常不受影响
cdn.indexww.com,StevenBlack/hosts,tracker,high,stevenblack 聚合拦截域名,block_soft,广告/追踪或恶意通信被拦截；正常站点功能通常不受影响
wpad.www.tendawifi.com,StevenBlack/hosts,tracker,high,stevenblack 聚合拦截域名,block_soft,广告/追踪或恶意通信被拦截；正常站点功能通常不受影响
crprt.livejasmin.com,StevenBlack/hosts,tracker,high,stevenblack 聚合拦截域名,block_soft,广告/追踪或恶意通信被拦截；正常站点功能通常不受影响
grow.gab.com,StevenBlack/hosts,tracker,high,stevenblack 聚合拦截域名,block_soft,广告/追踪或恶意通信被拦截；正常站点功能通常不受影响
transive.top,StevenBlack/hosts,tracker,high,stevenblack 聚合拦截域名,block_soft,广告/追踪或恶意通信被拦截；正常站点功能通常不受影响
warehousesale.shop,StevenBlack/hosts,tracker,high,stevenblack 聚合拦截域名,block_soft,广告/追踪或恶意通信被拦截；正常站点功能通常不受影响
fpjscdn.net,StevenBlack/hosts,tracker,high,stevenblack 聚合拦截域名,block_soft,广告/追踪或恶意通信被拦截；正常站点功能通常不受影响
api.fpjs.io,StevenBlack/hosts,tracker,high,stevenblack 聚合拦截域名,block_soft,广告/追踪或恶意通信被拦截；正常站点功能通常不受影响
use1.fptls.com,StevenBlack/hosts,tracker,high,stevenblack 聚合拦截域名,block_soft,广告/追踪或恶意通信被拦截；正常站点功能通常不受影响
use1.fptls3.com,StevenBlack/hosts,tracker,high,stevenblack 聚合拦截域名,block_soft,广告/追踪或恶意通信被拦截；正常站点功能通常不受影响
d2uap9jskdzp2.cloudfront.net,StevenBlack/hosts,tracker,high,stevenblack 聚合拦截域名,block_soft,广告/追踪或恶意通信被拦截；正常站点功能通常不受影响
steadfastseat.com,StevenBlack/hosts,tracker,high,stevenblack 聚合拦截域名,block_soft,广告/追踪或恶意通信被拦截；正常站点功能通常不受影响
eq97f.publishers.tremorhub.com,StevenBlack/hosts,tracker,high,stevenblack 聚合拦截域名,block_soft,广告/追踪或恶意通信被拦截；正常站点功能通常不受影响
wota-tournament.com,StevenBlack/hosts,tracker,high,stevenblack 聚合拦截域名,block_soft,广告/追踪或恶意通信被拦截；正常站点功能通常不受影响
rukalebi.ru,StevenBlack/hosts,tracker,high,stevenblack 聚合拦截域名,block_soft,广告/追踪或恶意通信被拦截；正常站点功能通常不受影响
bueromoebelservice.com,StevenBlack/hosts,tracker,high,stevenblack 聚合拦截域名,block_soft,广告/追踪或恶意通信被拦截；正常站点功能通常不受影响
beautydates.cn,StevenBlack/hosts,tracker,high,stevenblack 聚合拦截域名,block_soft,广告/追踪或恶意通信被拦截；正常站点功能通常不受影响
hhoneyann96.beautydates.cn,StevenBlack/hosts,tracker,high,stevenblack 聚合拦截域名,block_soft,广告/追踪或恶意通信被拦截；正常站点功能通常不受影响
nilaima.com,StevenBlack/hosts,tracker,high,stevenblack 聚合拦截域名,block_soft,广告/追踪或恶意通信被拦截；正常站点功能通常不受影响
www.gameitlive.com,StevenBlack/hosts,tracker,high,stevenblack 聚合拦截域名,block_soft,广告/追踪或恶意通信被拦截；正常站点功能通常不受影响
stripchat.com,StevenBlack/hosts,tracker,high,stevenblack 聚合拦截域名,block_soft,广告/追踪或恶意通信被拦截；正常站点功能通常不受影响
crmpt.livejasmin.com,StevenBlack/hosts,tracker,high,stevenblack 聚合拦截域名,block_soft,广告/追踪或恶意通信被拦截；正常站点功能通常不受影响
claudfront.net,StevenBlack/hosts,tracker,high,stevenblack 聚合拦截域名,block_soft,广告/追踪或恶意通信被拦截；正常站点功能通常不受影响
allowlisted.net,StevenBlack/hosts,tracker,high,stevenblack 聚合拦截域名,block_soft,广告/追踪或恶意通信被拦截；正常站点功能通常不受影响
atlas-upd.com,StevenBlack/hosts,tracker,high,stevenblack 聚合拦截域名,block_soft,广告/追踪或恶意通信被拦截；正常站点功能通常不受影响
ads-tm-glb.click,StevenBlack/hosts,tracker,high,stevenblack 聚合拦截域名,block_soft,广告/追踪或恶意通信被拦截；正常站点功能通常不受影响
cbox4.ignorelist.com,StevenBlack/hosts,tracker,high,stevenblack 聚合拦截域名,block_soft,广告/追踪或恶意通信被拦截；正常站点功能通常不受影响
hsdps.cc,StevenBlack/hosts,tracker,high,stevenblack 聚合拦截域名,block_soft,广告/追踪或恶意通信被拦截；正常站点功能通常不受影响
api.sprig.com,StevenBlack/hosts,tracker,high,stevenblack 聚合拦截域名,block_soft,广告/追踪或恶意通信被拦截；正常站点功能通常不受影响
telemetry-cii.api.playstation.com,StevenBlack/hosts,tracker,high,stevenblack 聚合拦截域名,block_soft,广告/追踪或恶意通信被拦截；正常站点功能通常不受影响
clorec4.net,StevenBlack/hosts,tracker,high,stevenblack 聚合拦截域名,block_soft,广告/追踪或恶意通信被拦截；正常站点功能通常不受影响
wu.idismfonts.com,StevenBlack/hosts,tracker,high,stevenblack 聚合拦截域名,block_soft,广告/追踪或恶意通信被拦截；正常站点功能通常不受影响
xml-eu.flairadscpc.com,StevenBlack/hosts,tracker,high,stevenblack 聚合拦截域名,block_soft,广告/追踪或恶意通信被拦截；正常站点功能通常不受影响
serasearchtop.com,StevenBlack/hosts,tracker,high,stevenblack 聚合拦截域名,block_soft,广告/追踪或恶意通信被拦截；正常站点功能通常不受影响
track.atom-ds.com,StevenBlack/hosts,tracker,high,stevenblack 聚合拦截域名,block_soft,广告/追踪或恶意通信被拦截；正常站点功能通常不受影响
addatamarket.net,StevenBlack/hosts,tracker,high,stevenblack 聚合拦截域名,block_soft,广告/追踪或恶意通信被拦截；正常站点功能通常不受影响
backuprabbit.com,StevenBlack/hosts,tracker,high,stevenblack 聚合拦截域名,block_soft,广告/追踪或恶意通信被拦截；正常站点功能通常不受影响
businessvideonews.com,StevenBlack/hosts,tracker,high,stevenblack 聚合拦截域名,block_soft,广告/追踪或恶意通信被拦截；正常站点功能通常不受影响
cloudsponcer.com,StevenBlack/hosts,tracker,high,stevenblack 聚合拦截域名,block_soft,广告/追踪或恶意通信被拦截；正常站点功能通常不受影响
datamarketplace.net,StevenBlack/hosts,tracker,high,stevenblack 聚合拦截域名,block_soft,广告/追踪或恶意通信被拦截；正常站点功能通常不受影响
mobilegamerstats.com,StevenBlack/hosts,tracker,high,stevenblack 聚合拦截域名,block_soft,广告/追踪或恶意通信被拦截；正常站点功能通常不受影响
snoweeanalytics.com,StevenBlack/hosts,tracker,high,stevenblack 聚合拦截域名,block_soft,广告/追踪或恶意通信被拦截；正常站点功能通常不受影响
tagclick-cdn.com,StevenBlack/hosts,tracker,high,stevenblack 聚合拦截域名,block_soft,广告/追踪或恶意通信被拦截；正常站点功能通常不受影响
topographyupdates.com,StevenBlack/hosts,tracker,high,stevenblack 聚合拦截域名,block_soft,广告/追踪或恶意通信被拦截；正常站点功能通常不受影响
unlimitedteacup.com,StevenBlack/hosts,tracker,high,stevenblack 聚合拦截域名,block_soft,广告/追踪或恶意通信被拦截；正常站点功能通常不受影响
virtuallaughing.com,StevenBlack/hosts,tracker,high,stevenblack 聚合拦截域名,block_soft,广告/追踪或恶意通信被拦截；正常站点功能通常不受影响
web-trackers.com,StevenBlack/hosts,tracker,high,stevenblack 聚合拦截域名,block_soft,广告/追踪或恶意通信被拦截；正常站点功能通常不受影响
growthtransport.com,StevenBlack/hosts,tracker,high,stevenblack 聚合拦截域名,block_soft,广告/追踪或恶意通信被拦截；正常站点功能通常不受影响
anstv.net,StevenBlack/hosts,tracker,high,stevenblack 聚合拦截域名,block_soft,广告/追踪或恶意通信被拦截；正常站点功能通常不受影响
ans7tv.net,StevenBlack/hosts,tracker,high,stevenblack 聚合拦截域名,block_soft,广告/追踪或恶意通信被拦截；正常站点功能通常不受影响
123-vendasvoos25.lovestoblog.com,StevenBlack/hosts,tracker,high,stevenblack 聚合拦截域名,block_soft,广告/追踪或恶意通信被拦截；正常站点功能通常不受影响
c-123milhas.shop,StevenBlack/hosts,tracker,high,stevenblack 聚合拦截域名,block_soft,广告/追踪或恶意通信被拦截；正常站点功能通常不受影响
assistant-chronopost.com,StevenBlack/hosts,tracker,high,stevenblack 聚合拦截域名,block_soft,广告/追踪或恶意通信被拦截；正常站点功能通常不受影响
zhihu-web-analytics.zhihu.com,StevenBlack/hosts,tracker,high,stevenblack 聚合拦截域名,block_soft,广告/追踪或恶意通信被拦截；正常站点功能通常不受影响
stmicroelectronics.d3.sc.omtrdc.net,StevenBlack/hosts,tracker,high,stevenblack 聚合拦截域名,block_soft,广告/追踪或恶意通信被拦截；正常站点功能通常不受影响
giyhub.com,StevenBlack/hosts,tracker,high,stevenblack 聚合拦截域名,block_soft,广告/追踪或恶意通信被拦截；正常站点功能通常不受影响
d2wzkjnj9pfptq.cloudfront.net,StevenBlack/hosts,tracker,high,stevenblack 聚合拦截域名,block_soft,广告/追踪或恶意通信被拦截；正常站点功能通常不受影响
storiesnexus.com,StevenBlack/hosts,tracker,high,stevenblack 聚合拦截域名,block_soft,广告/追踪或恶意通信被拦截；正常站点功能通常不受影响
rumadel.com,StevenBlack/hosts,tracker,high,stevenblack 聚合拦截域名,block_soft,广告/追踪或恶意通信被拦截；正常站点功能通常不受影响
ms4.applvn.com,StevenBlack/hosts,tracker,high,stevenblack 聚合拦截域名,block_soft,广告/追踪或恶意通信被拦截；正常站点功能通常不受影响
adsninjacdn.b-cdn.net,StevenBlack/hosts,tracker,high,stevenblack 聚合拦截域名,block_soft,广告/追踪或恶意通信被拦截；正常站点功能通常不受影响
cdn.adsninja.ca,StevenBlack/hosts,tracker,high,stevenblack 聚合拦截域名,block_soft,广告/追踪或恶意通信被拦截；正常站点功能通常不受影响
nom.telemetrydeck.com,StevenBlack/hosts,tracker,high,stevenblack 聚合拦截域名,block_soft,广告/追踪或恶意通信被拦截；正常站点功能通常不受影响
api.ibeat-analytics.com,StevenBlack/hosts,tracker,high,stevenblack 聚合拦截域名,block_soft,广告/追踪或恶意通信被拦截；正常站点功能通常不受影响
mads.amazon.com,StevenBlack/hosts,tracker,high,stevenblack 聚合拦截域名,block_soft,广告/追踪或恶意通信被拦截；正常站点功能通常不受影响
s2.bl-1.com,StevenBlack/hosts,tracker,high,stevenblack 聚合拦截域名,block_soft,广告/追踪或恶意通信被拦截；正常站点功能通常不受影响
w61.1piecemanga.com,StevenBlack/hosts,tracker,high,stevenblack 聚合拦截域名,block_soft,广告/追踪或恶意通信被拦截；正常站点功能通常不受影响
fbet.com,StevenBlack/hosts,tracker,high,stevenblack 聚合拦截域名,block_soft,广告/追踪或恶意通信被拦截；正常站点功能通常不受影响
stemboastfulrattle.com,StevenBlack/hosts,tracker,high,stevenblack 聚合拦截域名,block_soft,广告/追踪或恶意通信被拦截；正常站点功能通常不受影响
onwardrespirationcommandment.com,StevenBlack/hosts,tracker,high,stevenblack 聚合拦截域名,block_soft,广告/追踪或恶意通信被拦截；正常站点功能通常不受影响
s.dmmew.com,StevenBlack/hosts,tracker,high,stevenblack 聚合拦截域名,block_soft,广告/追踪或恶意通信被拦截；正常站点功能通常不受影响
run.cntxtfl.com,StevenBlack/hosts,tracker,high,stevenblack 聚合拦截域名,block_soft,广告/追踪或恶意通信被拦截；正常站点功能通常不受影响
live-manifests-lln.warnermediacdn.com,StevenBlack/hosts,tracker,high,stevenblack 聚合拦截域名,block_soft,广告/追踪或恶意通信被拦截；正常站点功能通常不受影响
live-manifests-aka.warnermediacdn.com,StevenBlack/hosts,tracker,high,stevenblack 聚合拦截域名,block_soft,广告/追踪或恶意通信被拦截；正常站点功能通常不受影响
logs.browser-intake-datadoghq.com,StevenBlack/hosts,tracker,high,stevenblack 聚合拦截域名,block_soft,广告/追踪或恶意通信被拦截；正常站点功能通常不受影响
b2b6d102cb7a4898bc54a3b73e31b759.safeframe.googlesyndication.com,StevenBlack/hosts,tracker,high,stevenblack 聚合拦截域名,block_soft,广告/追踪或恶意通信被拦截；正常站点功能通常不受影响
cpm.didna.io,StevenBlack/hosts,tracker,high,stevenblack 聚合拦截域名,block_soft,广告/追踪或恶意通信被拦截；正常站点功能通常不受影响
hb.minutemedia-prebid.com,StevenBlack/hosts,tracker,high,stevenblack 聚合拦截域名,block_soft,广告/追踪或恶意通信被拦截；正常站点功能通常不受影响
ox-rtb-us-east1.openx.net,StevenBlack/hosts,tracker,high,stevenblack 聚合拦截域名,block_soft,广告/追踪或恶意通信被拦截；正常站点功能通常不受影响
ox-rtb-us-east4.openx.net,StevenBlack/hosts,tracker,high,stevenblack 聚合拦截域名,block_soft,广告/追踪或恶意通信被拦截；正常站点功能通常不受影响
pbs.nextmillmedia.com,StevenBlack/hosts,tracker,high,stevenblack 聚合拦截域名,block_soft,广告/追踪或恶意通信被拦截；正常站点功能通常不受影响
report2.hb.brainlyads.com,StevenBlack/hosts,tracker,high,stevenblack 聚合拦截域名,block_soft,广告/追踪或恶意通信被拦截；正常站点功能通常不受影响
ssp-sync.criteo.com,StevenBlack/hosts,tracker,high,stevenblack 聚合拦截域名,block_soft,广告/追踪或恶意通信被拦截；正常站点功能通常不受影响
st.pubmatic.com,StevenBlack/hosts,tracker,high,stevenblack 聚合拦截域名,block_soft,广告/追踪或恶意通信被拦截；正常站点功能通常不受影响
beacons5.gvt2.com,StevenBlack/hosts,tracker,high,stevenblack 聚合拦截域名,block_soft,广告/追踪或恶意通信被拦截；正常站点功能通常不受影响
beacons4.gvt2.com,StevenBlack/hosts,tracker,high,stevenblack 聚合拦截域名,block_soft,广告/追踪或恶意通信被拦截；正常站点功能通常不受影响
beacons3.gvt2.com,StevenBlack/hosts,tracker,high,stevenblack 聚合拦截域名,block_soft,广告/追踪或恶意通信被拦截；正常站点功能通常不受影响
beacons2.gvt2.com,StevenBlack/hosts,tracker,high,stevenblack 聚合拦截域名,block_soft,广告/追踪或恶意通信被拦截；正常站点功能通常不受影响
pickanewdeliverytime.com,StevenBlack/hosts,tracker,high,stevenblack 聚合拦截域名,block_soft,广告/追踪或恶意通信被拦截；正常站点功能通常不受影响
80d4b6e40cc712bf92fcdbabdd4345fd.safeframe.googlesyndication.com,StevenBlack/hosts,tracker,high,stevenblack 聚合拦截域名,block_soft,广告/追踪或恶意通信被拦截；正常站点功能通常不受影响
a6709203f34992a5095d2bc7ceaf2ec504f651a8.cws.conviva.com,StevenBlack/hosts,tracker,high,stevenblack 聚合拦截域名,block_soft,广告/追踪或恶意通信被拦截；正常站点功能通常不受影响
a.jsrdn.com,StevenBlack/hosts,tracker,high,stevenblack 聚合拦截域名,block_soft,广告/追踪或恶意通信被拦截；正常站点功能通常不受影响
atom.warnermedia.com,StevenBlack/hosts,tracker,high,stevenblack 聚合拦截域名,block_soft,广告/追踪或恶意通信被拦截；正常站点功能通常不受影响
d9esmwyn3ffr1.cloudfront.net,StevenBlack/hosts,tracker,high,stevenblack 聚合拦截域名,block_soft,广告/追踪或恶意通信被拦截；正常站点功能通常不受影响
dqif5bl25s0bf.cloudfront.net,StevenBlack/hosts,tracker,high,stevenblack 聚合拦截域名,block_soft,广告/追踪或恶意通信被拦截；正常站点功能通常不受影响
healthguides.cnn.com,StevenBlack/hosts,tracker,high,stevenblack 聚合拦截域名,block_soft,广告/追踪或恶意通信被拦截；正常站点功能通常不受影响
ipv4.cws.conviva.com,StevenBlack/hosts,tracker,high,stevenblack 聚合拦截域名,block_soft,广告/追踪或恶意通信被拦截；正常站点功能通常不受影响
licensing.bitmovin.com,StevenBlack/hosts,tracker,high,stevenblack 聚合拦截域名,block_soft,广告/追踪或恶意通信被拦截；正常站点功能通常不受影响
live-media-aka.warnermediacdn.com,StevenBlack/hosts,tracker,high,stevenblack 聚合拦截域名,block_soft,广告/追踪或恶意通信被拦截；正常站点功能通常不受影响
registry.api.cnn.io,StevenBlack/hosts,tracker,high,stevenblack 聚合拦截域名,block_soft,广告/追踪或恶意通信被拦截；正常站点功能通常不受影响
s.cdn.turner.com,StevenBlack/hosts,tracker,high,stevenblack 聚合拦截域名,block_soft,广告/追踪或恶意通信被拦截；正常站点功能通常不受影响
turnip.cdn.turner.com,StevenBlack/hosts,tracker,high,stevenblack 聚合拦截域名,block_soft,广告/追踪或恶意通信被拦截；正常站点功能通常不受影响
vi.ml314.com,StevenBlack/hosts,tracker,high,stevenblack 聚合拦截域名,block_soft,广告/追踪或恶意通信被拦截；正常站点功能通常不受影响
vod-media-aka.warnermediacdn.com,StevenBlack/hosts,tracker,high,stevenblack 聚合拦截域名,block_soft,广告/追踪或恶意通信被拦截；正常站点功能通常不受影响
warnermediagroup-com.videoplayerhub.com,StevenBlack/hosts,tracker,high,stevenblack 聚合拦截域名,block_soft,广告/追踪或恶意通信被拦截；正常站点功能通常不受影响
www.i.cdn.cnn.com,StevenBlack/hosts,tracker,high,stevenblack 聚合拦截域名,block_soft,广告/追踪或恶意通信被拦截；正常站点功能通常不受影响
d32ajg1ye8vnl9.cloudfront.net,StevenBlack/hosts,tracker,high,stevenblack 聚合拦截域名,block_soft,广告/追踪或恶意通信被拦截；正常站点功能通常不受影响
dvqcs4w0eo35b.cloudfront.net,StevenBlack/hosts,tracker,high,stevenblack 聚合拦截域名,block_soft,广告/追踪或恶意通信被拦截；正常站点功能通常不受影响
facf31c1c8559131d653f3c5ad4ecc78.safeframe.googlesyndication.com,StevenBlack/hosts,tracker,high,stevenblack 聚合拦截域名,block_soft,广告/追踪或恶意通信被拦截；正常站点功能通常不受影响
i.jsrdn.com,StevenBlack/hosts,tracker,high,stevenblack 聚合拦截域名,block_soft,广告/追踪或恶意通信被拦截；正常站点功能通常不受影响
lb.eu-1-id5-sync.com,StevenBlack/hosts,tracker,high,stevenblack 聚合拦截域名,block_soft,广告/追踪或恶意通信被拦截；正常站点功能通常不受影响
live-media-lln.warnermediacdn.com,StevenBlack/hosts,tracker,high,stevenblack 聚合拦截域名,block_soft,广告/追踪或恶意通信被拦截；正常站点功能通常不受影响
zion.api.cnn.io,StevenBlack/hosts,tracker,high,stevenblack 聚合拦截域名,block_soft,广告/追踪或恶意通信被拦截；正常站点功能通常不受影响
bucket.cdnwebcloud.com,StevenBlack/hosts,tracker,high,stevenblack 聚合拦截域名,block_soft,广告/追踪或恶意通信被拦截；正常站点功能通常不受影响
c23811bc8d067cdb4f00f6af2c918f3d.safeframe.googlesyndication.com,StevenBlack/hosts,tracker,high,stevenblack 聚合拦截域名,block_soft,广告/追踪或恶意通信被拦截；正常站点功能通常不受影响
cadmus.script.ac,StevenBlack/hosts,tracker,high,stevenblack 聚合拦截域名,block_soft,广告/追踪或恶意通信被拦截；正常站点功能通常不受影响
cdn.topsrvimp.com,StevenBlack/hosts,tracker,high,stevenblack 聚合拦截域名,block_soft,广告/追踪或恶意通信被拦截；正常站点功能通常不受影响
cookies.nextmillmedia.com,StevenBlack/hosts,tracker,high,stevenblack 聚合拦截域名,block_soft,广告/追踪或恶意通信被拦截；正常站点功能通常不受影响
didna.b-cdn.net,StevenBlack/hosts,tracker,high,stevenblack 聚合拦截域名,block_soft,广告/追踪或恶意通信被拦截；正常站点功能通常不受影响
exchange.kueezrtb.com,StevenBlack/hosts,tracker,high,stevenblack 聚合拦截域名,block_soft,广告/追踪或恶意通信被拦截；正常站点功能通常不受影响
neural40.cdnwebcloud.com,StevenBlack/hosts,tracker,high,stevenblack 聚合拦截域名,block_soft,广告/追踪或恶意通信被拦截；正常站点功能通常不受影响
rt.marphezis.com,StevenBlack/hosts,tracker,high,stevenblack 聚合拦截域名,block_soft,广告/追踪或恶意通信被拦截；正常站点功能通常不受影响
sync.colossusssp.com,StevenBlack/hosts,tracker,high,stevenblack 聚合拦截域名,block_soft,广告/追踪或恶意通信被拦截；正常站点功能通常不受影响
sync.kueezrtb.com,StevenBlack/hosts,tracker,high,stevenblack 聚合拦截域名,block_soft,广告/追踪或恶意通信被拦截；正常站点功能通常不受影响
t.adx.opera.com,StevenBlack/hosts,tracker,high,stevenblack 聚合拦截域名,block_soft,广告/追踪或恶意通信被拦截；正常站点功能通常不受影响
web.hb.ad.cpe.dotomi.com,StevenBlack/hosts,tracker,high,stevenblack 聚合拦截域名,block_soft,广告/追踪或恶意通信被拦截；正常站点功能通常不受影响
co.vaicore.site,StevenBlack/hosts,tracker,high,stevenblack 聚合拦截域名,block_soft,广告/追踪或恶意通信被拦截；正常站点功能通常不受影响
int.vaicore.site,StevenBlack/hosts,tracker,high,stevenblack 聚合拦截域名,block_soft,广告/追踪或恶意通信被拦截；正常站点功能通常不受影响
rtnl.bxcl.de,StevenBlack/hosts,tracker,high,stevenblack 聚合拦截域名,block_soft,广告/追踪或恶意通信被拦截；正常站点功能通常不受影响
product-cdn.liftoff-creatives.io,StevenBlack/hosts,tracker,high,stevenblack 聚合拦截域名,block_soft,广告/追踪或恶意通信被拦截；正常站点功能通常不受影响
preview.liftoff-creatives.io,StevenBlack/hosts,tracker,high,stevenblack 聚合拦截域名,block_soft,广告/追踪或恶意通信被拦截；正常站点功能通常不受影响
adexp.liftoff.io,StevenBlack/hosts,tracker,high,stevenblack 聚合拦截域名,block_soft,广告/追踪或恶意通信被拦截；正常站点功能通常不受影响
analytics.liftoff.io,StevenBlack/hosts,tracker,high,stevenblack 聚合拦截域名,block_soft,广告/追踪或恶意通信被拦截；正常站点功能通常不受影响
applovin-europe-rtb.liftoff.io,StevenBlack/hosts,tracker,high,stevenblack 聚合拦截域名,block_soft,广告/追踪或恶意通信被拦截；正常站点功能通常不受影响
appodeal-asia-rtb.liftoff.io,StevenBlack/hosts,tracker,high,stevenblack 聚合拦截域名,block_soft,广告/追踪或恶意通信被拦截；正常站点功能通常不受影响
appodeal-europe-rtb.liftoff.io,StevenBlack/hosts,tracker,high,stevenblack 聚合拦截域名,block_soft,广告/追踪或恶意通信被拦截；正常站点功能通常不受影响
appodeal-rtb.liftoff.io,StevenBlack/hosts,tracker,high,stevenblack 聚合拦截域名,block_soft,广告/追踪或恶意通信被拦截；正常站点功能通常不受影响
bigo-asia-rtb.liftoff.io,StevenBlack/hosts,tracker,high,stevenblack 聚合拦截域名,block_soft,广告/追踪或恶意通信被拦截；正常站点功能通常不受影响
bigo-europe-rtb.liftoff.io,StevenBlack/hosts,tracker,high,stevenblack 聚合拦截域名,block_soft,广告/追踪或恶意通信被拦截；正常站点功能通常不受影响
bigo-rtb.liftoff.io,StevenBlack/hosts,tracker,high,stevenblack 聚合拦截域名,block_soft,广告/追踪或恶意通信被拦截；正常站点功能通常不受影响
build-cdn.liftoff.io,StevenBlack/hosts,tracker,high,stevenblack 聚合拦截域名,block_soft,广告/追踪或恶意通信被拦截；正常站点功能通常不受影响
cdn.liftoff.io,StevenBlack/hosts,tracker,high,stevenblack 聚合拦截域名,block_soft,广告/追踪或恶意通信被拦截；正常站点功能通常不受影响
click4.liftoff.io,StevenBlack/hosts,tracker,high,stevenblack 聚合拦截域名,block_soft,广告/追踪或恶意通信被拦截；正常站点功能通常不受影响
click.liftoff.io,StevenBlack/hosts,tracker,high,stevenblack 聚合拦截域名,block_soft,广告/追踪或恶意通信被拦截；正常站点功能通常不受影响
impression-asia.liftoff.io,StevenBlack/hosts,tracker,high,stevenblack 聚合拦截域名,block_soft,广告/追踪或恶意通信被拦截；正常站点功能通常不受影响
impression-east.liftoff.io,StevenBlack/hosts,tracker,high,stevenblack 聚合拦截域名,block_soft,广告/追踪或恶意通信被拦截；正常站点功能通常不受影响
impression-europe.liftoff.io,StevenBlack/hosts,tracker,high,stevenblack 聚合拦截域名,block_soft,广告/追踪或恶意通信被拦截；正常站点功能通常不受影响
lb-rtb-europe.liftoff.io,StevenBlack/hosts,tracker,high,stevenblack 聚合拦截域名,block_soft,广告/追踪或恶意通信被拦截；正常站点功能通常不受影响
privacy.liftoff.io,StevenBlack/hosts,tracker,high,stevenblack 聚合拦截域名,block_soft,广告/追踪或恶意通信被拦截；正常站点功能通常不受影响
rtbnotify.liftoff.io,StevenBlack/hosts,tracker,high,stevenblack 聚合拦截域名,block_soft,广告/追踪或恶意通信被拦截；正常站点功能通常不受影响
biddingmax.apse.trk.rixserv.com,StevenBlack/hosts,tracker,high,stevenblack 聚合拦截域名,block_soft,广告/追踪或恶意通信被拦截；正常站点功能通常不受影响
et-l.w.inmobi.com,StevenBlack/hosts,tracker,high,stevenblack 聚合拦截域名,block_soft,广告/追踪或恶意通信被拦截；正常站点功能通常不受影响
i.l-new.inmobicdn.net,StevenBlack/hosts,tracker,high,stevenblack 聚合拦截域名,block_soft,广告/追踪或恶意通信被拦截；正常站点功能通常不受影响
cdn.liftoff-creatives.io,StevenBlack/hosts,tracker,high,stevenblack 聚合拦截域名,block_soft,广告/追踪或恶意通信被拦截；正常站点功能通常不受影响
statistik.changing-cities.org,StevenBlack/hosts,tracker,high,stevenblack 聚合拦截域名,block_soft,广告/追踪或恶意通信被拦截；正常站点功能通常不受影响
mcgthfrqrs95vdbzkhtchf5fc0g4.device.marketingcloudapis.com,StevenBlack/hosts,tracker,high,stevenblack 聚合拦截域名,block_soft,广告/追踪或恶意通信被拦截；正常站点功能通常不受影响
crpdt.livejasmin.com,StevenBlack/hosts,tracker,high,stevenblack 聚合拦截域名,block_soft,广告/追踪或恶意通信被拦截；正常站点功能通常不受影响
justtrack-logs.justtrack.io,StevenBlack/hosts,tracker,high,stevenblack 聚合拦截域名,block_soft,广告/追踪或恶意通信被拦截；正常站点功能通常不受影响
sdk-api.justtrack.io,StevenBlack/hosts,tracker,high,stevenblack 聚合拦截域名,block_soft,广告/追踪或恶意通信被拦截；正常站点功能通常不受影响
prod.adjoe-programmatic.com,StevenBlack/hosts,tracker,high,stevenblack 聚合拦截域名,block_soft,广告/追踪或恶意通信被拦截；正常站点功能通常不受影响
argo.svcmot.com,StevenBlack/hosts,tracker,high,stevenblack 聚合拦截域名,block_soft,广告/追踪或恶意通信被拦截；正常站点功能通常不受影响
canadapost.ca-help-h.top,StevenBlack/hosts,tracker,high,stevenblack 聚合拦截域名,block_soft,广告/追踪或恶意通信被拦截；正常站点功能通常不受影响
notepad.plus,StevenBlack/hosts,tracker,high,stevenblack 聚合拦截域名,block_soft,广告/追踪或恶意通信被拦截；正常站点功能通常不受影响
alertcibcsecuremobile.com,StevenBlack/hosts,tracker,high,stevenblack 聚合拦截域名,block_soft,广告/追踪或恶意通信被拦截；正常站点功能通常不受影响
sadostic.pl,StevenBlack/hosts,tracker,high,stevenblack 聚合拦截域名,block_soft,广告/追踪或恶意通信被拦截；正常站点功能通常不受影响
ejuiashsateam.info,StevenBlack/hosts,tracker,high,stevenblack 聚合拦截域名,block_soft,广告/追踪或恶意通信被拦截；正常站点功能通常不受影响
twitterr.com,StevenBlack/hosts,tracker,high,stevenblack 聚合拦截域名,block_soft,广告/追踪或恶意通信被拦截；正常站点功能通常不受影响
ww25.twitterr.com,StevenBlack/hosts,tracker,high,stevenblack 聚合拦截域名,block_soft,广告/追踪或恶意通信被拦截；正常站点功能通常不受影响
urdxh.com,StevenBlack/hosts,tracker,high,stevenblack 聚合拦截域名,block_soft,广告/追踪或恶意通信被拦截；正常站点功能通常不受影响
logs.netflix.com,StevenBlack/hosts,tracker,high,stevenblack 聚合拦截域名,block_soft,广告/追踪或恶意通信被拦截；正常站点功能通常不受影响
mailsupport-24f7f1500ed129bc71f2ad9c06fe1e73.pages.dev,StevenBlack/hosts,tracker,high,stevenblack 聚合拦截域名,block_soft,广告/追踪或恶意通信被拦截；正常站点功能通常不受影响
aeventlog.beacon.qq.com,StevenBlack/hosts,tracker,high,stevenblack 聚合拦截域名,block_soft,广告/追踪或恶意通信被拦截；正常站点功能通常不受影响
astrategy.beacon.qq.com,StevenBlack/hosts,tracker,high,stevenblack 聚合拦截域名,block_soft,广告/追踪或恶意通信被拦截；正常站点功能通常不受影响
tdid.m.qq.com,StevenBlack/hosts,tracker,high,stevenblack 聚合拦截域名,block_soft,广告/追踪或恶意通信被拦截；正常站点功能通常不受影响
c.adsco.re,StevenBlack/hosts,tracker,high,stevenblack 聚合拦截域名,block_soft,广告/追踪或恶意通信被拦截；正常站点功能通常不受影响
4.adsco.re,StevenBlack/hosts,tracker,high,stevenblack 聚合拦截域名,block_soft,广告/追踪或恶意通信被拦截；正常站点功能通常不受影响
6.adsco.re,StevenBlack/hosts,tracker,high,stevenblack 聚合拦截域名,block_soft,广告/追踪或恶意通信被拦截；正常站点功能通常不受影响
frwrz661fasv.l4.adsco.re,StevenBlack/hosts,tracker,high,stevenblack 聚合拦截域名,block_soft,广告/追踪或恶意通信被拦截；正常站点功能通常不受影响
frwrz661fasv.n4.adsco.re,StevenBlack/hosts,tracker,high,stevenblack 聚合拦截域名,block_soft,广告/追踪或恶意通信被拦截；正常站点功能通常不受影响
frwrz661fasv.s4.adsco.re,StevenBlack/hosts,tracker,high,stevenblack 聚合拦截域名,block_soft,广告/追踪或恶意通信被拦截；正常站点功能通常不受影响
tracker.nitropay.com,StevenBlack/hosts,tracker,high,stevenblack 聚合拦截域名,block_soft,广告/追踪或恶意通信被拦截；正常站点功能通常不受影响
grid-bidder.criteo.com,StevenBlack/hosts,tracker,high,stevenblack 聚合拦截域名,block_soft,广告/追踪或恶意通信被拦截；正常站点功能通常不受影响
a-ring.msedge.net,StevenBlack/hosts,tracker,high,stevenblack 聚合拦截域名,block_soft,广告/追踪或恶意通信被拦截；正常站点功能通常不受影响
k-ring.msedge.net,StevenBlack/hosts,tracker,high,stevenblack 聚合拦截域名,block_soft,广告/追踪或恶意通信被拦截；正常站点功能通常不受影响
hb.yellowblue.io,StevenBlack/hosts,tracker,high,stevenblack 聚合拦截域名,block_soft,广告/追踪或恶意通信被拦截；正常站点功能通常不受影响
gtrack.kueezrtb.com,StevenBlack/hosts,tracker,high,stevenblack 聚合拦截域名,block_soft,广告/追踪或恶意通信被拦截；正常站点功能通常不受影响
hb-api.omnitagjs.com,StevenBlack/hosts,tracker,high,stevenblack 聚合拦截域名,block_soft,广告/追踪或恶意通信被拦截；正常站点功能通常不受影响
analytics.intelliscapesolutions.com,StevenBlack/hosts,tracker,high,stevenblack 聚合拦截域名,block_soft,广告/追踪或恶意通信被拦截；正常站点功能通常不受影响
1000fapvids.online,StevenBlack/hosts,tracker,high,stevenblack 聚合拦截域名,block_soft,广告/追踪或恶意通信被拦截；正常站点功能通常不受影响
ddbca.localmeets.link,StevenBlack/hosts,tracker,high,stevenblack 聚合拦截域名,block_soft,广告/追踪或恶意通信被拦截；正常站点功能通常不受影响
browser-intake-datadoghq.com,StevenBlack/hosts,tracker,high,stevenblack 聚合拦截域名,block_soft,广告/追踪或恶意通信被拦截；正常站点功能通常不受影响
westus-0.in.applicationinsights.azure.com,StevenBlack/hosts,tracker,high,stevenblack 聚合拦截域名,block_soft,广告/追踪或恶意通信被拦截；正常站点功能通常不受影响
default.exp-tas.com,StevenBlack/hosts,tracker,high,stevenblack 聚合拦截域名,block_soft,广告/追踪或恶意通信被拦截；正常站点功能通常不受影响
api.receptivity.io,StevenBlack/hosts,tracker,high,stevenblack 聚合拦截域名,block_soft,广告/追踪或恶意通信被拦截；正常站点功能通常不受影响
commentaires.qub.ca,StevenBlack/hosts,tracker,high,stevenblack 聚合拦截域名,block_soft,广告/追踪或恶意通信被拦截；正常站点功能通常不受影响
indicedebonheur.com,StevenBlack/hosts,tracker,high,stevenblack 聚合拦截域名,block_soft,广告/追踪或恶意通信被拦截；正常站点功能通常不受影响
ads-static.phonepe.com,StevenBlack/hosts,tracker,high,stevenblack 聚合拦截域名,block_soft,广告/追踪或恶意通信被拦截；正常站点功能通常不受影响
gotoyahoo.com,StevenBlack/hosts,tracker,high,stevenblack 聚合拦截域名,block_soft,广告/追踪或恶意通信被拦截；正常站点功能通常不受影响
two.opensourced.us,StevenBlack/hosts,tracker,high,stevenblack 聚合拦截域名,block_soft,广告/追踪或恶意通信被拦截；正常站点功能通常不受影响
api.adnz.co,StevenBlack/hosts,tracker,high,stevenblack 聚合拦截域名,block_soft,广告/追踪或恶意通信被拦截；正常站点功能通常不受影响
xd.adnz.co,StevenBlack/hosts,tracker,high,stevenblack 聚合拦截域名,block_soft,广告/追踪或恶意通信被拦截；正常站点功能通常不受影响
canada.postcanadantwb.top,StevenBlack/hosts,tracker,high,stevenblack 聚合拦截域名,block_soft,广告/追踪或恶意通信被拦截；正常站点功能通常不受影响
flowto.it,StevenBlack/hosts,tracker,high,stevenblack 聚合拦截域名,block_soft,广告/追踪或恶意通信被拦截；正常站点功能通常不受影响
5197248-trckp05t.com,StevenBlack/hosts,tracker,high,stevenblack 聚合拦截域名,block_soft,广告/追踪或恶意通信被拦截；正常站点功能通常不受影响
api-visitor-analytics.intercom.com,StevenBlack/hosts,tracker,high,stevenblack 聚合拦截域名,block_soft,广告/追踪或恶意通信被拦截；正常站点功能通常不受影响
region1.google-analytics.com,StevenBlack/hosts,tracker,high,stevenblack 聚合拦截域名,block_soft,广告/追踪或恶意通信被拦截；正常站点功能通常不受影响
starshipstart.com,StevenBlack/hosts,tracker,high,stevenblack 聚合拦截域名,block_soft,广告/追踪或恶意通信被拦截；正常站点功能通常不受影响
delivery-schedule.com,StevenBlack/hosts,tracker,high,stevenblack 聚合拦截域名,block_soft,广告/追踪或恶意通信被拦截；正常站点功能通常不受影响
rustdesk.io,StevenBlack/hosts,tracker,high,stevenblack 聚合拦截域名,block_soft,广告/追踪或恶意通信被拦截；正常站点功能通常不受影响
rustdesk.pl,StevenBlack/hosts,tracker,high,stevenblack 聚合拦截域名,block_soft,广告/追踪或恶意通信被拦截；正常站点功能通常不受影响
rustdesk.co.nz,StevenBlack/hosts,tracker,high,stevenblack 聚合拦截域名,block_soft,广告/追踪或恶意通信被拦截；正常站点功能通常不受影响
rustdesk.secure-box.de,StevenBlack/hosts,tracker,high,stevenblack 聚合拦截域名,block_soft,广告/追踪或恶意通信被拦截；正常站点功能通常不受影响
tiny.centralacp.com,StevenBlack/hosts,tracker,high,stevenblack 聚合拦截域名,block_soft,广告/追踪或恶意通信被拦截；正常站点功能通常不受影响
j3lbpcd9.r.us-east-1.awstrack.me,StevenBlack/hosts,tracker,high,stevenblack 聚合拦截域名,block_soft,广告/追踪或恶意通信被拦截；正常站点功能通常不受影响
canada.postscanadafil.top,StevenBlack/hosts,tracker,high,stevenblack 聚合拦截域名,block_soft,广告/追踪或恶意通信被拦截；正常站点功能通常不受影响
html-load.com,StevenBlack/hosts,tracker,high,stevenblack 聚合拦截域名,block_soft,广告/追踪或恶意通信被拦截；正常站点功能通常不受影响
vs-api.voodoo-tech.io,StevenBlack/hosts,tracker,high,stevenblack 聚合拦截域名,block_soft,广告/追踪或恶意通信被拦截；正常站点功能通常不受影响
vg-aws-ad-track-sdk-us-east-1a.mtgglobals.com,StevenBlack/hosts,tracker,high,stevenblack 聚合拦截域名,block_soft,广告/追踪或恶意通信被拦截；正常站点功能通常不受影响
logger2.playablefactory.app,StevenBlack/hosts,tracker,high,stevenblack 聚合拦截域名,block_soft,广告/追踪或恶意通信被拦截；正常站点功能通常不受影响
o-sdk.mediation.unity3d.com,StevenBlack/hosts,tracker,high,stevenblack 聚合拦截域名,block_soft,广告/追踪或恶意通信被拦截；正常站点功能通常不受影响
events.ads.vungle.com,StevenBlack/hosts,tracker,high,stevenblack 聚合拦截域名,block_soft,广告/追踪或恶意通信被拦截；正常站点功能通常不受影响
o.isx.unity3d.com,StevenBlack/hosts,tracker,high,stevenblack 聚合拦截域名,block_soft,广告/追踪或恶意通信被拦截；正常站点功能通常不受影响
gw.mediation.unity3d.com,StevenBlack/hosts,tracker,high,stevenblack 聚合拦截域名,block_soft,广告/追踪或恶意通信被拦截；正常站点功能通常不受影响
noti-us.adsmoloco.com,StevenBlack/hosts,tracker,high,stevenblack 聚合拦截域名,block_soft,广告/追踪或恶意通信被拦截；正常站点功能通常不受影响
o.iads.unity3d.com,StevenBlack/hosts,tracker,high,stevenblack 聚合拦截域名,block_soft,广告/追踪或恶意通信被拦截；正常站点功能通常不受影响
w.isx.unity3d.com,StevenBlack/hosts,tracker,high,stevenblack 聚合拦截域名,block_soft,广告/追踪或恶意通信被拦截；正常站点功能通常不受影响
adn-collector.voodoo-tech.io,StevenBlack/hosts,tracker,high,stevenblack 聚合拦截域名,block_soft,广告/追踪或恶意通信被拦截；正常站点功能通常不受影响
vg-aws-ad-track-sdk-us-east-1b.mtgglobals.com,StevenBlack/hosts,tracker,high,stevenblack 聚合拦截域名,block_soft,广告/追踪或恶意通信被拦截；正常站点功能通常不受影响
cdn-adn-https-new.mtgglobals.com,StevenBlack/hosts,tracker,high,stevenblack 聚合拦截域名,block_soft,广告/追踪或恶意通信被拦截；正常站点功能通常不受影响
net-vg-cdn.mtgglobals.com,StevenBlack/hosts,tracker,high,stevenblack 聚合拦截域名,block_soft,广告/追踪或恶意通信被拦截；正常站点功能通常不受影响
vg-aws-cdn-us-east-1a-hb-bid-feedback.mtgglobals.com,StevenBlack/hosts,tracker,high,stevenblack 聚合拦截域名,block_soft,广告/追踪或恶意通信被拦截；正常站点功能通常不受影响
o-iab-imp-counters.mediation.unity3d.com,StevenBlack/hosts,tracker,high,stevenblack 聚合拦截域名,block_soft,广告/追踪或恶意通信被拦截；正常站点功能通常不受影响
o-iab-notifications.mediation.unity3d.com,StevenBlack/hosts,tracker,high,stevenblack 聚合拦截域名,block_soft,广告/追踪或恶意通信被拦截；正常站点功能通常不受影响
ae.iads.unity3d.com,StevenBlack/hosts,tracker,high,stevenblack 聚合拦截域名,block_soft,广告/追踪或恶意通信被拦截；正常站点功能通常不受影响
gw-rv.iads.unity3d.com,StevenBlack/hosts,tracker,high,stevenblack 聚合拦截域名,block_soft,广告/追踪或恶意通信被拦截；正常站点功能通常不受影响
icon-uap.iads.unity3d.com,StevenBlack/hosts,tracker,high,stevenblack 聚合拦截域名,block_soft,广告/追踪或恶意通信被拦截；正常站点功能通常不受影响
img-dyn-uap.iads.unity3d.com,StevenBlack/hosts,tracker,high,stevenblack 聚合拦截域名,block_soft,广告/追踪或恶意通信被拦截；正常站点功能通常不受影响
vid-uap.iads.unity3d.com,StevenBlack/hosts,tracker,high,stevenblack 聚合拦截域名,block_soft,广告/追踪或恶意通信被拦截；正常站点功能通常不受影响
vg-ali-ad-track-sdk.mtgglobals.com,StevenBlack/hosts,tracker,high,stevenblack 聚合拦截域名,block_soft,广告/追踪或恶意通信被拦截；正常站点功能通常不受影响
l1.audiomob.com,StevenBlack/hosts,tracker,high,stevenblack 聚合拦截域名,block_soft,广告/追踪或恶意通信被拦截；正常站点功能通常不受影响
o-adq.mediation.unity3d.com,StevenBlack/hosts,tracker,high,stevenblack 聚合拦截域名,block_soft,广告/追踪或恶意通信被拦截；正常站点功能通常不受影响
gateway.unityads.unity3d.com,StevenBlack/hosts,tracker,high,stevenblack 聚合拦截域名,block_soft,广告/追踪或恶意通信被拦截；正常站点功能通常不受影响
scar.unityads.unity3d.com,StevenBlack/hosts,tracker,high,stevenblack 聚合拦截域名,block_soft,广告/追踪或恶意通信被拦截；正常站点功能通常不受影响
ofbel.com,StevenBlack/hosts,tracker,high,stevenblack 聚合拦截域名,block_soft,广告/追踪或恶意通信被拦截；正常站点功能通常不受影响
candeliverypostca.com,StevenBlack/hosts,tracker,high,stevenblack 聚合拦截域名,block_soft,广告/追踪或恶意通信被拦截；正常站点功能通常不受影响
ads.heytapmobi.com,StevenBlack/hosts,tracker,high,stevenblack 聚合拦截域名,block_soft,广告/追踪或恶意通信被拦截；正常站点功能通常不受影响
ads.heytapmobile.com,StevenBlack/hosts,tracker,high,stevenblack 聚合拦截域名,block_soft,广告/追踪或恶意通信被拦截；正常站点功能通常不受影响
ads.oppomobile.com,StevenBlack/hosts,tracker,high,stevenblack 聚合拦截域名,block_soft,广告/追踪或恶意通信被拦截；正常站点功能通常不受影响
adx-f.ads.heytapmobi.com,StevenBlack/hosts,tracker,high,stevenblack 聚合拦截域名,block_soft,广告/追踪或恶意通信被拦截；正常站点功能通常不受影响
adx-f.ads.heytapmobile.com,StevenBlack/hosts,tracker,high,stevenblack 聚合拦截域名,block_soft,广告/追踪或恶意通信被拦截；正常站点功能通常不受影响
adx-id.ads.heytapmobi.com,StevenBlack/hosts,tracker,high,stevenblack 聚合拦截域名,block_soft,广告/追踪或恶意通信被拦截；正常站点功能通常不受影响
adx-id.ads.heytapmobile.com,StevenBlack/hosts,tracker,high,stevenblack 聚合拦截域名,block_soft,广告/追踪或恶意通信被拦截；正常站点功能通常不受影响
adx-id.ads.oppomobile.com,StevenBlack/hosts,tracker,high,stevenblack 聚合拦截域名,block_soft,广告/追踪或恶意通信被拦截；正常站点功能通常不受影响
adx-in.ads.heytapmobi.com,StevenBlack/hosts,tracker,high,stevenblack 聚合拦截域名,block_soft,广告/追踪或恶意通信被拦截；正常站点功能通常不受影响
adx-in.ads.heytapmobile.com,StevenBlack/hosts,tracker,high,stevenblack 聚合拦截域名,block_soft,广告/追踪或恶意通信被拦截；正常站点功能通常不受影响
adx-in.ads.oppomobile.com,StevenBlack/hosts,tracker,high,stevenblack 聚合拦截域名,block_soft,广告/追踪或恶意通信被拦截；正常站点功能通常不受影响
adx-kh.ads.heytapmobile.com,StevenBlack/hosts,tracker,high,stevenblack 聚合拦截域名,block_soft,广告/追踪或恶意通信被拦截；正常站点功能通常不受影响
adx-mm.ads.heytapmobile.com,StevenBlack/hosts,tracker,high,stevenblack 聚合拦截域名,block_soft,广告/追踪或恶意通信被拦截；正常站点功能通常不受影响
adx-my.ads.heytapmobile.com,StevenBlack/hosts,tracker,high,stevenblack 聚合拦截域名,block_soft,广告/追踪或恶意通信被拦截；正常站点功能通常不受影响
adx-ph.ads.heytapmobile.com,StevenBlack/hosts,tracker,high,stevenblack 聚合拦截域名,block_soft,广告/追踪或恶意通信被拦截；正常站点功能通常不受影响
adx-sg.ads.heytapmobi.com,StevenBlack/hosts,tracker,high,stevenblack 聚合拦截域名,block_soft,广告/追踪或恶意通信被拦截；正常站点功能通常不受影响
adx-sg.ads.heytapmobile.com,StevenBlack/hosts,tracker,high,stevenblack 聚合拦截域名,block_soft,广告/追踪或恶意通信被拦截；正常站点功能通常不受影响
adx-th.ads.heytapmobile.com,StevenBlack/hosts,tracker,high,stevenblack 聚合拦截域名,block_soft,广告/追踪或恶意通信被拦截；正常站点功能通常不受影响
adx-tw.ads.heytapmobile.com,StevenBlack/hosts,tracker,high,stevenblack 聚合拦截域名,block_soft,广告/追踪或恶意通信被拦截；正常站点功能通常不受影响
adx-vn.ads.heytapmobile.com,StevenBlack/hosts,tracker,high,stevenblack 聚合拦截域名,block_soft,广告/追踪或恶意通信被拦截；正常站点功能通常不受影响
adx.ads.heytapmobi.com,StevenBlack/hosts,tracker,high,stevenblack 聚合拦截域名,block_soft,广告/追踪或恶意通信被拦截；正常站点功能通常不受影响
b1-data.ads.heytapmobi.com,StevenBlack/hosts,tracker,high,stevenblack 聚合拦截域名,block_soft,广告/追踪或恶意通信被拦截；正常站点功能通常不受影响
b2-data.ads.heytapmobi.com,StevenBlack/hosts,tracker,high,stevenblack 聚合拦截域名,block_soft,广告/追踪或恶意通信被拦截；正常站点功能通常不受影响
bdapi-id.ads.heytapmobi.com,StevenBlack/hosts,tracker,high,stevenblack 聚合拦截域名,block_soft,广告/追踪或恶意通信被拦截；正常站点功能通常不受影响
bdapi-id.ads.heytapmobile.com,StevenBlack/hosts,tracker,high,stevenblack 聚合拦截域名,block_soft,广告/追踪或恶意通信被拦截；正常站点功能通常不受影响
bdapi-id.ads.oppomobile.com,StevenBlack/hosts,tracker,high,stevenblack 聚合拦截域名,block_soft,广告/追踪或恶意通信被拦截；正常站点功能通常不受影响
bdapi-in.ads.heytapmobi.com,StevenBlack/hosts,tracker,high,stevenblack 聚合拦截域名,block_soft,广告/追踪或恶意通信被拦截；正常站点功能通常不受影响
bdapi-in.ads.heytapmobile.com,StevenBlack/hosts,tracker,high,stevenblack 聚合拦截域名,block_soft,广告/追踪或恶意通信被拦截；正常站点功能通常不受影响
bdapi-in.ads.oppomobile.com,StevenBlack/hosts,tracker,high,stevenblack 聚合拦截域名,block_soft,广告/追踪或恶意通信被拦截；正常站点功能通常不受影响
bdapi.ads.heytapmobi.com,StevenBlack/hosts,tracker,high,stevenblack 聚合拦截域名,block_soft,广告/追踪或恶意通信被拦截；正常站点功能通常不受影响
bjdata.ads.oppomobile.com,StevenBlack/hosts,tracker,high,stevenblack 聚合拦截域名,block_soft,广告/追踪或恶意通信被拦截；正常站点功能通常不受影响
ck.ads.heytapmobi.com,StevenBlack/hosts,tracker,high,stevenblack 聚合拦截域名,block_soft,广告/追踪或恶意通信被拦截；正常站点功能通常不受影响
ck.ads.oppomobile.com,StevenBlack/hosts,tracker,high,stevenblack 聚合拦截域名,block_soft,广告/追踪或恶意通信被拦截；正常站点功能通常不受影响
cl-data-f.ads.heytapmobi.com,StevenBlack/hosts,tracker,high,stevenblack 聚合拦截域名,block_soft,广告/追踪或恶意通信被拦截；正常站点功能通常不受影响
cl-data-f.ads.heytapmobile.com,StevenBlack/hosts,tracker,high,stevenblack 聚合拦截域名,block_soft,广告/追踪或恶意通信被拦截；正常站点功能通常不受影响
cl-data-id.ads.heytapmobi.com,StevenBlack/hosts,tracker,high,stevenblack 聚合拦截域名,block_soft,广告/追踪或恶意通信被拦截；正常站点功能通常不受影响
cl-data-id.ads.heytapmobile.com,StevenBlack/hosts,tracker,high,stevenblack 聚合拦截域名,block_soft,广告/追踪或恶意通信被拦截；正常站点功能通常不受影响
cl-data-in.ads.heytapmobi.com,StevenBlack/hosts,tracker,high,stevenblack 聚合拦截域名,block_soft,广告/追踪或恶意通信被拦截；正常站点功能通常不受影响
cl-data-in.ads.heytapmobile.com,StevenBlack/hosts,tracker,high,stevenblack 聚合拦截域名,block_soft,广告/追踪或恶意通信被拦截；正常站点功能通常不受影响
cl-data-my.ads.heytapmobile.com,StevenBlack/hosts,tracker,high,stevenblack 聚合拦截域名,block_soft,广告/追踪或恶意通信被拦截；正常站点功能通常不受影响
cl-data-sg.ads.heytapmobi.com,StevenBlack/hosts,tracker,high,stevenblack 聚合拦截域名,block_soft,广告/追踪或恶意通信被拦截；正常站点功能通常不受影响
cl-data-sg.ads.heytapmobile.com,StevenBlack/hosts,tracker,high,stevenblack 聚合拦截域名,block_soft,广告/追踪或恶意通信被拦截；正常站点功能通常不受影响
cl-data-vn.ads.heytapmobile.com,StevenBlack/hosts,tracker,high,stevenblack 聚合拦截域名,block_soft,广告/追踪或恶意通信被拦截；正常站点功能通常不受影响
cl-data.ads.heytapmobi.com,StevenBlack/hosts,tracker,high,stevenblack 聚合拦截域名,block_soft,广告/追踪或恶意通信被拦截；正常站点功能通常不受影响
darvin-ec.ads.heytapmobi.com,StevenBlack/hosts,tracker,high,stevenblack 聚合拦截域名,block_soft,广告/追踪或恶意通信被拦截；正常站点功能通常不受影响
data-f.ads.oppomobile.com,StevenBlack/hosts,tracker,high,stevenblack 聚合拦截域名,block_soft,广告/追踪或恶意通信被拦截；正常站点功能通常不受影响
data-in.ads.oppomobile.com,StevenBlack/hosts,tracker,high,stevenblack 聚合拦截域名,block_soft,广告/追踪或恶意通信被拦截；正常站点功能通常不受影响
data.ads.heytapmobi.com,StevenBlack/hosts,tracker,high,stevenblack 聚合拦截域名,block_soft,广告/追踪或恶意通信被拦截；正常站点功能通常不受影响
dataf.ads.oppomobile.com,StevenBlack/hosts,tracker,high,stevenblack 聚合拦截域名,block_soft,广告/追踪或恶意通信被拦截；正常站点功能通常不受影响
sapi.ads.oppomobile.com,StevenBlack/hosts,tracker,high,stevenblack 聚合拦截域名,block_soft,广告/追踪或恶意通信被拦截；正常站点功能通常不受影响
sms-sg.ads.heytapmobile.com,StevenBlack/hosts,tracker,high,stevenblack 聚合拦截域名,block_soft,广告/追踪或恶意通信被拦截；正常站点功能通常不受影响
sms.ads.heytapmobi.com,StevenBlack/hosts,tracker,high,stevenblack 聚合拦截域名,block_soft,广告/追踪或恶意通信被拦截；正常站点功能通常不受影响
sms.ads.oppomobile.com,StevenBlack/hosts,tracker,high,stevenblack 聚合拦截域名,block_soft,广告/追踪或恶意通信被拦截；正常站点功能通常不受影响
ssp-adx.ads.heytapmobi.com,StevenBlack/hosts,tracker,high,stevenblack 聚合拦截域名,block_soft,广告/追踪或恶意通信被拦截；正常站点功能通常不受影响
stg-data-f.ads.heytapmobi.com,StevenBlack/hosts,tracker,high,stevenblack 聚合拦截域名,block_soft,广告/追踪或恶意通信被拦截；正常站点功能通常不受影响
stg-data-f.ads.heytapmobile.com,StevenBlack/hosts,tracker,high,stevenblack 聚合拦截域名,block_soft,广告/追踪或恶意通信被拦截；正常站点功能通常不受影响
stg-data-id.ads.heytapmobi.com,StevenBlack/hosts,tracker,high,stevenblack 聚合拦截域名,block_soft,广告/追踪或恶意通信被拦截；正常站点功能通常不受影响
stg-data-id.ads.heytapmobile.com,StevenBlack/hosts,tracker,high,stevenblack 聚合拦截域名,block_soft,广告/追踪或恶意通信被拦截；正常站点功能通常不受影响
stg-data-in.ads.heytapmobi.com,StevenBlack/hosts,tracker,high,stevenblack 聚合拦截域名,block_soft,广告/追踪或恶意通信被拦截；正常站点功能通常不受影响
stg-data-in.ads.heytapmobile.com,StevenBlack/hosts,tracker,high,stevenblack 聚合拦截域名,block_soft,广告/追踪或恶意通信被拦截；正常站点功能通常不受影响
stg-data-kh.ads.heytapmobile.com,StevenBlack/hosts,tracker,high,stevenblack 聚合拦截域名,block_soft,广告/追踪或恶意通信被拦截；正常站点功能通常不受影响
stg-data-mm.ads.heytapmobile.com,StevenBlack/hosts,tracker,high,stevenblack 聚合拦截域名,block_soft,广告/追踪或恶意通信被拦截；正常站点功能通常不受影响
stg-data-my.ads.heytapmobile.com,StevenBlack/hosts,tracker,high,stevenblack 聚合拦截域名,block_soft,广告/追踪或恶意通信被拦截；正常站点功能通常不受影响
stg-data-ph.ads.heytapmobile.com,StevenBlack/hosts,tracker,high,stevenblack 聚合拦截域名,block_soft,广告/追踪或恶意通信被拦截；正常站点功能通常不受影响
stg-data-ru.ads.heytapmobile.com,StevenBlack/hosts,tracker,high,stevenblack 聚合拦截域名,block_soft,广告/追踪或恶意通信被拦截；正常站点功能通常不受影响
stg-data-sg.ads.heytapmobi.com,StevenBlack/hosts,tracker,high,stevenblack 聚合拦截域名,block_soft,广告/追踪或恶意通信被拦截；正常站点功能通常不受影响
stg-data-sg.ads.heytapmobile.com,StevenBlack/hosts,tracker,high,stevenblack 聚合拦截域名,block_soft,广告/追踪或恶意通信被拦截；正常站点功能通常不受影响
stg-data-th.ads.heytapmobile.com,StevenBlack/hosts,tracker,high,stevenblack 聚合拦截域名,block_soft,广告/追踪或恶意通信被拦截；正常站点功能通常不受影响
stg-data-tw.ads.heytapmobile.com,StevenBlack/hosts,tracker,high,stevenblack 聚合拦截域名,block_soft,广告/追踪或恶意通信被拦截；正常站点功能通常不受影响
stg-data-vn.ads.heytapmobile.com,StevenBlack/hosts,tracker,high,stevenblack 聚合拦截域名,block_soft,广告/追踪或恶意通信被拦截；正常站点功能通常不受影响
stg-data.ads.heytapmobi.com,StevenBlack/hosts,tracker,high,stevenblack 聚合拦截域名,block_soft,广告/追踪或恶意通信被拦截；正常站点功能通常不受影响
t-id.ads.heytapmobile.com,StevenBlack/hosts,tracker,high,stevenblack 聚合拦截域名,block_soft,广告/追踪或恶意通信被拦截；正常站点功能通常不受影响
t-in.ads.heytapmobile.com,StevenBlack/hosts,tracker,high,stevenblack 聚合拦截域名,block_soft,广告/追踪或恶意通信被拦截；正常站点功能通常不受影响
uapi.ads.heytapmobi.com,StevenBlack/hosts,tracker,high,stevenblack 聚合拦截域名,block_soft,广告/追踪或恶意通信被拦截；正常站点功能通常不受影响
wifi.ads.oppomobile.com,StevenBlack/hosts,tracker,high,stevenblack 聚合拦截域名,block_soft,广告/追踪或恶意通信被拦截；正常站点功能通常不受影响
ts.amazon-adsystem.com,StevenBlack/hosts,tracker,high,stevenblack 聚合拦截域名,block_soft,广告/追踪或恶意通信被拦截；正常站点功能通常不受影响
tracker.zmaticoo.com,StevenBlack/hosts,tracker,high,stevenblack 聚合拦截域名,block_soft,广告/追踪或恶意通信被拦截；正常站点功能通常不受影响
i-adq.mediation.unity3d.com,StevenBlack/hosts,tracker,high,stevenblack 聚合拦截域名,block_soft,广告/追踪或恶意通信被拦截；正常站点功能通常不受影响
i-sdk.mediation.unity3d.com,StevenBlack/hosts,tracker,high,stevenblack 聚合拦截域名,block_soft,广告/追踪或恶意通信被拦截；正常站点功能通常不受影响
cdn.iads.unity3d.com,StevenBlack/hosts,tracker,high,stevenblack 聚合拦截域名,block_soft,广告/追踪或恶意通信被拦截；正常站点功能通常不受影响
a-iad3.1rx.io,StevenBlack/hosts,tracker,high,stevenblack 聚合拦截域名,block_soft,广告/追踪或恶意通信被拦截；正常站点功能通常不受影响
cdn.zmaticoo.com,StevenBlack/hosts,tracker,high,stevenblack 聚合拦截域名,block_soft,广告/追踪或恶意通信被拦截；正常站点功能通常不受影响
o209266.ingest.us.sentry.io,StevenBlack/hosts,tracker,high,stevenblack 聚合拦截域名,block_soft,广告/追踪或恶意通信被拦截；正常站点功能通常不受影响
zmaticoo.funsdata.com,StevenBlack/hosts,tracker,high,stevenblack 聚合拦截域名,block_soft,广告/追踪或恶意通信被拦截；正常站点功能通常不受影响
sdk-api.maticooads.com,StevenBlack/hosts,tracker,high,stevenblack 聚合拦截域名,block_soft,广告/追踪或恶意通信被拦截；正常站点功能通常不受影响
sts.applovin.com,StevenBlack/hosts,tracker,high,stevenblack 聚合拦截域名,block_soft,广告/追踪或恶意通信被拦截；正常站点功能通常不受影响
check-tcp.rayjump.com,StevenBlack/hosts,tracker,high,stevenblack 聚合拦截域名,block_soft,广告/追踪或恶意通信被拦截；正常站点功能通常不受影响
configure-tcp.rayjump.com,StevenBlack/hosts,tracker,high,stevenblack 聚合拦截域名,block_soft,广告/追踪或恶意通信被拦截；正常站点功能通常不受影响
lazy-tcp.rayjump.com,StevenBlack/hosts,tracker,high,stevenblack 聚合拦截域名,block_soft,广告/追踪或恶意通信被拦截；正常站点功能通常不受影响
policy-tcp.rayjump.com,StevenBlack/hosts,tracker,high,stevenblack 聚合拦截域名,block_soft,广告/追踪或恶意通信被拦截；正常站点功能通常不受影响
observe-tcp.mtgglobals.com,StevenBlack/hosts,tracker,high,stevenblack 聚合拦截域名,block_soft,广告/追踪或恶意通信被拦截；正常站点功能通常不受影响
configure-tcp-android.mtgglobals.com,StevenBlack/hosts,tracker,high,stevenblack 聚合拦截域名,block_soft,广告/追踪或恶意通信被拦截；正常站点功能通常不受影响
cdn-adn-https.mtgglobals.com,StevenBlack/hosts,tracker,high,stevenblack 聚合拦截域名,block_soft,广告/追踪或恶意通信被拦截；正常站点功能通常不受影响
hybird.mtgglobals.com,StevenBlack/hosts,tracker,high,stevenblack 聚合拦截域名,block_soft,广告/追踪或恶意通信被拦截；正常站点功能通常不受影响
api.revenuads.com,StevenBlack/hosts,tracker,high,stevenblack 聚合拦截域名,block_soft,广告/追踪或恶意通信被拦截；正常站点功能通常不受影响
joinhoney.com,StevenBlack/hosts,tracker,high,stevenblack 聚合拦截域名,block_soft,广告/追踪或恶意通信被拦截；正常站点功能通常不受影响
scomobilehelp.com,StevenBlack/hosts,tracker,high,stevenblack 聚合拦截域名,block_soft,广告/追踪或恶意通信被拦截；正常站点功能通常不受影响
paqueteriadhl.com.mx,StevenBlack/hosts,tracker,high,stevenblack 聚合拦截域名,block_soft,广告/追踪或恶意通信被拦截；正常站点功能通常不受影响
hoppingtheglobe.com,StevenBlack/hosts,tracker,high,stevenblack 聚合拦截域名,block_soft,广告/追踪或恶意通信被拦截；正常站点功能通常不受影响
firebaselogging-pa.googleapis.com,StevenBlack/hosts,tracker,high,stevenblack 聚合拦截域名,block_soft,广告/追踪或恶意通信被拦截；正常站点功能通常不受影响
cdn.yektanet.com,StevenBlack/hosts,tracker,high,stevenblack 聚合拦截域名,block_soft,广告/追踪或恶意通信被拦截；正常站点功能通常不受影响
biscotti.yektanet.com,StevenBlack/hosts,tracker,high,stevenblack 聚合拦截域名,block_soft,广告/追踪或恶意通信被拦截；正常站点功能通常不受影响
ua.yektanet.com,StevenBlack/hosts,tracker,high,stevenblack 聚合拦截域名,block_soft,广告/追踪或恶意通信被拦截；正常站点功能通常不受影响
static1.intrack.ir,StevenBlack/hosts,tracker,high,stevenblack 聚合拦截域名,block_soft,广告/追踪或恶意通信被拦截；正常站点功能通常不受影响
kilo.intrack.ir,StevenBlack/hosts,tracker,high,stevenblack 聚合拦截域名,block_soft,广告/追踪或恶意通信被拦截；正常站点功能通常不受影响
mq.intrack.ir,StevenBlack/hosts,tracker,high,stevenblack 聚合拦截域名,block_soft,广告/追踪或恶意通信被拦截；正常站点功能通常不受影响
static.adverge.ir,StevenBlack/hosts,tracker,high,stevenblack 聚合拦截域名,block_soft,广告/追踪或恶意通信被拦截；正常站点功能通常不受影响
cdn.goftino.com,StevenBlack/hosts,tracker,high,stevenblack 聚合拦截域名,block_soft,广告/追踪或恶意通信被拦截；正常站点功能通常不受影响
beta.kaprila.com,StevenBlack/hosts,tracker,high,stevenblack 聚合拦截域名,block_soft,广告/追踪或恶意通信被拦截；正常站点功能通常不受影响
panel.kaprila.com,StevenBlack/hosts,tracker,high,stevenblack 聚合拦截域名,block_soft,广告/追踪或恶意通信被拦截；正常站点功能通常不受影响
streamboo.com,StevenBlack/hosts,tracker,high,stevenblack 聚合拦截域名,block_soft,广告/追踪或恶意通信被拦截；正常站点功能通常不受影响
rosysolvingscallion.com,StevenBlack/hosts,tracker,high,stevenblack 聚合拦截域名,block_soft,广告/追踪或恶意通信被拦截；正常站点功能通常不受影响
photo-reaktivieren.org,StevenBlack/hosts,tracker,high,stevenblack 聚合拦截域名,block_soft,广告/追踪或恶意通信被拦截；正常站点功能通常不受影响
startseite24.net,StevenBlack/hosts,tracker,high,stevenblack 聚合拦截域名,block_soft,广告/追踪或恶意通信被拦截；正常站点功能通常不受影响
rcvlink.com,StevenBlack/hosts,tracker,high,stevenblack 聚合拦截域名,block_soft,广告/追踪或恶意通信被拦截；正常站点功能通常不受影响
clientennota-webnl.ddns.info,StevenBlack/hosts,tracker,high,stevenblack 聚合拦截域名,block_soft,广告/追踪或恶意通信被拦截；正常站点功能通常不受影响
afs.googlesyndication.com,StevenBlack/hosts,tracker,high,stevenblack 聚合拦截域名,block_soft,广告/追踪或恶意通信被拦截；正常站点功能通常不受影响
analyticsengine.s3.amazonaws.com,StevenBlack/hosts,tracker,high,stevenblack 聚合拦截域名,block_soft,广告/追踪或恶意通信被拦截；正常站点功能通常不受影响
analytics.s3.amazonaws.com,StevenBlack/hosts,tracker,high,stevenblack 聚合拦截域名,block_soft,广告/追踪或恶意通信被拦截；正常站点功能通常不受影响
mediavisor.doubleclick.net,StevenBlack/hosts,tracker,high,stevenblack 聚合拦截域名,block_soft,广告/追踪或恶意通信被拦截；正常站点功能通常不受影响
adm.hotjar.com,StevenBlack/hosts,tracker,high,stevenblack 聚合拦截域名,block_soft,广告/追踪或恶意通信被拦截；正常站点功能通常不受影响
ads-api.tiktok.com,StevenBlack/hosts,tracker,high,stevenblack 聚合拦截域名,block_soft,广告/追踪或恶意通信被拦截；正常站点功能通常不受影响
ads-sg.tiktok.com,StevenBlack/hosts,tracker,high,stevenblack 聚合拦截域名,block_soft,广告/追踪或恶意通信被拦截；正常站点功能通常不受影响
analytics-sg.tiktok.com,StevenBlack/hosts,tracker,high,stevenblack 聚合拦截域名,block_soft,广告/追踪或恶意通信被拦截；正常站点功能通常不受影响
adtech.yahooinc.com,StevenBlack/hosts,tracker,high,stevenblack 聚合拦截域名,block_soft,广告/追踪或恶意通信被拦截；正常站点功能通常不受影响
adfstat.yandex.ru,StevenBlack/hosts,tracker,high,stevenblack 聚合拦截域名,block_soft,广告/追踪或恶意通信被拦截；正常站点功能通常不受影响
adfox.yandex.ru,StevenBlack/hosts,tracker,high,stevenblack 聚合拦截域名,block_soft,广告/追踪或恶意通信被拦截；正常站点功能通常不受影响
bdapi-ads.realmemobile.com,StevenBlack/hosts,tracker,high,stevenblack 聚合拦截域名,block_soft,广告/追踪或恶意通信被拦截；正常站点功能通常不受影响
bdapi-in-ads.realmemobile.com,StevenBlack/hosts,tracker,high,stevenblack 聚合拦截域名,block_soft,广告/追踪或恶意通信被拦截；正常站点功能通常不受影响
my-tracknl.com,StevenBlack/hosts,tracker,high,stevenblack 聚合拦截域名,block_soft,广告/追踪或恶意通信被拦截；正常站点功能通常不受影响
trk.na.patagonia.com,StevenBlack/hosts,tracker,high,stevenblack 聚合拦截域名,block_soft,广告/追踪或恶意通信被拦截；正常站点功能通常不受影响
ads.playstream.media,StevenBlack/hosts,tracker,high,stevenblack 聚合拦截域名,block_soft,广告/追踪或恶意通信被拦截；正常站点功能通常不受影响
pscontent.playstream.media,StevenBlack/hosts,tracker,high,stevenblack 聚合拦截域名,block_soft,广告/追踪或恶意通信被拦截；正常站点功能通常不受影响
cdn.playstream.media,StevenBlack/hosts,tracker,high,stevenblack 聚合拦截域名,block_soft,广告/追踪或恶意通信被拦截；正常站点功能通常不受影响
prodcdn.playstream.media,StevenBlack/hosts,tracker,high,stevenblack 聚合拦截域名,block_soft,广告/追踪或恶意通信被拦截；正常站点功能通常不受影响
zopro.duckdns.org,StevenBlack/hosts,tracker,high,stevenblack 聚合拦截域名,block_soft,广告/追踪或恶意通信被拦截；正常站点功能通常不受影响
analytics.arz.at,StevenBlack/hosts,tracker,high,stevenblack 聚合拦截域名,block_soft,广告/追踪或恶意通信被拦截；正常站点功能通常不受影响
eventcra.com,StevenBlack/hosts,tracker,high,stevenblack 聚合拦截域名,block_soft,广告/追踪或恶意通信被拦截；正常站点功能通常不受影响
safalindustries.com,StevenBlack/hosts,tracker,high,stevenblack 聚合拦截域名,block_soft,广告/追踪或恶意通信被拦截；正常站点功能通常不受影响
cryptocurrency.market,StevenBlack/hosts,tracker,high,stevenblack 聚合拦截域名,block_soft,广告/追踪或恶意通信被拦截；正常站点功能通常不受影响
log.cookieyes.com,StevenBlack/hosts,tracker,high,stevenblack 聚合拦截域名,block_soft,广告/追踪或恶意通信被拦截；正常站点功能通常不受影响
directory.cookieyes.com,StevenBlack/hosts,tracker,high,stevenblack 聚合拦截域名,block_soft,广告/追踪或恶意通信被拦截；正常站点功能通常不受影响
xpoalswwkjddsljsy.com,StevenBlack/hosts,tracker,high,stevenblack 聚合拦截域名,block_soft,广告/追踪或恶意通信被拦截；正常站点功能通常不受影响
xoiiasdpsdoasdpojas.com,StevenBlack/hosts,tracker,high,stevenblack 聚合拦截域名,block_soft,广告/追踪或恶意通信被拦截；正常站点功能通常不受影响
d2.ads.rmbl.ws,StevenBlack/hosts,tracker,high,stevenblack 聚合拦截域名,block_soft,广告/追踪或恶意通信被拦截；正常站点功能通常不受影响
a.ads.rmbl.ws,StevenBlack/hosts,tracker,high,stevenblack 聚合拦截域名,block_soft,广告/追踪或恶意通信被拦截；正常站点功能通常不受影响
st5fdbvs.r.us-east-1.awstrack.me,StevenBlack/hosts,tracker,high,stevenblack 聚合拦截域名,block_soft,广告/追踪或恶意通信被拦截；正常站点功能通常不受影响
fullgamingacc.com,StevenBlack/hosts,tracker,high,stevenblack 聚合拦截域名,block_soft,广告/追踪或恶意通信被拦截；正常站点功能通常不受影响
enstat.xbext.com,StevenBlack/hosts,tracker,high,stevenblack 聚合拦截域名,block_soft,广告/追踪或恶意通信被拦截；正常站点功能通常不受影响
enappstat.xbext.com,StevenBlack/hosts,tracker,high,stevenblack 聚合拦截域名,block_soft,广告/追踪或恶意通信被拦截；正常站点功能通常不受影响
zpr.io,StevenBlack/hosts,tracker,high,stevenblack 聚合拦截域名,block_soft,广告/追踪或恶意通信被拦截；正常站点功能通常不受影响
tillequal.com,StevenBlack/hosts,tracker,high,stevenblack 聚合拦截域名,block_soft,广告/追踪或恶意通信被拦截；正常站点功能通常不受影响
html-load.cc,StevenBlack/hosts,tracker,high,stevenblack 聚合拦截域名,block_soft,广告/追踪或恶意通信被拦截；正常站点功能通常不受影响
colombia.ru.com,StevenBlack/hosts,tracker,high,stevenblack 聚合拦截域名,block_soft,广告/追踪或恶意通信被拦截；正常站点功能通常不受影响
fasss62r9nowzzz.z13.web.core.windows.net,StevenBlack/hosts,tracker,high,stevenblack 聚合拦截域名,block_soft,广告/追踪或恶意通信被拦截；正常站点功能通常不受影响
etonynew345zzz.z13.web.core.windows.net,StevenBlack/hosts,tracker,high,stevenblack 聚合拦截域名,block_soft,广告/追踪或恶意通信被拦截；正常站点功能通常不受影响
foldexmoon.fun,StevenBlack/hosts,tracker,high,stevenblack 聚合拦截域名,block_soft,广告/追踪或恶意通信被拦截；正常站点功能通常不受影响
foldexmoon.shop,StevenBlack/hosts,tracker,high,stevenblack 聚合拦截域名,block_soft,广告/追踪或恶意通信被拦截；正常站点功能通常不受影响
foldexmoon.today,StevenBlack/hosts,tracker,high,stevenblack 聚合拦截域名,block_soft,广告/追踪或恶意通信被拦截；正常站点功能通常不受影响
foldexmoon.top,StevenBlack/hosts,tracker,high,stevenblack 聚合拦截域名,block_soft,广告/追踪或恶意通信被拦截；正常站点功能通常不受影响
foldexmoon.world,StevenBlack/hosts,tracker,high,stevenblack 聚合拦截域名,block_soft,广告/追踪或恶意通信被拦截；正常站点功能通常不受影响
foldexmoon.xyz,StevenBlack/hosts,tracker,high,stevenblack 聚合拦截域名,block_soft,广告/追踪或恶意通信被拦截；正常站点功能通常不受影响
instant-mac.com,StevenBlack/hosts,tracker,high,stevenblack 聚合拦截域名,block_soft,广告/追踪或恶意通信被拦截；正常站点功能通常不受影响
pixelfy.me,StevenBlack/hosts,tracker,high,stevenblack 聚合拦截域名,block_soft,广告/追踪或恶意通信被拦截；正常站点功能通常不受影响
logs.ads.vungle.com,StevenBlack/hosts,tracker,high,stevenblack 聚合拦截域名,block_soft,广告/追踪或恶意通信被拦截；正常站点功能通常不受影响
content-loader.com,StevenBlack/hosts,tracker,high,stevenblack 聚合拦截域名,block_soft,广告/追踪或恶意通信被拦截；正常站点功能通常不受影响
iwad.cachefly.net,StevenBlack/hosts,tracker,high,stevenblack 聚合拦截域名,block_soft,广告/追踪或恶意通信被拦截；正常站点功能通常不受影响
intelcom.615344.vip,StevenBlack/hosts,tracker,high,stevenblack 聚合拦截域名,block_soft,广告/追踪或恶意通信被拦截；正常站点功能通常不受影响
615344.vip,StevenBlack/hosts,tracker,high,stevenblack 聚合拦截域名,block_soft,广告/追踪或恶意通信被拦截；正常站点功能通常不受影响
privacy-sandbox.appsflyersdk.com,StevenBlack/hosts,tracker,high,stevenblack 聚合拦截域名,block_soft,广告/追踪或恶意通信被拦截；正常站点功能通常不受影响
api16-dual-event-sg2.pangle.io,StevenBlack/hosts,tracker,high,stevenblack 聚合拦截域名,block_soft,广告/追踪或恶意通信被拦截；正常站点功能通常不受影响
api16-access-ttp.tiktokpangle.us,StevenBlack/hosts,tracker,high,stevenblack 聚合拦截域名,block_soft,广告/追踪或恶意通信被拦截；正常站点功能通常不受影响
api16-access-wf-sg.pangle.io,StevenBlack/hosts,tracker,high,stevenblack 聚合拦截域名,block_soft,广告/追踪或恶意通信被拦截；正常站点功能通常不受影响
prod-mediate-events.applovin.com,StevenBlack/hosts,tracker,high,stevenblack 聚合拦截域名,block_soft,广告/追踪或恶意通信被拦截；正常站点功能通常不受影响
newsentry.simpals.md,StevenBlack/hosts,tracker,high,stevenblack 聚合拦截域名,block_soft,广告/追踪或恶意通信被拦截；正常站点功能通常不受影响
datarouter.ol.epicgames.com,StevenBlack/hosts,tracker,high,stevenblack 聚合拦截域名,block_soft,广告/追踪或恶意通信被拦截；正常站点功能通常不受影响
rkv1.com,StevenBlack/hosts,tracker,high,stevenblack 聚合拦截域名,block_soft,广告/追踪或恶意通信被拦截；正常站点功能通常不受影响
msft-ssp.adnxs.com,StevenBlack/hosts,tracker,high,stevenblack 聚合拦截域名,block_soft,广告/追踪或恶意通信被拦截；正常站点功能通常不受影响
admixer.md,StevenBlack/hosts,tracker,high,stevenblack 聚合拦截域名,block_soft,广告/追踪或恶意通信被拦截；正常站点功能通常不受影响
proxy.optoutadvertising.com,StevenBlack/hosts,tracker,high,stevenblack 聚合拦截域名,block_soft,广告/追踪或恶意通信被拦截；正常站点功能通常不受影响
cdn.optoutadvertising.com,StevenBlack/hosts,tracker,high,stevenblack 聚合拦截域名,block_soft,广告/追踪或恶意通信被拦截；正常站点功能通常不受影响
cstasa.ca,StevenBlack/hosts,tracker,high,stevenblack 聚合拦截域名,block_soft,广告/追踪或恶意通信被拦截；正常站点功能通常不受影响
porewin.net,StevenBlack/hosts,tracker,high,stevenblack 聚合拦截域名,block_soft,广告/追踪或恶意通信被拦截；正常站点功能通常不受影响
kra18.com,StevenBlack/hosts,tracker,high,stevenblack 聚合拦截域名,block_soft,广告/追踪或恶意通信被拦截；正常站点功能通常不受影响
sfrclak.com,StevenBlack/hosts,tracker,high,stevenblack 聚合拦截域名,block_soft,广告/追踪或恶意通信被拦截；正常站点功能通常不受影响
callnrwise.com,StevenBlack/hosts,tracker,high,stevenblack 聚合拦截域名,block_soft,广告/追踪或恶意通信被拦截；正常站点功能通常不受影响
ca-pagei.bond,StevenBlack/hosts,tracker,high,stevenblack 聚合拦截域名,block_soft,广告/追踪或恶意通信被拦截；正常站点功能通常不受影响
ontario.ca-pagei.bond,StevenBlack/hosts,tracker,high,stevenblack 聚合拦截域名,block_soft,广告/追踪或恶意通信被拦截；正常站点功能通常不受影响
stats-collector.cxense.com,StevenBlack/hosts,tracker,high,stevenblack 聚合拦截域名,block_soft,广告/追踪或恶意通信被拦截；正常站点功能通常不受影响
pustwin.com,StevenBlack/hosts,tracker,high,stevenblack 聚合拦截域名,block_soft,广告/追踪或恶意通信被拦截；正常站点功能通常不受影响
nustwin.com,StevenBlack/hosts,tracker,high,stevenblack 聚合拦截域名,block_soft,广告/追踪或恶意通信被拦截；正常站点功能通常不受影响
vyroget152.to,StevenBlack/hosts,tracker,high,stevenblack 聚合拦截域名,block_soft,广告/追踪或恶意通信被拦截；正常站点功能通常不受影响
deezwin.com,StevenBlack/hosts,tracker,high,stevenblack 聚合拦截域名,block_soft,广告/追踪或恶意通信被拦截；正常站点功能通常不受影响
bazowin781.pro,StevenBlack/hosts,tracker,high,stevenblack 聚合拦截域名,block_soft,广告/追踪或恶意通信被拦截；正常站点功能通常不受影响
flipboxstudio.info,StevenBlack/hosts,tracker,high,stevenblack 聚合拦截域名,block_soft,广告/追踪或恶意通信被拦截；正常站点功能通常不受影响
ksewqpiyv.com.es,StevenBlack/hosts,tracker,high,stevenblack 聚合拦截域名,block_soft,广告/追踪或恶意通信被拦截；正常站点功能通常不受影响
proxyjs.brdtnet.com,StevenBlack/hosts,tracker,high,stevenblack 聚合拦截域名,block_soft,广告/追踪或恶意通信被拦截；正常站点功能通常不受影响
proxyjs.luminatinet.com,StevenBlack/hosts,tracker,high,stevenblack 聚合拦截域名,block_soft,广告/追踪或恶意通信被拦截；正常站点功能通常不受影响
proxyjs.bright-sdk.com,StevenBlack/hosts,tracker,high,stevenblack 聚合拦截域名,block_soft,广告/追踪或恶意通信被拦截；正常站点功能通常不受影响
clientsdk.bright-sdk.com,StevenBlack/hosts,tracker,high,stevenblack 聚合拦截域名,block_soft,广告/追踪或恶意通信被拦截；正常站点功能通常不受影响
clientsdk.brdtnet.com,StevenBlack/hosts,tracker,high,stevenblack 聚合拦截域名,block_soft,广告/追踪或恶意通信被拦截；正常站点功能通常不受影响
ecoprintworks.vercel.app,StevenBlack/hosts,tracker,high,stevenblack 聚合拦截域名,block_soft,广告/追踪或恶意通信被拦截；正常站点功能通常不受影响
karedeutschland.com,StevenBlack/hosts,tracker,high,stevenblack 聚合拦截域名,block_soft,广告/追踪或恶意通信被拦截；正常站点功能通常不受影响
app.ledger-lives-desktop.io,StevenBlack/hosts,tracker,high,stevenblack 聚合拦截域名,block_soft,广告/追踪或恶意通信被拦截；正常站点功能通常不受影响
ledger-lives-desktop.io,StevenBlack/hosts,tracker,high,stevenblack 聚合拦截域名,block_soft,广告/追踪或恶意通信被拦截；正常站点功能通常不受影响
apcoa-park.com,StevenBlack/hosts,tracker,high,stevenblack 聚合拦截域名,block_soft,广告/追踪或恶意通信被拦截；正常站点功能通常不受影响
block-apple.com,StevenBlack/hosts,tracker,high,stevenblack 聚合拦截域名,block_soft,广告/追踪或恶意通信被拦截；正常站点功能通常不受影响
0.athwartwhoafat.com,StevenBlack/hosts,tracker,high,stevenblack 聚合拦截域名,block_soft,广告/追踪或恶意通信被拦截；正常站点功能通常不受影响
1.athwartwhoafat.com,StevenBlack/hosts,tracker,high,stevenblack 聚合拦截域名,block_soft,广告/追踪或恶意通信被拦截；正常站点功能通常不受影响
2.athwartwhoafat.com,StevenBlack/hosts,tracker,high,stevenblack 聚合拦截域名,block_soft,广告/追踪或恶意通信被拦截；正常站点功能通常不受影响
3.athwartwhoafat.com,StevenBlack/hosts,tracker,high,stevenblack 聚合拦截域名,block_soft,广告/追踪或恶意通信被拦截；正常站点功能通常不受影响
4.athwartwhoafat.com,StevenBlack/hosts,tracker,high,stevenblack 聚合拦截域名,block_soft,广告/追踪或恶意通信被拦截；正常站点功能通常不受影响
5.athwartwhoafat.com,StevenBlack/hosts,tracker,high,stevenblack 聚合拦截域名,block_soft,广告/追踪或恶意通信被拦截；正常站点功能通常不受影响
6.athwartwhoafat.com,StevenBlack/hosts,tracker,high,stevenblack 聚合拦截域名,block_soft,广告/追踪或恶意通信被拦截；正常站点功能通常不受影响
7.athwartwhoafat.com,StevenBlack/hosts,tracker,high,stevenblack 聚合拦截域名,block_soft,广告/追踪或恶意通信被拦截；正常站点功能通常不受影响
8.athwartwhoafat.com,StevenBlack/hosts,tracker,high,stevenblack 聚合拦截域名,block_soft,广告/追踪或恶意通信被拦截；正常站点功能通常不受影响
9.athwartwhoafat.com,StevenBlack/hosts,tracker,high,stevenblack 聚合拦截域名,block_soft,广告/追踪或恶意通信被拦截；正常站点功能通常不受影响
athwartwhoafat.com,StevenBlack/hosts,tracker,high,stevenblack 聚合拦截域名,block_soft,广告/追踪或恶意通信被拦截；正常站点功能通常不受影响
ledg.erlive.at,StevenBlack/hosts,tracker,high,stevenblack 聚合拦截域名,block_soft,广告/追踪或恶意通信被拦截；正常站点功能通常不受影响
ledger.com.ledgerlive.com.es,StevenBlack/hosts,tracker,high,stevenblack 聚合拦截域名,block_soft,广告/追踪或恶意通信被拦截；正常站点功能通常不受影响
0.blissfullyzebra.com,StevenBlack/hosts,tracker,high,stevenblack 聚合拦截域名,block_soft,广告/追踪或恶意通信被拦截；正常站点功能通常不受影响
1.blissfullyzebra.com,StevenBlack/hosts,tracker,high,stevenblack 聚合拦截域名,block_soft,广告/追踪或恶意通信被拦截；正常站点功能通常不受影响
2.blissfullyzebra.com,StevenBlack/hosts,tracker,high,stevenblack 聚合拦截域名,block_soft,广告/追踪或恶意通信被拦截；正常站点功能通常不受影响
3.blissfullyzebra.com,StevenBlack/hosts,tracker,high,stevenblack 聚合拦截域名,block_soft,广告/追踪或恶意通信被拦截；正常站点功能通常不受影响
4.blissfullyzebra.com,StevenBlack/hosts,tracker,high,stevenblack 聚合拦截域名,block_soft,广告/追踪或恶意通信被拦截；正常站点功能通常不受影响
5.blissfullyzebra.com,StevenBlack/hosts,tracker,high,stevenblack 聚合拦截域名,block_soft,广告/追踪或恶意通信被拦截；正常站点功能通常不受影响
6.blissfullyzebra.com,StevenBlack/hosts,tracker,high,stevenblack 聚合拦截域名,block_soft,广告/追踪或恶意通信被拦截；正常站点功能通常不受影响
7.blissfullyzebra.com,StevenBlack/hosts,tracker,high,stevenblack 聚合拦截域名,block_soft,广告/追踪或恶意通信被拦截；正常站点功能通常不受影响
8.blissfullyzebra.com,StevenBlack/hosts,tracker,high,stevenblack 聚合拦截域名,block_soft,广告/追踪或恶意通信被拦截；正常站点功能通常不受影响
9.blissfullyzebra.com,StevenBlack/hosts,tracker,high,stevenblack 聚合拦截域名,block_soft,广告/追踪或恶意通信被拦截；正常站点功能通常不受影响
blissfullyzebra.com,StevenBlack/hosts,tracker,high,stevenblack 聚合拦截域名,block_soft,广告/追踪或恶意通信被拦截；正常站点功能通常不受影响
0.ackzany.com,StevenBlack/hosts,tracker,high,stevenblack 聚合拦截域名,block_soft,广告/追踪或恶意通信被拦截；正常站点功能通常不受影响
1.ackzany.com,StevenBlack/hosts,tracker,high,stevenblack 聚合拦截域名,block_soft,广告/追踪或恶意通信被拦截；正常站点功能通常不受影响
2.ackzany.com,StevenBlack/hosts,tracker,high,stevenblack 聚合拦截域名,block_soft,广告/追踪或恶意通信被拦截；正常站点功能通常不受影响
3.ackzany.com,StevenBlack/hosts,tracker,high,stevenblack 聚合拦截域名,block_soft,广告/追踪或恶意通信被拦截；正常站点功能通常不受影响
4.ackzany.com,StevenBlack/hosts,tracker,high,stevenblack 聚合拦截域名,block_soft,广告/追踪或恶意通信被拦截；正常站点功能通常不受影响
5.ackzany.com,StevenBlack/hosts,tracker,high,stevenblack 聚合拦截域名,block_soft,广告/追踪或恶意通信被拦截；正常站点功能通常不受影响
6.ackzany.com,StevenBlack/hosts,tracker,high,stevenblack 聚合拦截域名,block_soft,广告/追踪或恶意通信被拦截；正常站点功能通常不受影响
7.ackzany.com,StevenBlack/hosts,tracker,high,stevenblack 聚合拦截域名,block_soft,广告/追踪或恶意通信被拦截；正常站点功能通常不受影响
8.ackzany.com,StevenBlack/hosts,tracker,high,stevenblack 聚合拦截域名,block_soft,广告/追踪或恶意通信被拦截；正常站点功能通常不受影响
9.ackzany.com,StevenBlack/hosts,tracker,high,stevenblack 聚合拦截域名,block_soft,广告/追踪或恶意通信被拦截；正常站点功能通常不受影响
ackzany.com,StevenBlack/hosts,tracker,high,stevenblack 聚合拦截域名,block_soft,广告/追踪或恶意通信被拦截；正常站点功能通常不受影响
0.duhquietly.com,StevenBlack/hosts,tracker,high,stevenblack 聚合拦截域名,block_soft,广告/追踪或恶意通信被拦截；正常站点功能通常不受影响
1.duhquietly.com,StevenBlack/hosts,tracker,high,stevenblack 聚合拦截域名,block_soft,广告/追踪或恶意通信被拦截；正常站点功能通常不受影响
2.duhquietly.com,StevenBlack/hosts,tracker,high,stevenblack 聚合拦截域名,block_soft,广告/追踪或恶意通信被拦截；正常站点功能通常不受影响
3.duhquietly.com,StevenBlack/hosts,tracker,high,stevenblack 聚合拦截域名,block_soft,广告/追踪或恶意通信被拦截；正常站点功能通常不受影响
4.duhquietly.com,StevenBlack/hosts,tracker,high,stevenblack 聚合拦截域名,block_soft,广告/追踪或恶意通信被拦截；正常站点功能通常不受影响
5.duhquietly.com,StevenBlack/hosts,tracker,high,stevenblack 聚合拦截域名,block_soft,广告/追踪或恶意通信被拦截；正常站点功能通常不受影响
6.duhquietly.com,StevenBlack/hosts,tracker,high,stevenblack 聚合拦截域名,block_soft,广告/追踪或恶意通信被拦截；正常站点功能通常不受影响
7.duhquietly.com,StevenBlack/hosts,tracker,high,stevenblack 聚合拦截域名,block_soft,广告/追踪或恶意通信被拦截；正常站点功能通常不受影响
8.duhquietly.com,StevenBlack/hosts,tracker,high,stevenblack 聚合拦截域名,block_soft,广告/追踪或恶意通信被拦截；正常站点功能通常不受影响
9.duhquietly.com,StevenBlack/hosts,tracker,high,stevenblack 聚合拦截域名,block_soft,广告/追踪或恶意通信被拦截；正常站点功能通常不受影响
duhquietly.com,StevenBlack/hosts,tracker,high,stevenblack 聚合拦截域名,block_soft,广告/追踪或恶意通信被拦截；正常站点功能通常不受影响
0.gadzooksrudely.com,StevenBlack/hosts,tracker,high,stevenblack 聚合拦截域名,block_soft,广告/追踪或恶意通信被拦截；正常站点功能通常不受影响
1.gadzooksrudely.com,StevenBlack/hosts,tracker,high,stevenblack 聚合拦截域名,block_soft,广告/追踪或恶意通信被拦截；正常站点功能通常不受影响
2.gadzooksrudely.com,StevenBlack/hosts,tracker,high,stevenblack 聚合拦截域名,block_soft,广告/追踪或恶意通信被拦截；正常站点功能通常不受影响
3.gadzooksrudely.com,StevenBlack/hosts,tracker,high,stevenblack 聚合拦截域名,block_soft,广告/追踪或恶意通信被拦截；正常站点功能通常不受影响
4.gadzooksrudely.com,StevenBlack/hosts,tracker,high,stevenblack 聚合拦截域名,block_soft,广告/追踪或恶意通信被拦截；正常站点功能通常不受影响
5.gadzooksrudely.com,StevenBlack/hosts,tracker,high,stevenblack 聚合拦截域名,block_soft,广告/追踪或恶意通信被拦截；正常站点功能通常不受影响
6.gadzooksrudely.com,StevenBlack/hosts,tracker,high,stevenblack 聚合拦截域名,block_soft,广告/追踪或恶意通信被拦截；正常站点功能通常不受影响
7.gadzooksrudely.com,StevenBlack/hosts,tracker,high,stevenblack 聚合拦截域名,block_soft,广告/追踪或恶意通信被拦截；正常站点功能通常不受影响
8.gadzooksrudely.com,StevenBlack/hosts,tracker,high,stevenblack 聚合拦截域名,block_soft,广告/追踪或恶意通信被拦截；正常站点功能通常不受影响
9.gadzooksrudely.com,StevenBlack/hosts,tracker,high,stevenblack 聚合拦截域名,block_soft,广告/追踪或恶意通信被拦截；正常站点功能通常不受影响
gadzooksrudely.com,StevenBlack/hosts,tracker,high,stevenblack 聚合拦截域名,block_soft,广告/追踪或恶意通信被拦截；正常站点功能通常不受影响
legder.com-softwares.com,StevenBlack/hosts,tracker,high,stevenblack 聚合拦截域名,block_soft,广告/追踪或恶意通信被拦截；正常站点功能通常不受影响
fastway-pay.ocband.org,StevenBlack/hosts,tracker,high,stevenblack 聚合拦截域名,block_soft,广告/追踪或恶意通信被拦截；正常站点功能通常不受影响
info-ledger.org,StevenBlack/hosts,tracker,high,stevenblack 聚合拦截域名,block_soft,广告/追踪或恶意通信被拦截；正常站点功能通常不受影响
ledger-app.at,StevenBlack/hosts,tracker,high,stevenblack 聚合拦截域名,block_soft,广告/追踪或恶意通信被拦截；正常站点功能通常不受影响
en-ledger.com,StevenBlack/hosts,tracker,high,stevenblack 聚合拦截域名,block_soft,广告/追踪或恶意通信被拦截；正常站点功能通常不受影响
check-products.org,StevenBlack/hosts,tracker,high,stevenblack 聚合拦截域名,block_soft,广告/追踪或恶意通信被拦截；正常站点功能通常不受影响
adnz.co,StevenBlack/hosts,tracker,high,stevenblack 聚合拦截域名,block_soft,广告/追踪或恶意通信被拦截；正常站点功能通常不受影响
analytics.163.com,StevenBlack/hosts,tracker,high,stevenblack 聚合拦截域名,block_soft,广告/追踪或恶意通信被拦截；正常站点功能通常不受影响
crash.163.com,StevenBlack/hosts,tracker,high,stevenblack 聚合拦截域名,block_soft,广告/追踪或恶意通信被拦截；正常站点功能通常不受影响
crashlytics.163.com,StevenBlack/hosts,tracker,high,stevenblack 聚合拦截域名,block_soft,广告/追踪或恶意通信被拦截；正常站点功能通常不受影响
iad.g.163.com,StevenBlack/hosts,tracker,high,stevenblack 聚合拦截域名,block_soft,广告/追踪或恶意通信被拦截；正常站点功能通常不受影响
api4.1mobile.com,StevenBlack/hosts,tracker,high,stevenblack 聚合拦截域名,block_soft,广告/追踪或恶意通信被拦截；正常站点功能通常不受影响
sync.1rx.io,StevenBlack/hosts,tracker,high,stevenblack 聚合拦截域名,block_soft,广告/追踪或恶意通信被拦截；正常站点功能通常不受影响
tag.1rx.io,StevenBlack/hosts,tracker,high,stevenblack 聚合拦截域名,block_soft,广告/追踪或恶意通信被拦截；正常站点功能通常不受影响
s.206ads.com,StevenBlack/hosts,tracker,high,stevenblack 聚合拦截域名,block_soft,广告/追踪或恶意通信被拦截；正常站点功能通常不受影响
api.247-inc.net,StevenBlack/hosts,tracker,high,stevenblack 聚合拦截域名,block_soft,广告/追踪或恶意通信被拦截；正常站点功能通常不受影响
tie.247-inc.net,StevenBlack/hosts,tracker,high,stevenblack 聚合拦截域名,block_soft,广告/追踪或恶意通信被拦截；正常站点功能通常不受影响
247realmedia.com,StevenBlack/hosts,tracker,high,stevenblack 聚合拦截域名,block_soft,广告/追踪或恶意通信被拦截；正常站点功能通常不受影响
s0.2mdn.net,StevenBlack/hosts,tracker,high,stevenblack 聚合拦截域名,block_soft,广告/追踪或恶意通信被拦截；正常站点功能通常不受影响
cms-xch-chicago.33across.com,StevenBlack/hosts,tracker,high,stevenblack 聚合拦截域名,block_soft,广告/追踪或恶意通信被拦截；正常站点功能通常不受影响
ssc.33across.com,StevenBlack/hosts,tracker,high,stevenblack 聚合拦截域名,block_soft,广告/追踪或恶意通信被拦截；正常站点功能通常不受影响
ssc-cms.33across.com,StevenBlack/hosts,tracker,high,stevenblack 聚合拦截域名,block_soft,广告/追踪或恶意通信被拦截；正常站点功能通常不受影响
360in.com,StevenBlack/hosts,tracker,high,stevenblack 聚合拦截域名,block_soft,广告/追踪或恶意通信被拦截；正常站点功能通常不受影响
challenge.360in.com,StevenBlack/hosts,tracker,high,stevenblack 聚合拦截域名,block_soft,广告/追踪或恶意通信被拦截；正常站点功能通常不受影响
dispatcher.360in.com,StevenBlack/hosts,tracker,high,stevenblack 聚合拦截域名,block_soft,广告/追踪或恶意通信被拦截；正常站点功能通常不受影响
exp.360in.com,StevenBlack/hosts,tracker,high,stevenblack 聚合拦截域名,block_soft,广告/追踪或恶意通信被拦截；正常站点功能通常不受影响
ad.360yield.com,StevenBlack/hosts,tracker,high,stevenblack 聚合拦截域名,block_soft,广告/追踪或恶意通信被拦截；正常站点功能通常不受影响
3cinteractive.com,StevenBlack/hosts,tracker,high,stevenblack 聚合拦截域名,block_soft,广告/追踪或恶意通信被拦截；正常站点功能通常不受影响
3gl.net,StevenBlack/hosts,tracker,high,stevenblack 聚合拦截域名,block_soft,广告/追踪或恶意通信被拦截；正常站点功能通常不受影响
g.3gl.net,StevenBlack/hosts,tracker,high,stevenblack 聚合拦截域名,block_soft,广告/追踪或恶意通信被拦截；正常站点功能通常不受影响
r.3gl.net,StevenBlack/hosts,tracker,high,stevenblack 聚合拦截域名,block_soft,广告/追踪或恶意通信被拦截；正常站点功能通常不受影响
as-eb2.3lift.com,StevenBlack/hosts,tracker,high,stevenblack 聚合拦截域名,block_soft,广告/追踪或恶意通信被拦截；正常站点功能通常不受影响
as-tlx.3lift.com,StevenBlack/hosts,tracker,high,stevenblack 聚合拦截域名,block_soft,广告/追踪或恶意通信被拦截；正常站点功能通常不受影响
cdn.3lift.com,StevenBlack/hosts,tracker,high,stevenblack 聚合拦截域名,block_soft,广告/追踪或恶意通信被拦截；正常站点功能通常不受影响
dmpsync.3lift.com,StevenBlack/hosts,tracker,high,stevenblack 聚合拦截域名,block_soft,广告/追踪或恶意通信被拦截；正常站点功能通常不受影响
eb2.3lift.com,StevenBlack/hosts,tracker,high,stevenblack 聚合拦截域名,block_soft,广告/追踪或恶意通信被拦截；正常站点功能通常不受影响
eu-tlx.3lift.com,StevenBlack/hosts,tracker,high,stevenblack 聚合拦截域名,block_soft,广告/追踪或恶意通信被拦截；正常站点功能通常不受影响
ib.3lift.com,StevenBlack/hosts,tracker,high,stevenblack 聚合拦截域名,block_soft,广告/追踪或恶意通信被拦截；正常站点功能通常不受影响
images.3lift.com,StevenBlack/hosts,tracker,high,stevenblack 聚合拦截域名,block_soft,广告/追踪或恶意通信被拦截；正常站点功能通常不受影响
img.3lift.com,StevenBlack/hosts,tracker,high,stevenblack 聚合拦截域名,block_soft,广告/追踪或恶意通信被拦截；正常站点功能通常不受影响
staging-tlx.3lift.com,StevenBlack/hosts,tracker,high,stevenblack 聚合拦截域名,block_soft,广告/追踪或恶意通信被拦截；正常站点功能通常不受影响
tlx.3lift.com,StevenBlack/hosts,tracker,high,stevenblack 聚合拦截域名,block_soft,广告/追踪或恶意通信被拦截；正常站点功能通常不受影响
update.3lift.com,StevenBlack/hosts,tracker,high,stevenblack 聚合拦截域名,block_soft,广告/追踪或恶意通信被拦截；正常站点功能通常不受影响
s.update.3lift.com,StevenBlack/hosts,tracker,high,stevenblack 聚合拦截域名,block_soft,广告/追踪或恶意通信被拦截；正常站点功能通常不受影响
us-east-tlx.3lift.com,StevenBlack/hosts,tracker,high,stevenblack 聚合拦截域名,block_soft,广告/追踪或恶意通信被拦截；正常站点功能通常不受影响
us-west-tlx.3lift.com,StevenBlack/hosts,tracker,high,stevenblack 聚合拦截域名,block_soft,广告/追踪或恶意通信被拦截；正常站点功能通常不受影响
404mobi.com,StevenBlack/hosts,tracker,high,stevenblack 聚合拦截域名,block_soft,广告/追踪或恶意通信被拦截；正常站点功能通常不受影响
c.4dex.io,StevenBlack/hosts,tracker,high,stevenblack 聚合拦截域名,block_soft,广告/追踪或恶意通信被拦截；正常站点功能通常不受影响
script.4dex.io,StevenBlack/hosts,tracker,high,stevenblack 聚合拦截域名,block_soft,广告/追踪或恶意通信被拦截；正常站点功能通常不受影响
4dsply.com,StevenBlack/hosts,tracker,high,stevenblack 聚合拦截域名,block_soft,广告/追踪或恶意通信被拦截；正常站点功能通常不受影响
4seeresults.com,StevenBlack/hosts,tracker,high,stevenblack 聚合拦截域名,block_soft,广告/追踪或恶意通信被拦截；正常站点功能通常不受影响
controller.4seeresults.com,StevenBlack/hosts,tracker,high,stevenblack 聚合拦截域名,block_soft,广告/追踪或恶意通信被拦截；正常站点功能通常不受影响
device.4seeresults.com,StevenBlack/hosts,tracker,high,stevenblack 聚合拦截域名,block_soft,广告/追踪或恶意通信被拦截；正常站点功能通常不受影响
replaycontroller.4seeresults.com,StevenBlack/hosts,tracker,high,stevenblack 聚合拦截域名,block_soft,广告/追踪或恶意通信被拦截；正常站点功能通常不受影响
51ginkgo.com,StevenBlack/hosts,tracker,high,stevenblack 聚合拦截域名,block_soft,广告/追踪或恶意通信被拦截；正常站点功能通常不受影响
www.5rocks.io,StevenBlack/hosts,tracker,high,stevenblack 聚合拦截域名,block_soft,广告/追踪或恶意通信被拦截；正常站点功能通常不受影响
logs.81plug.com,StevenBlack/hosts,tracker,high,stevenblack 聚合拦截域名,block_soft,广告/追踪或恶意通信被拦截；正常站点功能通常不受影响
cdn.88-f.net,StevenBlack/hosts,tracker,high,stevenblack 聚合拦截域名,block_soft,广告/追踪或恶意通信被拦截；正常站点功能通常不受影响
config.88-f.net,StevenBlack/hosts,tracker,high,stevenblack 聚合拦截域名,block_soft,广告/追踪或恶意通信被拦截；正常站点功能通常不受影响
rlog.9gag.com,StevenBlack/hosts,tracker,high,stevenblack 聚合拦截域名,block_soft,广告/追踪或恶意通信被拦截；正常站点功能通常不受影响
ad.a-ads.com,StevenBlack/hosts,tracker,high,stevenblack 聚合拦截域名,block_soft,广告/追踪或恶意通信被拦截；正常站点功能通常不受影响
click.a-ads.com,StevenBlack/hosts,tracker,high,stevenblack 聚合拦截域名,block_soft,广告/追踪或恶意通信被拦截；正常站点功能通常不受影响
static.a-ads.com,StevenBlack/hosts,tracker,high,stevenblack 聚合拦截域名,block_soft,广告/追踪或恶意通信被拦截；正常站点功能通常不受影响
fl.a.ki,StevenBlack/hosts,tracker,high,stevenblack 聚合拦截域名,block_soft,广告/追踪或恶意通信被拦截；正常站点功能通常不受影响
a2dfp.net,StevenBlack/hosts,tracker,high,stevenblack 聚合拦截域名,block_soft,广告/追踪或恶意通信被拦截；正常站点功能通常不受影响
prod.cm.publishers.advertising.a2z.com,StevenBlack/hosts,tracker,high,stevenblack 聚合拦截域名,block_soft,广告/追踪或恶意通信被拦截；正常站点功能通常不受影响
notify.bugsnag.appstore.a2z.com,StevenBlack/hosts,tracker,high,stevenblack 聚合拦截域名,block_soft,广告/追踪或恶意通信被拦截；正常站点功能通常不受影响
analytics.console.aws.a2z.com,StevenBlack/hosts,tracker,high,stevenblack 聚合拦截域名,block_soft,广告/追踪或恶意通信被拦截；正常站点功能通常不受影响
pr.analytics.console.aws.a2z.com,StevenBlack/hosts,tracker,high,stevenblack 聚合拦截域名,block_soft,广告/追踪或恶意通信被拦截；正常站点功能通常不受影响
prod.pr.analytics.console.aws.a2z.com,StevenBlack/hosts,tracker,high,stevenblack 聚合拦截域名,block_soft,广告/追踪或恶意通信被拦截；正常站点功能通常不受影响
ap-southeast-1.prod.pr.analytics.console.aws.a2z.com,StevenBlack/hosts,tracker,high,stevenblack 聚合拦截域名,block_soft,广告/追踪或恶意通信被拦截；正常站点功能通常不受影响
us-east-1.prod.pr.analytics.console.aws.a2z.com,StevenBlack/hosts,tracker,high,stevenblack 聚合拦截域名,block_soft,广告/追踪或恶意通信被拦截；正常站点功能通常不受影响
us-east-2.prod.pr.analytics.console.aws.a2z.com,StevenBlack/hosts,tracker,high,stevenblack 聚合拦截域名,block_soft,广告/追踪或恶意通信被拦截；正常站点功能通常不受影响
us-west-2.prod.pr.analytics.console.aws.a2z.com,StevenBlack/hosts,tracker,high,stevenblack 聚合拦截域名,block_soft,广告/追踪或恶意通信被拦截；正常站点功能通常不受影响
pw.analytics.console.aws.a2z.com,StevenBlack/hosts,tracker,high,stevenblack 聚合拦截域名,block_soft,广告/追踪或恶意通信被拦截；正常站点功能通常不受影响
prod.pw.analytics.console.aws.a2z.com,StevenBlack/hosts,tracker,high,stevenblack 聚合拦截域名,block_soft,广告/追踪或恶意通信被拦截；正常站点功能通常不受影响
metrics.client-eng.a2z.com,StevenBlack/hosts,tracker,high,stevenblack 聚合拦截域名,block_soft,广告/追踪或恶意通信被拦截；正常站点功能通常不受影响
global.telemetry.insights.video.a2z.com,StevenBlack/hosts,tracker,high,stevenblack 聚合拦截域名,block_soft,广告/追踪或恶意通信被拦截；正常站点功能通常不受影响
us-east-1.telemetry.insights.video.a2z.com,StevenBlack/hosts,tracker,high,stevenblack 聚合拦截域名,block_soft,广告/追踪或恶意通信被拦截；正常站点功能通常不受影响
segment.a3cloud.net,StevenBlack/hosts,tracker,high,stevenblack 聚合拦截域名,block_soft,广告/追踪或恶意通信被拦截；正常站点功能通常不受影响
a8.net,StevenBlack/hosts,tracker,high,stevenblack 聚合拦截域名,block_soft,广告/追踪或恶意通信被拦截；正常站点功能通常不受影响
smetrics.aa.com,StevenBlack/hosts,tracker,high,stevenblack 聚合拦截域名,block_soft,广告/追踪或恶意通信被拦截；正常站点功能通常不受影响
aamapi.com,StevenBlack/hosts,tracker,high,stevenblack 聚合拦截域名,block_soft,广告/追踪或恶意通信被拦截；正常站点功能通常不受影响
aamcf.aamsitecertifier.com,StevenBlack/hosts,tracker,high,stevenblack 聚合拦截域名,block_soft,广告/追踪或恶意通信被拦截；正常站点功能通常不受影响
adx-asia.aarki.net,StevenBlack/hosts,tracker,high,stevenblack 聚合拦截域名,block_soft,广告/追踪或恶意通信被拦截；正常站点功能通常不受影响
adx-asia-imp.aarki.net,StevenBlack/hosts,tracker,high,stevenblack 聚合拦截域名,block_soft,广告/追踪或恶意通信被拦截；正常站点功能通常不受影响
adx-west-imp.aarki.net,StevenBlack/hosts,tracker,high,stevenblack 聚合拦截域名,block_soft,广告/追踪或恶意通信被拦截；正常站点功能通常不受影响
applovin2-asia-imp.aarki.net,StevenBlack/hosts,tracker,high,stevenblack 聚合拦截域名,block_soft,广告/追踪或恶意通信被拦截；正常站点功能通常不受影响
chartboost-imp.aarki.net,StevenBlack/hosts,tracker,high,stevenblack 聚合拦截域名,block_soft,广告/追踪或恶意通信被拦截；正常站点功能通常不受影响
mopub-imp.aarki.net,StevenBlack/hosts,tracker,high,stevenblack 聚合拦截域名,block_soft,广告/追踪或恶意通信被拦截；正常站点功能通常不受影响
rm.aarki.net,StevenBlack/hosts,tracker,high,stevenblack 聚合拦截域名,block_soft,广告/追踪或恶意通信被拦截；正常站点功能通常不受影响
rm-hk.aarki.net,StevenBlack/hosts,tracker,high,stevenblack 聚合拦截域名,block_soft,广告/追踪或恶意通信被拦截；正常站点功能通常不受影响
spire.aarki.net,StevenBlack/hosts,tracker,high,stevenblack 聚合拦截域名,block_soft,广告/追踪或恶意通信被拦截；正常站点功能通常不受影响
unity-imp.aarki.net,StevenBlack/hosts,tracker,high,stevenblack 聚合拦截域名,block_soft,广告/追踪或恶意通信被拦截；正常站点功能通常不受影响
lb.aatkit.com,StevenBlack/hosts,tracker,high,stevenblack 聚合拦截域名,block_soft,广告/追踪或恶意通信被拦截；正常站点功能通常不受影响
reporting.aatkit.com,StevenBlack/hosts,tracker,high,stevenblack 聚合拦截域名,block_soft,广告/追踪或恶意通信被拦截；正常站点功能通常不受影响
rules.aatkit.com,StevenBlack/hosts,tracker,high,stevenblack 聚合拦截域名,block_soft,广告/追踪或恶意通信被拦截；正常站点功能通常不受影响
rules2.aatkit.com,StevenBlack/hosts,tracker,high,stevenblack 聚合拦截域名,block_soft,广告/追踪或恶意通信被拦截；正常站点功能通常不受影响
rules3.aatkit.com,StevenBlack/hosts,tracker,high,stevenblack 聚合拦截域名,block_soft,广告/追踪或恶意通信被拦截；正常站点功能通常不受影响
tracking.aatkit.com,StevenBlack/hosts,tracker,high,stevenblack 聚合拦截域名,block_soft,广告/追踪或恶意通信被拦截；正常站点功能通常不受影响
c.aaxads.com,StevenBlack/hosts,tracker,high,stevenblack 聚合拦截域名,block_soft,广告/追踪或恶意通信被拦截；正常站点功能通常不受影响
assets.abbi.io,StevenBlack/hosts,tracker,high,stevenblack 聚合拦截域名,block_soft,广告/追踪或恶意通信被拦截；正常站点功能通常不受影响
rtapi.abbi.io,StevenBlack/hosts,tracker,high,stevenblack 聚合拦截域名,block_soft,广告/追踪或恶意通信被拦截；正常站点功能通常不受影响
stats.abbi.io,StevenBlack/hosts,tracker,high,stevenblack 聚合拦截域名,block_soft,广告/追踪或恶意通信被拦截；正常站点功能通常不受影响
sw88.abc.com,StevenBlack/hosts,tracker,high,stevenblack 聚合拦截域名,block_soft,广告/追踪或恶意通信被拦截；正常站点功能通常不受影响
ariane.abtasty.com,StevenBlack/hosts,tracker,high,stevenblack 聚合拦截域名,block_soft,广告/追踪或恶意通信被拦截；正常站点功能通常不受影响
dcinfos-cache.abtasty.com,StevenBlack/hosts,tracker,high,stevenblack 聚合拦截域名,block_soft,广告/追踪或恶意通信被拦截；正常站点功能通常不受影响
heatmap-quota.abtasty.com,StevenBlack/hosts,tracker,high,stevenblack 聚合拦截域名,block_soft,广告/追踪或恶意通信被拦截；正常站点功能通常不受影响
sr-tag.abtasty.com,StevenBlack/hosts,tracker,high,stevenblack 聚合拦截域名,block_soft,广告/追踪或恶意通信被拦截；正常站点功能通常不受影响
api.accengage.com,StevenBlack/hosts,tracker,high,stevenblack 聚合拦截域名,block_soft,广告/追踪或恶意通信被拦截；正常站点功能通常不受影响
pingapi.accengage.com,StevenBlack/hosts,tracker,high,stevenblack 聚合拦截域名,block_soft,广告/追踪或恶意通信被拦截；正常站点功能通常不受影响
api.accengage.net,StevenBlack/hosts,tracker,high,stevenblack 聚合拦截域名,block_soft,广告/追踪或恶意通信被拦截；正常站点功能通常不受影响
daraz-by.accengage.net,StevenBlack/hosts,tracker,high,stevenblack 聚合拦截域名,block_soft,广告/追踪或恶意通信被拦截；正常站点功能通常不受影响
static.accesstrade.vn,StevenBlack/hosts,tracker,high,stevenblack 聚合拦截域名,block_soft,广告/追踪或恶意通信被拦截；正常站点功能通常不受影响
tags.acmeaom.com,StevenBlack/hosts,tracker,high,stevenblack 聚合拦截域名,block_soft,广告/追踪或恶意通信被拦截；正常站点功能通常不受影响
activemetering.com,StevenBlack/hosts,tracker,high,stevenblack 聚合拦截域名,block_soft,广告/追踪或恶意通信被拦截；正常站点功能通常不受影响
track.activemetering.com,StevenBlack/hosts,tracker,high,stevenblack 聚合拦截域名,block_soft,广告/追踪或恶意通信被拦截；正常站点功能通常不受影响
ums.acuityplatform.com,StevenBlack/hosts,tracker,high,stevenblack 聚合拦截域名,block_soft,广告/追踪或恶意通信被拦截；正常站点功能通常不受影响
campaign.ad-brix.com,StevenBlack/hosts,tracker,high,stevenblack 聚合拦截域名,block_soft,广告/追踪或恶意通信被拦截；正常站点功能通常不受影响
config.ad-brix.com,StevenBlack/hosts,tracker,high,stevenblack 聚合拦截域名,block_soft,广告/追踪或恶意通信被拦截；正常站点功能通常不受影响
cvr.ad-brix.com,StevenBlack/hosts,tracker,high,stevenblack 聚合拦截域名,block_soft,广告/追踪或恶意通信被拦截；正常站点功能通常不受影响
tracking.ad-brix.com,StevenBlack/hosts,tracker,high,stevenblack 聚合拦截域名,block_soft,广告/追踪或恶意通信被拦截；正常站点功能通常不受影响
ad-delivery.net,StevenBlack/hosts,tracker,high,stevenblack 聚合拦截域名,block_soft,广告/追踪或恶意通信被拦截；正常站点功能通常不受影响
api.ad-locus.com,StevenBlack/hosts,tracker,high,stevenblack 聚合拦截域名,block_soft,广告/追踪或恶意通信被拦截；正常站点功能通常不受影响
a.api.ad-locus.com,StevenBlack/hosts,tracker,high,stevenblack 聚合拦截域名,block_soft,广告/追踪或恶意通信被拦截；正常站点功能通常不受影响
ad-maven.com,StevenBlack/hosts,tracker,high,stevenblack 聚合拦截域名,block_soft,广告/追踪或恶意通信被拦截；正常站点功能通常不受影响
static.ad-maven.com,StevenBlack/hosts,tracker,high,stevenblack 聚合拦截域名,block_soft,广告/追踪或恶意通信被拦截；正常站点功能通常不受影响
data.ad-score.com,StevenBlack/hosts,tracker,high,stevenblack 聚合拦截域名,block_soft,广告/追踪或恶意通信被拦截；正常站点功能通常不受影响
data2.ad-score.com,StevenBlack/hosts,tracker,high,stevenblack 聚合拦截域名,block_soft,广告/追踪或恶意通信被拦截；正常站点功能通常不受影响
js2.ad-score.com,StevenBlack/hosts,tracker,high,stevenblack 聚合拦截域名,block_soft,广告/追踪或恶意通信被拦截；正常站点功能通常不受影响
rdr.ad-score.com,StevenBlack/hosts,tracker,high,stevenblack 聚合拦截域名,block_soft,广告/追踪或恶意通信被拦截；正常站点功能通常不受影响
rt.ad-score.com,StevenBlack/hosts,tracker,high,stevenblack 聚合拦截域名,block_soft,广告/追踪或恶意通信被拦截；正常站点功能通常不受影响
c.ad-srv.co,StevenBlack/hosts,tracker,high,stevenblack 聚合拦截域名,block_soft,广告/追踪或恶意通信被拦截；正常站点功能通常不受影响
ad-stir.com,StevenBlack/hosts,tracker,high,stevenblack 聚合拦截域名,block_soft,广告/追踪或恶意通信被拦截；正常站点功能通常不受影响
bypass.ad-stir.com,StevenBlack/hosts,tracker,high,stevenblack 聚合拦截域名,block_soft,广告/追踪或恶意通信被拦截；正常站点功能通常不受影响
js.ad-stir.com,StevenBlack/hosts,tracker,high,stevenblack 聚合拦截域名,block_soft,广告/追踪或恶意通信被拦截；正常站点功能通常不受影响
sync.ad-stir.com,StevenBlack/hosts,tracker,high,stevenblack 聚合拦截域名,block_soft,广告/追踪或恶意通信被拦截；正常站点功能通常不受影响
tr.ad-stir.com,StevenBlack/hosts,tracker,high,stevenblack 聚合拦截域名,block_soft,广告/追踪或恶意通信被拦截；正常站点功能通常不受影响
ad-x.co.uk,StevenBlack/hosts,tracker,high,stevenblack 聚合拦截域名,block_soft,广告/追踪或恶意通信被拦截；正常站点功能通常不受影响
apps.ad-x.co.uk,StevenBlack/hosts,tracker,high,stevenblack 聚合拦截域名,block_soft,广告/追踪或恶意通信被拦截；正常站点功能通常不受影响
a.ad.gt,StevenBlack/hosts,tracker,high,stevenblack 聚合拦截域名,block_soft,广告/追踪或恶意通信被拦截；正常站点功能通常不受影响
halo.ad.gt,StevenBlack/hosts,tracker,high,stevenblack 聚合拦截域名,block_soft,广告/追踪或恶意通信被拦截；正常站点功能通常不受影响
id.halo.ad.gt,StevenBlack/hosts,tracker,high,stevenblack 聚合拦截域名,block_soft,广告/追踪或恶意通信被拦截；正常站点功能通常不受影响
ids.ad.gt,StevenBlack/hosts,tracker,high,stevenblack 聚合拦截域名,block_soft,广告/追踪或恶意通信被拦截；正常站点功能通常不受影响
p.ad.gt,StevenBlack/hosts,tracker,high,stevenblack 聚合拦截域名,block_soft,广告/追踪或恶意通信被拦截；正常站点功能通常不受影响
pixels.ad.gt,StevenBlack/hosts,tracker,high,stevenblack 聚合拦截域名,block_soft,广告/追踪或恶意通信被拦截；正常站点功能通常不受影响
seg.ad.gt,StevenBlack/hosts,tracker,high,stevenblack 聚合拦截域名,block_soft,广告/追踪或恶意通信被拦截；正常站点功能通常不受影响
ad.org.vn,StevenBlack/hosts,tracker,high,stevenblack 聚合拦截域名,block_soft,广告/追踪或恶意通信被拦截；正常站点功能通常不受影响
serving.ad.org.vn,StevenBlack/hosts,tracker,high,stevenblack 聚合拦截域名,block_soft,广告/追踪或恶意通信被拦截；正常站点功能通常不受影响
adlogs.ad2iction.com,StevenBlack/hosts,tracker,high,stevenblack 聚合拦截域名,block_soft,广告/追踪或恶意通信被拦截；正常站点功能通常不受影响
ads.ad2iction.com,StevenBlack/hosts,tracker,high,stevenblack 聚合拦截域名,block_soft,广告/追踪或恶意通信被拦截；正常站点功能通常不受影响
content.ad2iction.com,StevenBlack/hosts,tracker,high,stevenblack 聚合拦截域名,block_soft,广告/追踪或恶意通信被拦截；正常站点功能通常不受影响
ads.ad4game.com,StevenBlack/hosts,tracker,high,stevenblack 聚合拦截域名,block_soft,广告/追踪或恶意通信被拦截；正常站点功能通常不受影响
ad6media.fr,StevenBlack/hosts,tracker,high,stevenblack 聚合拦截域名,block_soft,广告/追踪或恶意通信被拦截；正常站点功能通常不受影响
ad.adacado.com,StevenBlack/hosts,tracker,high,stevenblack 聚合拦截域名,block_soft,广告/追踪或恶意通信被拦截；正常站点功能通常不受影响
content.adacado.com,StevenBlack/hosts,tracker,high,stevenblack 聚合拦截域名,block_soft,广告/追踪或恶意通信被拦截；正常站点功能通常不受影响
info.adacado.com,StevenBlack/hosts,tracker,high,stevenblack 聚合拦截域名,block_soft,广告/追踪或恶意通信被拦截；正常站点功能通常不受影响
pixel.adacado.com,StevenBlack/hosts,tracker,high,stevenblack 聚合拦截域名,block_soft,广告/追踪或恶意通信被拦截；正常站点功能通常不受影响
strtrk.adacado.com,StevenBlack/hosts,tracker,high,stevenblack 聚合拦截域名,block_soft,广告/追踪或恶意通信被拦截；正常站点功能通常不受影响
ads.adadapted.com,StevenBlack/hosts,tracker,high,stevenblack 聚合拦截域名,block_soft,广告/追踪或恶意通信被拦截；正常站点功能通常不受影响
ec.adadapted.com,StevenBlack/hosts,tracker,high,stevenblack 聚合拦截域名,block_soft,广告/追踪或恶意通信被拦截；正常站点功能通常不受影响
images.adadapted.com,StevenBlack/hosts,tracker,high,stevenblack 聚合拦截域名,block_soft,广告/追踪或恶意通信被拦截；正常站点功能通常不受影响
payload.adadapted.com,StevenBlack/hosts,tracker,high,stevenblack 聚合拦截域名,block_soft,广告/追踪或恶意通信被拦截；正常站点功能通常不受影响
aqt.adalliance.io,StevenBlack/hosts,tracker,high,stevenblack 聚合拦截域名,block_soft,广告/追踪或恶意通信被拦截；正常站点功能通常不受影响
mafo.adalliance.io,StevenBlack/hosts,tracker,high,stevenblack 聚合拦截域名,block_soft,广告/追踪或恶意通信被拦截；正常站点功能通常不受影响
tracking.adalliance.io,StevenBlack/hosts,tracker,high,stevenblack 聚合拦截域名,block_soft,广告/追踪或恶意通信被拦截；正常站点功能通常不受影响
tracking.adalyser.com,StevenBlack/hosts,tracker,high,stevenblack 聚合拦截域名,block_soft,广告/追踪或恶意通信被拦截；正常站点功能通常不受影响
adap.tv,StevenBlack/hosts,tracker,high,stevenblack 聚合拦截域名,block_soft,广告/追踪或恶意通信被拦截；正常站点功能通常不受影响
ads.adap.tv,StevenBlack/hosts,tracker,high,stevenblack 聚合拦截域名,block_soft,广告/追踪或恶意通信被拦截；正常站点功能通常不受影响
segments.adap.tv,StevenBlack/hosts,tracker,high,stevenblack 聚合拦截域名,block_soft,广告/追踪或恶意通信被拦截；正常站点功能通常不受影响
sync.adap.tv,StevenBlack/hosts,tracker,high,stevenblack 聚合拦截域名,block_soft,广告/追踪或恶意通信被拦截；正常站点功能通常不受影响
adapex.io,StevenBlack/hosts,tracker,high,stevenblack 聚合拦截域名,block_soft,广告/追踪或恶意通信被拦截；正常站点功能通常不受影响
cdn.adapex.io,StevenBlack/hosts,tracker,high,stevenblack 聚合拦截域名,block_soft,广告/追踪或恶意通信被拦截；正常站点功能通常不受影响
adasiaholdings.com,StevenBlack/hosts,tracker,high,stevenblack 聚合拦截域名,block_soft,广告/追踪或恶意通信被拦截；正常站点功能通常不受影响
adnetwork.adasiaholdings.com,StevenBlack/hosts,tracker,high,stevenblack 聚合拦截域名,block_soft,广告/追踪或恶意通信被拦截；正常站点功能通常不受影响
adblade.com,StevenBlack/hosts,tracker,high,stevenblack 聚合拦截域名,block_soft,广告/追踪或恶意通信被拦截；正常站点功能通常不受影响
dmp.adblade.com,StevenBlack/hosts,tracker,high,stevenblack 聚合拦截域名,block_soft,广告/追踪或恶意通信被拦截；正常站点功能通常不受影响
pixel.adblade.com,StevenBlack/hosts,tracker,high,stevenblack 聚合拦截域名,block_soft,广告/追踪或恶意通信被拦截；正常站点功能通常不受影响
static-cdn.adblade.com,StevenBlack/hosts,tracker,high,stevenblack 聚合拦截域名,block_soft,广告/追踪或恶意通信被拦截；正常站点功能通常不受影响
adbro.me,StevenBlack/hosts,tracker,high,stevenblack 聚合拦截域名,block_soft,广告/追踪或恶意通信被拦截；正常站点功能通常不受影响
apis.adbro.me,StevenBlack/hosts,tracker,high,stevenblack 聚合拦截域名,block_soft,广告/追踪或恶意通信被拦截；正常站点功能通常不受影响
cdn.adbro.me,StevenBlack/hosts,tracker,high,stevenblack 聚合拦截域名,block_soft,广告/追踪或恶意通信被拦截；正常站点功能通常不受影响
adbuddiz.com,StevenBlack/hosts,tracker,high,stevenblack 聚合拦截域名,block_soft,广告/追踪或恶意通信被拦截；正常站点功能通常不受影响
sdk.adbuddiz.com,StevenBlack/hosts,tracker,high,stevenblack 聚合拦截域名,block_soft,广告/追踪或恶意通信被拦截；正常站点功能通常不受影响
api.adcalls.nl,StevenBlack/hosts,tracker,high,stevenblack 聚合拦截域名,block_soft,广告/追踪或恶意通信被拦截；正常站点功能通常不受影响
cdn1.adcdnx.com,StevenBlack/hosts,tracker,high,stevenblack 聚合拦截域名,block_soft,广告/追踪或恶意通信被拦截；正常站点功能通常不受影响
rtb.adcel.co,StevenBlack/hosts,tracker,high,stevenblack 聚合拦截域名,block_soft,广告/追踪或恶意通信被拦截；正常站点功能通常不受影响
t.adcell.com,StevenBlack/hosts,tracker,high,stevenblack 聚合拦截域名,block_soft,广告/追踪或恶意通信被拦截；正常站点功能通常不受影响
adcolony.com,StevenBlack/hosts,tracker,high,stevenblack 聚合拦截域名,block_soft,广告/追踪或恶意通信被拦截；正常站点功能通常不受影响
adc3-assets.adcolony.com,StevenBlack/hosts,tracker,high,stevenblack 聚合拦截域名,block_soft,广告/追踪或恶意通信被拦截；正常站点功能通常不受影响
adc3-launch.adcolony.com,StevenBlack/hosts,tracker,high,stevenblack 聚合拦截域名,block_soft,广告/追踪或恶意通信被拦截；正常站点功能通常不受影响
androidads20.adcolony.com,StevenBlack/hosts,tracker,high,stevenblack 聚合拦截域名,block_soft,广告/追踪或恶意通信被拦截；正常站点功能通常不受影响
androidads21.adcolony.com,StevenBlack/hosts,tracker,high,stevenblack 聚合拦截域名,block_soft,广告/追踪或恶意通信被拦截；正常站点功能通常不受影响
androidads4-3.adcolony.com,StevenBlack/hosts,tracker,high,stevenblack 聚合拦截域名,block_soft,广告/追踪或恶意通信被拦截；正常站点功能通常不受影响
androidads4-5.adcolony.com,StevenBlack/hosts,tracker,high,stevenblack 聚合拦截域名,block_soft,广告/追踪或恶意通信被拦截；正常站点功能通常不受影响
androidads4-7.adcolony.com,StevenBlack/hosts,tracker,high,stevenblack 聚合拦截域名,block_soft,广告/追踪或恶意通信被拦截；正常站点功能通常不受影响
androidads4-8.adcolony.com,StevenBlack/hosts,tracker,high,stevenblack 聚合拦截域名,block_soft,广告/追踪或恶意通信被拦截；正常站点功能通常不受影响
c4d-cdn.adcolony.com,StevenBlack/hosts,tracker,high,stevenblack 聚合拦截域名,block_soft,广告/追踪或恶意通信被拦截；正常站点功能通常不受影响
c4dm.adcolony.com,StevenBlack/hosts,tracker,high,stevenblack 聚合拦截域名,block_soft,广告/追踪或恶意通信被拦截；正常站点功能通常不受影响
cpa.adcolony.com,StevenBlack/hosts,tracker,high,stevenblack 聚合拦截域名,block_soft,广告/追踪或恶意通信被拦截；正常站点功能通常不受影响
iosads24.adcolony.com,StevenBlack/hosts,tracker,high,stevenblack 聚合拦截域名,block_soft,广告/追踪或恶意通信被拦截；正常站点功能通常不受影响
rtb.adcolony.com,StevenBlack/hosts,tracker,high,stevenblack 聚合拦截域名,block_soft,广告/追踪或恶意通信被拦截；正常站点功能通常不受影响
wd.adcolony.com,StevenBlack/hosts,tracker,high,stevenblack 聚合拦截域名,block_soft,广告/追踪或恶意通信被拦截；正常站点功能通常不受影响
adsinter1.addealsnetwork.com,StevenBlack/hosts,tracker,high,stevenblack 聚合拦截域名,block_soft,广告/追踪或恶意通信被拦截；正常站点功能通常不受影响
adsvideo1.addealsnetwork.com,StevenBlack/hosts,tracker,high,stevenblack 聚合拦截域名,block_soft,广告/追踪或恶意通信被拦截；正常站点功能通常不受影响
trk-int.addealsnetwork.com,StevenBlack/hosts,tracker,high,stevenblack 聚合拦截域名,block_soft,广告/追踪或恶意通信被拦截；正常站点功能通常不受影响
track.addict-mobile.net,StevenBlack/hosts,tracker,high,stevenblack 聚合拦截域名,block_soft,广告/追踪或恶意通信被拦截；正常站点功能通常不受影响
api.addthis.com,StevenBlack/hosts,tracker,high,stevenblack 聚合拦截域名,block_soft,广告/追踪或恶意通信被拦截；正常站点功能通常不受影响
api-public.addthis.com,StevenBlack/hosts,tracker,high,stevenblack 聚合拦截域名,block_soft,广告/追踪或恶意通信被拦截；正常站点功能通常不受影响
cw.addthis.com,StevenBlack/hosts,tracker,high,stevenblack 聚合拦截域名,block_soft,广告/追踪或恶意通信被拦截；正常站点功能通常不受影响
dlx.addthis.com,StevenBlack/hosts,tracker,high,stevenblack 聚合拦截域名,block_soft,广告/追踪或恶意通信被拦截；正常站点功能通常不受影响
e.dlx.addthis.com,StevenBlack/hosts,tracker,high,stevenblack 聚合拦截域名,block_soft,广告/追踪或恶意通信被拦截；正常站点功能通常不受影响
m.dlx.addthis.com,StevenBlack/hosts,tracker,high,stevenblack 聚合拦截域名,block_soft,广告/追踪或恶意通信被拦截；正常站点功能通常不受影响
p.dlx.addthis.com,StevenBlack/hosts,tracker,high,stevenblack 聚合拦截域名,block_soft,广告/追踪或恶意通信被拦截；正常站点功能通常不受影响
x.dlx.addthis.com,StevenBlack/hosts,tracker,high,stevenblack 聚合拦截域名,block_soft,广告/追踪或恶意通信被拦截；正常站点功能通常不受影响
edge.addthis.com,StevenBlack/hosts,tracker,high,stevenblack 聚合拦截域名,block_soft,广告/追踪或恶意通信被拦截；正常站点功能通常不受影响
m.addthis.com,StevenBlack/hosts,tracker,high,stevenblack 聚合拦截域名,block_soft,广告/追踪或恶意通信被拦截；正常站点功能通常不受影响
q.addthis.com,StevenBlack/hosts,tracker,high,stevenblack 聚合拦截域名,block_soft,广告/追踪或恶意通信被拦截；正常站点功能通常不受影响
s7.addthis.com,StevenBlack/hosts,tracker,high,stevenblack 聚合拦截域名,block_soft,广告/追踪或恶意通信被拦截；正常站点功能通常不受影响
s8.addthis.com,StevenBlack/hosts,tracker,high,stevenblack 聚合拦截域名,block_soft,广告/追踪或恶意通信被拦截；正常站点功能通常不受影响
su.addthis.com,StevenBlack/hosts,tracker,high,stevenblack 聚合拦截域名,block_soft,广告/追踪或恶意通信被拦截；正常站点功能通常不受影响
v1.addthis.com,StevenBlack/hosts,tracker,high,stevenblack 聚合拦截域名,block_soft,广告/追踪或恶意通信被拦截；正常站点功能通常不受影响
cache.addthiscdn.com,StevenBlack/hosts,tracker,high,stevenblack 聚合拦截域名,block_soft,广告/追踪或恶意通信被拦截；正常站点功能通常不受影响
m.addthisedge.com,StevenBlack/hosts,tracker,high,stevenblack 聚合拦截域名,block_soft,广告/追踪或恶意通信被拦截；正常站点功能通常不受影响
static.addtoany.com,StevenBlack/hosts,tracker,high,stevenblack 聚合拦截域名,block_soft,广告/追踪或恶意通信被拦截；正常站点功能通常不受影响
stats.addtoany.com,StevenBlack/hosts,tracker,high,stevenblack 聚合拦截域名,block_soft,广告/追踪或恶意通信被拦截；正常站点功能通常不受影响
ads.adecosystems.net,StevenBlack/hosts,tracker,high,stevenblack 聚合拦截域名,block_soft,广告/追踪或恶意通信被拦截；正常站点功能通常不受影响
ads.adelement.com,StevenBlack/hosts,tracker,high,stevenblack 聚合拦截域名,block_soft,广告/追踪或恶意通信被拦截；正常站点功能通常不受影响
ctv.adelement.com,StevenBlack/hosts,tracker,high,stevenblack 聚合拦截域名,block_soft,广告/追踪或恶意通信被拦截；正常站点功能通常不受影响
sc.adelement.com,StevenBlack/hosts,tracker,high,stevenblack 聚合拦截域名,block_soft,广告/追踪或恶意通信被拦截；正常站点功能通常不受影响
bm.adentifi.com,StevenBlack/hosts,tracker,high,stevenblack 聚合拦截域名,block_soft,广告/追踪或恶意通信被拦截；正常站点功能通常不受影响
rtb.adentifi.com,StevenBlack/hosts,tracker,high,stevenblack 聚合拦截域名,block_soft,广告/追踪或恶意通信被拦截；正常站点功能通常不受影响
adextent.com,StevenBlack/hosts,tracker,high,stevenblack 聚合拦截域名,block_soft,广告/追踪或恶意通信被拦截；正常站点功能通常不受影响
adfalcon.com,StevenBlack/hosts,tracker,high,stevenblack 聚合拦截域名,block_soft,广告/追踪或恶意通信被拦截；正常站点功能通常不受影响
api.adfalcon.com,StevenBlack/hosts,tracker,high,stevenblack 聚合拦截域名,block_soft,广告/追踪或恶意通信被拦截；正常站点功能通常不受影响
adforgames.com,StevenBlack/hosts,tracker,high,stevenblack 聚合拦截域名,block_soft,广告/追踪或恶意通信被拦截；正常站点功能通常不受影响
adform.com,StevenBlack/hosts,tracker,high,stevenblack 聚合拦截域名,block_soft,广告/追踪或恶意通信被拦截；正常站点功能通常不受影响
adform.net,StevenBlack/hosts,tracker,high,stevenblack 聚合拦截域名,block_soft,广告/追踪或恶意通信被拦截；正常站点功能通常不受影响
a1.adform.net,StevenBlack/hosts,tracker,high,stevenblack 聚合拦截域名,block_soft,广告/追踪或恶意通信被拦截；正常站点功能通常不受影响
adx.adform.net,StevenBlack/hosts,tracker,high,stevenblack 聚合拦截域名,block_soft,广告/追踪或恶意通信被拦截；正常站点功能通常不受影响
adx2.adform.net,StevenBlack/hosts,tracker,high,stevenblack 聚合拦截域名,block_soft,广告/追踪或恶意通信被拦截；正常站点功能通常不受影响
asia.adform.net,StevenBlack/hosts,tracker,high,stevenblack 聚合拦截域名,block_soft,广告/追踪或恶意通信被拦截；正常站点功能通常不受影响
c1.adform.net,StevenBlack/hosts,tracker,high,stevenblack 聚合拦截域名,block_soft,广告/追踪或恶意通信被拦截；正常站点功能通常不受影响
cm.adform.net,StevenBlack/hosts,tracker,high,stevenblack 聚合拦截域名,block_soft,广告/追踪或恶意通信被拦截；正常站点功能通常不受影响
cm2.adform.net,StevenBlack/hosts,tracker,high,stevenblack 聚合拦截域名,block_soft,广告/追踪或恶意通信被拦截；正常站点功能通常不受影响
cm3.adform.net,StevenBlack/hosts,tracker,high,stevenblack 聚合拦截域名,block_soft,广告/追踪或恶意通信被拦截；正常站点功能通常不受影响
dmp.adform.net,StevenBlack/hosts,tracker,high,stevenblack 聚合拦截域名,block_soft,广告/追踪或恶意通信被拦截；正常站点功能通常不受影响
s2.adform.net,StevenBlack/hosts,tracker,high,stevenblack 聚合拦截域名,block_soft,广告/追踪或恶意通信被拦截；正常站点功能通常不受影响
track.adform.net,StevenBlack/hosts,tracker,high,stevenblack 聚合拦截域名,block_soft,广告/追踪或恶意通信被拦截；正常站点功能通常不受影响
adformdsp.net,StevenBlack/hosts,tracker,high,stevenblack 聚合拦截域名,block_soft,广告/追踪或恶意通信被拦截；正常站点功能通常不受影响
banners.adfox.net,StevenBlack/hosts,tracker,high,stevenblack 聚合拦截域名,block_soft,广告/追踪或恶意通信被拦截；正常站点功能通常不受影响
ads.adfox.ru,StevenBlack/hosts,tracker,high,stevenblack 聚合拦截域名,block_soft,广告/追踪或恶意通信被拦截；正常站点功能通常不受影响
banners.adfox.ru,StevenBlack/hosts,tracker,high,stevenblack 聚合拦截域名,block_soft,广告/追踪或恶意通信被拦截；正常站点功能通常不受影响
adfurikun.jp,StevenBlack/hosts,tracker,high,stevenblack 聚合拦截域名,block_soft,广告/追踪或恶意通信被拦截；正常站点功能通常不受影响
api.adfurikun.jp,StevenBlack/hosts,tracker,high,stevenblack 聚合拦截域名,block_soft,广告/追踪或恶意通信被拦截；正常站点功能通常不受影响
ginf.adfurikun.jp,StevenBlack/hosts,tracker,high,stevenblack 聚合拦截域名,block_soft,广告/追踪或恶意通信被拦截；正常站点功能通常不受影响
adfuture.cn,StevenBlack/hosts,tracker,high,stevenblack 聚合拦截域名,block_soft,广告/追踪或恶意通信被拦截；正常站点功能通常不受影响
folder.adfuture.cn,StevenBlack/hosts,tracker,high,stevenblack 聚合拦截域名,block_soft,广告/追踪或恶意通信被拦截；正常站点功能通常不受影响
fotacontrol.adfuture.cn,StevenBlack/hosts,tracker,high,stevenblack 聚合拦截域名,block_soft,广告/追踪或恶意通信被拦截；正常站点功能通常不受影响
rebootv5.adfuture.cn,StevenBlack/hosts,tracker,high,stevenblack 聚合拦截域名,block_soft,广告/追踪或恶意通信被拦截；正常站点功能通常不受影响
clk.adgaterewards.com,StevenBlack/hosts,tracker,high,stevenblack 聚合拦截域名,block_soft,广告/追踪或恶意通信被拦截；正常站点功能通常不受影响
wall.adgaterewards.com,StevenBlack/hosts,tracker,high,stevenblack 聚合拦截域名,block_soft,广告/追踪或恶意通信被拦截；正常站点功能通常不受影响
adgear.com,StevenBlack/hosts,tracker,high,stevenblack 聚合拦截域名,block_soft,广告/追踪或恶意通信被拦截；正常站点功能通常不受影响
adgrx.com,StevenBlack/hosts,tracker,high,stevenblack 聚合拦截域名,block_soft,广告/追踪或恶意通信被拦截；正常站点功能通常不受影响
cdn.adgrx.com,StevenBlack/hosts,tracker,high,stevenblack 聚合拦截域名,block_soft,广告/追踪或恶意通信被拦截；正常站点功能通常不受影响
cdn-stv.adgrx.com,StevenBlack/hosts,tracker,high,stevenblack 聚合拦截域名,block_soft,广告/追踪或恶意通信被拦截；正常站点功能通常不受影响
cm.adgrx.com,StevenBlack/hosts,tracker,high,stevenblack 聚合拦截域名,block_soft,广告/追踪或恶意通信被拦截；正常站点功能通常不受影响
rtb.adgrx.com,StevenBlack/hosts,tracker,high,stevenblack 聚合拦截域名,block_soft,广告/追踪或恶意通信被拦截；正常站点功能通常不受影响
tvx.adgrx.com,StevenBlack/hosts,tracker,high,stevenblack 聚合拦截域名,block_soft,广告/追踪或恶意通信被拦截；正常站点功能通常不受影响
adobe.adhaven.com,StevenBlack/hosts,tracker,high,stevenblack 聚合拦截域名,block_soft,广告/追踪或恶意通信被拦截；正常站点功能通常不受影响
beachfront.adhaven.com,StevenBlack/hosts,tracker,high,stevenblack 聚合拦截域名,block_soft,广告/追踪或恶意通信被拦截；正常站点功能通常不受影响
e.adhaven.com,StevenBlack/hosts,tracker,high,stevenblack 聚合拦截域名,block_soft,广告/追踪或恶意通信被拦截；正常站点功能通常不受影响
nxd.adhaven.com,StevenBlack/hosts,tracker,high,stevenblack 聚合拦截域名,block_soft,广告/追踪或恶意通信被拦截；正常站点功能通常不受影响
openx.adhaven.com,StevenBlack/hosts,tracker,high,stevenblack 聚合拦截域名,block_soft,广告/追踪或恶意通信被拦截；正常站点功能通常不受影响
telaria.adhaven.com,StevenBlack/hosts,tracker,high,stevenblack 聚合拦截域名,block_soft,广告/追踪或恶意通信被拦截；正常站点功能通常不受影响
verizon.adhaven.com,StevenBlack/hosts,tracker,high,stevenblack 聚合拦截域名,block_soft,广告/追踪或恶意通信被拦截；正常站点功能通常不受影响
ads-mediafin.adhese.com,StevenBlack/hosts,tracker,high,stevenblack 聚合拦截域名,block_soft,广告/追踪或恶意通信被拦截；正常站点功能通常不受影响
pool-mediafin.adhese.com,StevenBlack/hosts,tracker,high,stevenblack 聚合拦截域名,block_soft,广告/追踪或恶意通信被拦截；正常站点功能通常不受影响
pool-pebblemedia.adhese.com,StevenBlack/hosts,tracker,high,stevenblack 聚合拦截域名,block_soft,广告/追踪或恶意通信被拦截；正常站点功能通常不受影响
px.adhigh.net,StevenBlack/hosts,tracker,high,stevenblack 聚合拦截域名,block_soft,广告/追踪或恶意通信被拦截；正常站点功能通常不受影响
px-eu.adhigh.net,StevenBlack/hosts,tracker,high,stevenblack 聚合拦截域名,block_soft,广告/追踪或恶意通信被拦截；正常站点功能通常不受影响
adhitzads.com,StevenBlack/hosts,tracker,high,stevenblack 聚合拦截域名,block_soft,广告/追踪或恶意通信被拦截；正常站点功能通常不受影响
p3.adhitzads.com,StevenBlack/hosts,tracker,high,stevenblack 聚合拦截域名,block_soft,广告/追踪或恶意通信被拦截；正常站点功能通常不受影响
adhood.com,StevenBlack/hosts,tracker,high,stevenblack 聚合拦截域名,block_soft,广告/追踪或恶意通信被拦截；正常站点功能通常不受影响
aksdk-images.adikteev.com,StevenBlack/hosts,tracker,high,stevenblack 聚合拦截域名,block_soft,广告/追踪或恶意通信被拦截；正常站点功能通常不受影响
tag.adincube.com,StevenBlack/hosts,tracker,high,stevenblack 聚合拦截域名,block_soft,广告/追踪或恶意通信被拦截；正常站点功能通常不受影响
adingo.jp,StevenBlack/hosts,tracker,high,stevenblack 聚合拦截域名,block_soft,广告/追踪或恶意通信被拦截；正常站点功能通常不受影响
cc.adingo.jp,StevenBlack/hosts,tracker,high,stevenblack 聚合拦截域名,block_soft,广告/追踪或恶意通信被拦截；正常站点功能通常不受影响
hv.adingo.jp,StevenBlack/hosts,tracker,high,stevenblack 聚合拦截域名,block_soft,广告/追踪或恶意通信被拦截；正常站点功能通常不受影响
pdn.adingo.jp,StevenBlack/hosts,tracker,high,stevenblack 聚合拦截域名,block_soft,广告/追踪或恶意通信被拦截；正常站点功能通常不受影响
sh.adingo.jp,StevenBlack/hosts,tracker,high,stevenblack 聚合拦截域名,block_soft,广告/追踪或恶意通信被拦截；正常站点功能通常不受影响
ad11p.adfarm1.adition.com,StevenBlack/hosts,tracker,high,stevenblack 聚合拦截域名,block_soft,广告/追踪或恶意通信被拦截；正常站点功能通常不受影响
ad13.adfarm1.adition.com,StevenBlack/hosts,tracker,high,stevenblack 聚合拦截域名,block_soft,广告/追踪或恶意通信被拦截；正常站点功能通常不受影响
adsdk.adfarm1.adition.com,StevenBlack/hosts,tracker,high,stevenblack 聚合拦截域名,block_soft,广告/追踪或恶意通信被拦截；正常站点功能通常不受影响
dspcluster.adfarm1.adition.com,StevenBlack/hosts,tracker,high,stevenblack 聚合拦截域名,block_soft,广告/追踪或恶意通信被拦截；正常站点功能通常不受影响
cd.adition.com,StevenBlack/hosts,tracker,high,stevenblack 聚合拦截域名,block_soft,广告/追踪或恶意通信被拦截；正常站点功能通常不受影响
imagesrv.adition.com,StevenBlack/hosts,tracker,high,stevenblack 聚合拦截域名,block_soft,广告/追踪或恶意通信被拦截；正常站点功能通常不受影响
track.adition.com,StevenBlack/hosts,tracker,high,stevenblack 聚合拦截域名,block_soft,广告/追踪或恶意通信被拦截；正常站点功能通常不受影响
vt.adition.com,StevenBlack/hosts,tracker,high,stevenblack 聚合拦截域名,block_soft,广告/追踪或恶意通信被拦截；正常站点功能通常不受影响
pool.adizio.com,StevenBlack/hosts,tracker,high,stevenblack 聚合拦截域名,block_soft,广告/追踪或恶意通信被拦截；正常站点功能通常不受影响
adj.st,StevenBlack/hosts,tracker,high,stevenblack 聚合拦截域名,block_soft,广告/追踪或恶意通信被拦截；正常站点功能通常不受影响
3p3x.adj.st,StevenBlack/hosts,tracker,high,stevenblack 聚合拦截域名,block_soft,广告/追踪或恶意通信被拦截；正常站点功能通常不受影响
4495.adj.st,StevenBlack/hosts,tracker,high,stevenblack 聚合拦截域名,block_soft,广告/追踪或恶意通信被拦截；正常站点功能通常不受影响
7wmw.adj.st,StevenBlack/hosts,tracker,high,stevenblack 聚合拦截域名,block_soft,广告/追踪或恶意通信被拦截；正常站点功能通常不受影响
94vs.adj.st,StevenBlack/hosts,tracker,high,stevenblack 聚合拦截域名,block_soft,广告/追踪或恶意通信被拦截；正常站点功能通常不受影响
af4a.adj.st,StevenBlack/hosts,tracker,high,stevenblack 聚合拦截域名,block_soft,广告/追踪或恶意通信被拦截；正常站点功能通常不受影响
bhpz.adj.st,StevenBlack/hosts,tracker,high,stevenblack 聚合拦截域名,block_soft,广告/追踪或恶意通信被拦截；正常站点功能通常不受影响
nu9k.adj.st,StevenBlack/hosts,tracker,high,stevenblack 聚合拦截域名,block_soft,广告/追踪或恶意通信被拦截；正常站点功能通常不受影响
q4mn.adj.st,StevenBlack/hosts,tracker,high,stevenblack 聚合拦截域名,block_soft,广告/追踪或恶意通信被拦截；正常站点功能通常不受影响
qqrp.adj.st,StevenBlack/hosts,tracker,high,stevenblack 聚合拦截域名,block_soft,广告/追踪或恶意通信被拦截；正常站点功能通常不受影响
r8qs.adj.st,StevenBlack/hosts,tracker,high,stevenblack 聚合拦截域名,block_soft,广告/追踪或恶意通信被拦截；正常站点功能通常不受影响
sxj8.adj.st,StevenBlack/hosts,tracker,high,stevenblack 聚合拦截域名,block_soft,广告/追踪或恶意通信被拦截；正常站点功能通常不受影响
fraud.adjoe.zone,StevenBlack/hosts,tracker,high,stevenblack 聚合拦截域名,block_soft,广告/追踪或恶意通信被拦截；正常站点功能通常不受影响
prod.fraud.adjoe.zone,StevenBlack/hosts,tracker,high,stevenblack 聚合拦截域名,block_soft,广告/追踪或恶意通信被拦截；正常站点功能通常不受影响
prod.adjoe.zone,StevenBlack/hosts,tracker,high,stevenblack 聚合拦截域名,block_soft,广告/追踪或恶意通信被拦截；正常站点功能通常不受影响
adjust.com,StevenBlack/hosts,tracker,high,stevenblack 聚合拦截域名,block_soft,广告/追踪或恶意通信被拦截；正常站点功能通常不受影响
s2s.adjust.com,StevenBlack/hosts,tracker,high,stevenblack 聚合拦截域名,block_soft,广告/追踪或恶意通信被拦截；正常站点功能通常不受影响
ulink.adjust.com,StevenBlack/hosts,tracker,high,stevenblack 聚合拦截域名,block_soft,广告/追踪或恶意通信被拦截；正常站点功能通常不受影响
app.us.adjust.com,StevenBlack/hosts,tracker,high,stevenblack 聚合拦截域名,block_soft,广告/追踪或恶意通信被拦截；正常站点功能通常不受影响
view.adjust.com,StevenBlack/hosts,tracker,high,stevenblack 聚合拦截域名,block_soft,广告/追踪或恶意通信被拦截；正常站点功能通常不受影响
adjust.net.in,StevenBlack/hosts,tracker,high,stevenblack 聚合拦截域名,block_soft,广告/追踪或恶意通信被拦截；正常站点功能通常不受影响
1q2w3.fun,NoCoin,crypto_mining,high,nocoin 聚合拦截域名,block_medium,广告/追踪或恶意通信被拦截；正常站点功能通常不受影响
abc.pema.cl,NoCoin,crypto_mining,high,nocoin 聚合拦截域名,block_medium,广告/追踪或恶意通信被拦截；正常站点功能通常不受影响
acbp0020171456.page.tl,NoCoin,crypto_mining,high,nocoin 聚合拦截域名,block_medium,广告/追踪或恶意通信被拦截；正常站点功能通常不受影响
ad-miner.com,NoCoin,crypto_mining,high,nocoin 聚合拦截域名,block_medium,广告/追踪或恶意通信被拦截；正常站点功能通常不受影响
adminer.com,NoCoin,crypto_mining,high,nocoin 聚合拦截域名,block_medium,广告/追踪或恶意通信被拦截；正常站点功能通常不受影响
aeros01.tk,NoCoin,crypto_mining,high,nocoin 聚合拦截域名,block_medium,广告/追踪或恶意通信被拦截；正常站点功能通常不受影响
aeros02.tk,NoCoin,crypto_mining,high,nocoin 聚合拦截域名,block_medium,广告/追踪或恶意通信被拦截；正常站点功能通常不受影响
aeros11.tk,NoCoin,crypto_mining,high,nocoin 聚合拦截域名,block_medium,广告/追踪或恶意通信被拦截；正常站点功能通常不受影响
aeros12.tk,NoCoin,crypto_mining,high,nocoin 聚合拦截域名,block_medium,广告/追踪或恶意通信被拦截；正常站点功能通常不受影响
afminer.com,NoCoin,crypto_mining,high,nocoin 聚合拦截域名,block_medium,广告/追踪或恶意通信被拦截；正常站点功能通常不受影响
analytics.blue,NoCoin,crypto_mining,high,nocoin 聚合拦截域名,block_medium,广告/追踪或恶意通信被拦截；正常站点功能通常不受影响
andlache.com,NoCoin,crypto_mining,high,nocoin 聚合拦截域名,block_medium,广告/追踪或恶意通信被拦截；正常站点功能通常不受影响
anybest.pw,NoCoin,crypto_mining,high,nocoin 聚合拦截域名,block_medium,广告/追踪或恶意通信被拦截；正常站点功能通常不受影响
api.browsermine.com,NoCoin,crypto_mining,high,nocoin 聚合拦截域名,block_medium,广告/追踪或恶意通信被拦截；正常站点功能通常不受影响
api.inwemo.com,NoCoin,crypto_mining,high,nocoin 聚合拦截域名,block_medium,广告/追踪或恶意通信被拦截；正常站点功能通常不受影响
api.miner.beeppool.org,NoCoin,crypto_mining,high,nocoin 聚合拦截域名,block_medium,广告/追踪或恶意通信被拦截；正常站点功能通常不受影响
as.cfcdist.loan,NoCoin,crypto_mining,high,nocoin 聚合拦截域名,block_medium,广告/追踪或恶意通信被拦截；正常站点功能通常不受影响
ashgrrwt.click,NoCoin,crypto_mining,high,nocoin 聚合拦截域名,block_medium,广告/追踪或恶意通信被拦截；正常站点功能通常不受影响
authedmine.com,NoCoin,crypto_mining,high,nocoin 聚合拦截域名,block_medium,广告/追踪或恶意通信被拦截；正常站点功能通常不受影响
authedmine.eu,NoCoin,crypto_mining,high,nocoin 聚合拦截域名,block_medium,广告/追踪或恶意通信被拦截；正常站点功能通常不受影响
authedwebmine.cz,NoCoin,crypto_mining,high,nocoin 聚合拦截域名,block_medium,广告/追踪或恶意通信被拦截；正常站点功能通常不受影响
autologica.ga,NoCoin,crypto_mining,high,nocoin 聚合拦截域名,block_medium,广告/追踪或恶意通信被拦截；正常站点功能通常不受影响
axoncoho.tk,NoCoin,crypto_mining,high,nocoin 聚合拦截域名,block_medium,广告/追踪或恶意通信被拦截；正常站点功能通常不受影响
bablace.com,NoCoin,crypto_mining,high,nocoin 聚合拦截域名,block_medium,广告/追踪或恶意通信被拦截；正常站点功能通常不受影响
bafybeidravcab5p3acvthxtwosm4rfpl4yypwwm52s7sazgxaezfzn5xn4.ipfs.infura-ipfs.io,NoCoin,crypto_mining,high,nocoin 聚合拦截域名,block_medium,广告/追踪或恶意通信被拦截；正常站点功能通常不受影响
baiduccdn1.com,NoCoin,crypto_mining,high,nocoin 聚合拦截域名,block_medium,广告/追踪或恶意通信被拦截；正常站点功能通常不受影响
becanium.com,NoCoin,crypto_mining,high,nocoin 聚合拦截域名,block_medium,广告/追踪或恶意通信被拦截；正常站点功能通常不受影响
berateveng.ru,NoCoin,crypto_mining,high,nocoin 聚合拦截域名,block_medium,广告/追踪或恶意通信被拦截；正常站点功能通常不受影响
besocial.online,NoCoin,crypto_mining,high,nocoin 聚合拦截域名,block_medium,广告/追踪或恶意通信被拦截；正常站点功能通常不受影响
bestcoinsignals.com,NoCoin,crypto_mining,high,nocoin 聚合拦截域名,block_medium,广告/追踪或恶意通信被拦截；正常站点功能通常不受影响
besti.ga,NoCoin,crypto_mining,high,nocoin 聚合拦截域名,block_medium,广告/追踪或恶意通信被拦截；正常站点功能通常不受影响
bestsrv.de,NoCoin,crypto_mining,high,nocoin 聚合拦截域名,block_medium,广告/追踪或恶意通信被拦截；正常站点功能通常不受影响
bewaslac.com,NoCoin,crypto_mining,high,nocoin 聚合拦截域名,block_medium,广告/追踪或恶意通信被拦截；正常站点功能通常不受影响
biberukalap.com,NoCoin,crypto_mining,high,nocoin 聚合拦截域名,block_medium,广告/追踪或恶意通信被拦截；正常站点功能通常不受影响
binarybusiness.de,NoCoin,crypto_mining,high,nocoin 聚合拦截域名,block_medium,广告/追踪或恶意通信被拦截；正常站点功能通常不受影响
bitcoin-cashcard.com,NoCoin,crypto_mining,high,nocoin 聚合拦截域名,block_medium,广告/追踪或恶意通信被拦截；正常站点功能通常不受影响
bitcoin-cashcard.de,NoCoin,crypto_mining,high,nocoin 聚合拦截域名,block_medium,广告/追踪或恶意通信被拦截；正常站点功能通常不受影响
bitcoin-cashcard.eu,NoCoin,crypto_mining,high,nocoin 聚合拦截域名,block_medium,广告/追踪或恶意通信被拦截；正常站点功能通常不受影响
bitcoin-pay.eu,NoCoin,crypto_mining,high,nocoin 聚合拦截域名,block_medium,广告/追踪或恶意通信被拦截；正常站点功能通常不受影响
bitcoin-pocket.de,NoCoin,crypto_mining,high,nocoin 聚合拦截域名,block_medium,广告/追踪或恶意通信被拦截；正常站点功能通常不受影响
bitcoin-pocket.eu,NoCoin,crypto_mining,high,nocoin 聚合拦截域名,block_medium,广告/追踪或恶意通信被拦截；正常站点功能通常不受影响
bmcm.ml,NoCoin,crypto_mining,high,nocoin 聚合拦截域名,block_medium,广告/追踪或恶意通信被拦截；正常站点功能通常不受影响
bmcm.pw,NoCoin,crypto_mining,high,nocoin 聚合拦截域名,block_medium,广告/追踪或恶意通信被拦截；正常站点功能通常不受影响
bmnr.pw,NoCoin,crypto_mining,high,nocoin 聚合拦截域名,block_medium,广告/追踪或恶意通信被拦截；正常站点功能通常不受影响
bmst.pw,NoCoin,crypto_mining,high,nocoin 聚合拦截域名,block_medium,广告/追踪或恶意通信被拦截；正常站点功能通常不受影响
brominer.com,NoCoin,crypto_mining,high,nocoin 聚合拦截域名,block_medium,广告/追踪或恶意通信被拦截；正常站点功能通常不受影响
browsermine.com,NoCoin,crypto_mining,high,nocoin 聚合拦截域名,block_medium,广告/追踪或恶意通信被拦截；正常站点功能通常不受影响
candid.zone,NoCoin,crypto_mining,high,nocoin 聚合拦截域名,block_medium,广告/追踪或恶意通信被拦截；正常站点功能通常不受影响
cashbeet.com,NoCoin,crypto_mining,high,nocoin 聚合拦截域名,block_medium,广告/追踪或恶意通信被拦截；正常站点功能通常不受影响
cdn.adless.io,NoCoin,crypto_mining,high,nocoin 聚合拦截域名,block_medium,广告/追踪或恶意通信被拦截；正常站点功能通常不受影响
cdn.cloudcoins.co,NoCoin,crypto_mining,high,nocoin 聚合拦截域名,block_medium,广告/追踪或恶意通信被拦截；正常站点功能通常不受影响
cdn.minescripts.info,NoCoin,crypto_mining,high,nocoin 聚合拦截域名,block_medium,广告/追踪或恶意通信被拦截；正常站点功能通常不受影响
cdn1.pebx.pl,NoCoin,crypto_mining,high,nocoin 聚合拦截域名,block_medium,广告/追踪或恶意通信被拦截；正常站点功能通常不受影响
cdnjs.cloudflane.com,NoCoin,crypto_mining,high,nocoin 聚合拦截域名,block_medium,广告/追踪或恶意通信被拦截；正常站点功能通常不受影响
cfcdist.gdn,NoCoin,crypto_mining,high,nocoin 聚合拦截域名,block_medium,广告/追踪或恶意通信被拦截；正常站点功能通常不受影响
clgserv.pro,NoCoin,crypto_mining,high,nocoin 聚合拦截域名,block_medium,广告/追踪或恶意通信被拦截；正常站点功能通常不受影响
cloud-miner.de,NoCoin,crypto_mining,high,nocoin 聚合拦截域名,block_medium,广告/追踪或恶意通信被拦截；正常站点功能通常不受影响
cloud-miner.eu,NoCoin,crypto_mining,high,nocoin 聚合拦截域名,block_medium,广告/追踪或恶意通信被拦截；正常站点功能通常不受影响
cloudcdn.gdn,NoCoin,crypto_mining,high,nocoin 聚合拦截域名,block_medium,广告/追踪或恶意通信被拦截；正常站点功能通常不受影响
cnhv.co,NoCoin,crypto_mining,high,nocoin 聚合拦截域名,block_medium,广告/追踪或恶意通信被拦截；正常站点功能通常不受影响
cnt.statistic.date,NoCoin,crypto_mining,high,nocoin 聚合拦截域名,block_medium,广告/追踪或恶意通信被拦截；正常站点功能通常不受影响
coin-have.com,NoCoin,crypto_mining,high,nocoin 聚合拦截域名,block_medium,广告/追踪或恶意通信被拦截；正常站点功能通常不受影响
coinblind.com,NoCoin,crypto_mining,high,nocoin 聚合拦截域名,block_medium,广告/追踪或恶意通信被拦截；正常站点功能通常不受影响
coinerra.com,NoCoin,crypto_mining,high,nocoin 聚合拦截域名,block_medium,广告/追踪或恶意通信被拦截；正常站点功能通常不受影响
coinhiveproxy.com,NoCoin,crypto_mining,high,nocoin 聚合拦截域名,block_medium,广告/追踪或恶意通信被拦截；正常站点功能通常不受影响
coinminingonline.com,NoCoin,crypto_mining,high,nocoin 聚合拦截域名,block_medium,广告/追踪或恶意通信被拦截；正常站点功能通常不受影响
coinnebula.com,NoCoin,crypto_mining,high,nocoin 聚合拦截域名,block_medium,广告/追踪或恶意通信被拦截；正常站点功能通常不受影响
coinpirate.cf,NoCoin,crypto_mining,high,nocoin 聚合拦截域名,block_medium,广告/追踪或恶意通信被拦截；正常站点功能通常不受影响
coinpot.co,NoCoin,crypto_mining,high,nocoin 聚合拦截域名,block_medium,广告/追踪或恶意通信被拦截；正常站点功能通常不受影响
coinrail.io,NoCoin,crypto_mining,high,nocoin 聚合拦截域名,block_medium,广告/追踪或恶意通信被拦截；正常站点功能通常不受影响
contribute.to-support.me,NoCoin,crypto_mining,high,nocoin 聚合拦截域名,block_medium,广告/追踪或恶意通信被拦截；正常站点功能通常不受影响
cryptaloot.pro,NoCoin,crypto_mining,high,nocoin 聚合拦截域名,block_medium,广告/追踪或恶意通信被拦截；正常站点功能通常不受影响
crypto-loot.com,NoCoin,crypto_mining,high,nocoin 聚合拦截域名,block_medium,广告/追踪或恶意通信被拦截；正常站点功能通常不受影响
crypto-webminer.com,NoCoin,crypto_mining,high,nocoin 聚合拦截域名,block_medium,广告/追踪或恶意通信被拦截；正常站点功能通常不受影响
crypto.csgocpu.com,NoCoin,crypto_mining,high,nocoin 聚合拦截域名,block_medium,广告/追踪或恶意通信被拦截；正常站点功能通常不受影响
cryptoloot.pro,NoCoin,crypto_mining,high,nocoin 聚合拦截域名,block_medium,广告/追踪或恶意通信被拦截；正常站点功能通常不受影响
d.cpufan.club,NoCoin,crypto_mining,high,nocoin 聚合拦截域名,block_medium,广告/追踪或恶意通信被拦截；正常站点功能通常不受影响
dark-utilities.me,NoCoin,crypto_mining,high,nocoin 聚合拦截域名,block_medium,广告/追踪或恶意通信被拦截；正常站点功能通常不受影响
dark-utilities.pw,NoCoin,crypto_mining,high,nocoin 聚合拦截域名,block_medium,广告/追踪或恶意通信被拦截；正常站点功能通常不受影响
dark-utilities.xyz,NoCoin,crypto_mining,high,nocoin 聚合拦截域名,block_medium,广告/追踪或恶意通信被拦截；正常站点功能通常不受影响
de-mi-nis-ner.info,NoCoin,crypto_mining,high,nocoin 聚合拦截域名,block_medium,广告/追踪或恶意通信被拦截；正常站点功能通常不受影响
de-ner-mi-nis4.info,NoCoin,crypto_mining,high,nocoin 聚合拦截域名,block_medium,广告/追踪或恶意通信被拦截；正常站点功能通常不受影响
de-nis-ner-mi-5.info,NoCoin,crypto_mining,high,nocoin 聚合拦截域名,block_medium,广告/追踪或恶意通信被拦截；正常站点功能通常不受影响
depttake.ga,NoCoin,crypto_mining,high,nocoin 聚合拦截域名,block_medium,广告/追踪或恶意通信被拦截；正常站点功能通常不受影响
dev.cryptobara.com,NoCoin,crypto_mining,high,nocoin 聚合拦截域名,block_medium,广告/追踪或恶意通信被拦截；正常站点功能通常不受影响
digger.cryptobara.com,NoCoin,crypto_mining,high,nocoin 聚合拦截域名,block_medium,广告/追踪或恶意通信被拦截；正常站点功能通常不受影响
dl.browsermine.com,NoCoin,crypto_mining,high,nocoin 聚合拦截域名,block_medium,广告/追踪或恶意通信被拦截；正常站点功能通常不受影响
donttbeevils.de,NoCoin,crypto_mining,high,nocoin 聚合拦截域名,block_medium,广告/追踪或恶意通信被拦截；正常站点功能通常不受影响
dronml.ml,NoCoin,crypto_mining,high,nocoin 聚合拦截域名,block_medium,广告/追踪或恶意通信被拦截；正常站点功能通常不受影响
easyhash.de,NoCoin,crypto_mining,high,nocoin 聚合拦截域名,block_medium,广告/追踪或恶意通信被拦截；正常站点功能通常不受影响
eth-pocket.com,NoCoin,crypto_mining,high,nocoin 聚合拦截域名,block_medium,广告/追踪或恶意通信被拦截；正常站点功能通常不受影响
eth-pocket.de,NoCoin,crypto_mining,high,nocoin 聚合拦截域名,block_medium,广告/追踪或恶意通信被拦截；正常站点功能通常不受影响
eth-pocket.eu,NoCoin,crypto_mining,high,nocoin 聚合拦截域名,block_medium,广告/追踪或恶意通信被拦截；正常站点功能通常不受影响
ethereum-cashcard.com,NoCoin,crypto_mining,high,nocoin 聚合拦截域名,block_medium,广告/追踪或恶意通信被拦截；正常站点功能通常不受影响
ethereum-cashcard.de,NoCoin,crypto_mining,high,nocoin 聚合拦截域名,block_medium,广告/追踪或恶意通信被拦截；正常站点功能通常不受影响
ethereum-cashcard.eu,NoCoin,crypto_mining,high,nocoin 聚合拦截域名,block_medium,广告/追踪或恶意通信被拦截；正常站点功能通常不受影响
ethereum-pocket.com,NoCoin,crypto_mining,high,nocoin 聚合拦截域名,block_medium,广告/追踪或恶意通信被拦截；正常站点功能通常不受影响
ethereum-pocket.de,NoCoin,crypto_mining,high,nocoin 聚合拦截域名,block_medium,广告/追踪或恶意通信被拦截；正常站点功能通常不受影响
ethereum-pocket.eu,NoCoin,crypto_mining,high,nocoin 聚合拦截域名,block_medium,广告/追踪或恶意通信被拦截；正常站点功能通常不受影响
ethtrader.de,NoCoin,crypto_mining,high,nocoin 聚合拦截域名,block_medium,广告/追踪或恶意通信被拦截；正常站点功能通常不受影响
eu.cfcdist.loan,NoCoin,crypto_mining,high,nocoin 聚合拦截域名,block_medium,广告/追踪或恶意通信被拦截；正常站点功能通常不受影响
eucsoft.com,NoCoin,crypto_mining,high,nocoin 聚合拦截域名,block_medium,广告/追踪或恶意通信被拦截；正常站点功能通常不受影响
evilsbedont.de,NoCoin,crypto_mining,high,nocoin 聚合拦截域名,block_medium,广告/追踪或恶意通信被拦截；正常站点功能通常不受影响
exdynsrv.com,NoCoin,crypto_mining,high,nocoin 聚合拦截域名,block_medium,广告/追踪或恶意通信被拦截；正常站点功能通常不受影响
f1tbit.com,NoCoin,crypto_mining,high,nocoin 聚合拦截域名,block_medium,广告/追踪或恶意通信被拦截；正常站点功能通常不受影响
flare-analytics.com,NoCoin,crypto_mining,high,nocoin 聚合拦截域名,block_medium,广告/追踪或恶意通信被拦截；正常站点功能通常不受影响
flighty.win,NoCoin,crypto_mining,high,nocoin 聚合拦截域名,block_medium,广告/追踪或恶意通信被拦截；正常站点功能通常不受影响
flightzy.date,NoCoin,crypto_mining,high,nocoin 聚合拦截域名,block_medium,广告/追踪或恶意通信被拦截；正常站点功能通常不受影响
flightzy.win,NoCoin,crypto_mining,high,nocoin 聚合拦截域名,block_medium,广告/追踪或恶意通信被拦截；正常站点功能通常不受影响
formulawire.com,NoCoin,crypto_mining,high,nocoin 聚合拦截域名,block_medium,广告/追踪或恶意通信被拦截；正常站点功能通常不受影响
g1thub.com,NoCoin,crypto_mining,high,nocoin 聚合拦截域名,block_medium,广告/追踪或恶意通信被拦截；正常站点功能通常不受影响
ganymed.beeppool.org,NoCoin,crypto_mining,high,nocoin 聚合拦截域名,block_medium,广告/追踪或恶意通信被拦截；正常站点功能通常不受影响
gasolina.ml,NoCoin,crypto_mining,high,nocoin 聚合拦截域名,block_medium,广告/追踪或恶意通信被拦截；正常站点功能通常不受影响
go.bestmobiworld.com,NoCoin,crypto_mining,high,nocoin 聚合拦截域名,block_medium,广告/追踪或恶意通信被拦截；正常站点功能通常不受影响
go.megabanners.cf,NoCoin,crypto_mining,high,nocoin 聚合拦截域名,block_medium,广告/追踪或恶意通信被拦截；正常站点功能通常不受影响
goldoffer.online,NoCoin,crypto_mining,high,nocoin 聚合拦截域名,block_medium,广告/追踪或恶意通信被拦截；正常站点功能通常不受影响
gramombird.com,NoCoin,crypto_mining,high,nocoin 聚合拦截域名,block_medium,广告/追踪或恶意通信被拦截；正常站点功能通常不受影响
gridiogrid.com,NoCoin,crypto_mining,high,nocoin 聚合拦截域名,block_medium,广告/追踪或恶意通信被拦截；正常站点功能通常不受影响
gxbrowser.net,NoCoin,crypto_mining,high,nocoin 聚合拦截域名,block_medium,广告/追踪或恶意通信被拦截；正常站点功能通常不受影响
hashing.win,NoCoin,crypto_mining,high,nocoin 聚合拦截域名,block_medium,广告/追踪或恶意通信被拦截；正常站点功能通常不受影响
hemnes.win,NoCoin,crypto_mining,high,nocoin 聚合拦截域名,block_medium,广告/追踪或恶意通信被拦截；正常站点功能通常不受影响
hhb123.tk,NoCoin,crypto_mining,high,nocoin 聚合拦截域名,block_medium,广告/追踪或恶意通信被拦截；正常站点功能通常不受影响
hide.ovh,NoCoin,crypto_mining,high,nocoin 聚合拦截域名,block_medium,广告/追踪或恶意通信被拦截；正常站点功能通常不受影响
hive.tubetitties.com,NoCoin,crypto_mining,high,nocoin 聚合拦截域名,block_medium,广告/追踪或恶意通信被拦截；正常站点功能通常不受影响
igrid.org,NoCoin,crypto_mining,high,nocoin 聚合拦截域名,block_medium,广告/追踪或恶意通信被拦截；正常站点功能通常不受影响
ijfcm7bu6ocerxsfq56ka3dtdanunyp4ytwk745b54agtravj2wr2qqd.onion.pet,NoCoin,crypto_mining,high,nocoin 聚合拦截域名,block_medium,广告/追踪或恶意通信被拦截；正常站点功能通常不受影响
ininmacerad.pro,NoCoin,crypto_mining,high,nocoin 聚合拦截域名,block_medium,广告/追踪或恶意通信被拦截；正常站点功能通常不受影响
intelserviceupdate.com,NoCoin,crypto_mining,high,nocoin 聚合拦截域名,block_medium,广告/追踪或恶意通信被拦截；正常站点功能通常不受影响
jqcdn01.herokuapp.com,NoCoin,crypto_mining,high,nocoin 聚合拦截域名,block_medium,广告/追踪或恶意通信被拦截；正常站点功能通常不受影响
jqcdn03.herokuapp.com,NoCoin,crypto_mining,high,nocoin 聚合拦截域名,block_medium,广告/追踪或恶意通信被拦截；正常站点功能通常不受影响
jqcdn2.herokuapp.com,NoCoin,crypto_mining,high,nocoin 聚合拦截域名,block_medium,广告/追踪或恶意通信被拦截；正常站点功能通常不受影响
js.nahnoji.cz,NoCoin,crypto_mining,high,nocoin 聚合拦截域名,block_medium,广告/追踪或恶意通信被拦截；正常站点功能通常不受影响
jscdndel.com,NoCoin,crypto_mining,high,nocoin 聚合拦截域名,block_medium,广告/追踪或恶意通信被拦截；正常站点功能通常不受影响
jscoinminer.com,NoCoin,crypto_mining,high,nocoin 聚合拦截域名,block_medium,广告/追踪或恶意通信被拦截；正常站点功能通常不受影响
jurty.ml,NoCoin,crypto_mining,high,nocoin 聚合拦截域名,block_medium,广告/追踪或恶意通信被拦截；正常站点功能通常不受影响
krb.devphp.org.ua,NoCoin,crypto_mining,high,nocoin 聚合拦截域名,block_medium,广告/追踪或恶意通信被拦截；正常站点功能通常不受影响
laserveradedomaina.com,NoCoin,crypto_mining,high,nocoin 聚合拦截域名,block_medium,广告/追踪或恶意通信被拦截；正常站点功能通常不受影响
ledhenone.com,NoCoin,crypto_mining,high,nocoin 聚合拦截域名,block_medium,广告/追踪或恶意通信被拦截；正常站点功能通常不受影响
lightminer.co,NoCoin,crypto_mining,high,nocoin 聚合拦截域名,block_medium,广告/追踪或恶意通信被拦截；正常站点功能通常不受影响
losital.ru,NoCoin,crypto_mining,high,nocoin 聚合拦截域名,block_medium,广告/追踪或恶意通信被拦截；正常站点功能通常不受影响
machieved.com,NoCoin,crypto_mining,high,nocoin 聚合拦截域名,block_medium,广告/追踪或恶意通信被拦截；正常站点功能通常不受影响
mail.ghmproperties.com,NoCoin,crypto_mining,high,nocoin 聚合拦截域名,block_medium,广告/追踪或恶意通信被拦截；正常站点功能通常不受影响
mail.itseasy.com,NoCoin,crypto_mining,high,nocoin 聚合拦截域名,block_medium,广告/追踪或恶意通信被拦截；正常站点功能通常不受影响
mail.shaferglazer.com,NoCoin,crypto_mining,high,nocoin 聚合拦截域名,block_medium,广告/追踪或恶意通信被拦截；正常站点功能通常不受影响
mail.techniservinc.com,NoCoin,crypto_mining,high,nocoin 聚合拦截域名,block_medium,广告/追踪或恶意通信被拦截；正常站点功能通常不受影响
mebablo.com,NoCoin,crypto_mining,high,nocoin 聚合拦截域名,block_medium,广告/追踪或恶意通信被拦截；正常站点功能通常不受影响
mepirtedic.com,NoCoin,crypto_mining,high,nocoin 聚合拦截域名,block_medium,广告/追踪或恶意通信被拦截；正常站点功能通常不受影响
mi-de-ner-nis3.info,NoCoin,crypto_mining,high,nocoin 聚合拦截域名,block_medium,广告/追踪或恶意通信被拦截；正常站点功能通常不受影响
mine.blank.drawpad.org,NoCoin,crypto_mining,high,nocoin 聚合拦截域名,block_medium,广告/追踪或恶意通信被拦截；正常站点功能通常不受影响
mine.nahnoji.cz,NoCoin,crypto_mining,high,nocoin 聚合拦截域名,block_medium,广告/追踪或恶意通信被拦截；正常站点功能通常不受影响
mine.terorie.com,NoCoin,crypto_mining,high,nocoin 聚合拦截域名,block_medium,广告/追踪或恶意通信被拦截；正常站点功能通常不受影响
mine.torrent.pw,NoCoin,crypto_mining,high,nocoin 聚合拦截域名,block_medium,广告/追踪或恶意通信被拦截；正常站点功能通常不受影响
minemytraffic.com,NoCoin,crypto_mining,high,nocoin 聚合拦截域名,block_medium,广告/追踪或恶意通信被拦截；正常站点功能通常不受影响
miner.beeppool.org,NoCoin,crypto_mining,high,nocoin 聚合拦截域名,block_medium,广告/追踪或恶意通信被拦截；正常站点功能通常不受影响
miner.cryptobara.com,NoCoin,crypto_mining,high,nocoin 聚合拦截域名,block_medium,广告/追踪或恶意通信被拦截；正常站点功能通常不受影响
miner.nablabee.com,NoCoin,crypto_mining,high,nocoin 聚合拦截域名,block_medium,广告/追踪或恶意通信被拦截；正常站点功能通常不受影响
minerad.com,NoCoin,crypto_mining,high,nocoin 聚合拦截域名,block_medium,广告/追踪或恶意通信被拦截；正常站点功能通常不受影响
minero-proxy-01.now.sh,NoCoin,crypto_mining,high,nocoin 聚合拦截域名,block_medium,广告/追踪或恶意通信被拦截；正常站点功能通常不受影响
minero-proxy-02.now.sh,NoCoin,crypto_mining,high,nocoin 聚合拦截域名,block_medium,广告/追踪或恶意通信被拦截；正常站点功能通常不受影响
minero-proxy-03.now.sh,NoCoin,crypto_mining,high,nocoin 聚合拦截域名,block_medium,广告/追踪或恶意通信被拦截；正常站点功能通常不受影响
minero.pw,NoCoin,crypto_mining,high,nocoin 聚合拦截域名,block_medium,广告/追踪或恶意通信被拦截；正常站点功能通常不受影响
minescripts.info,NoCoin,crypto_mining,high,nocoin 聚合拦截域名,block_medium,广告/追踪或恶意通信被拦截；正常站点功能通常不受影响
minexmr.stream,NoCoin,crypto_mining,high,nocoin 聚合拦截域名,block_medium,广告/追踪或恶意通信被拦截；正常站点功能通常不受影响
minr.pw,NoCoin,crypto_mining,high,nocoin 聚合拦截域名,block_medium,广告/追踪或恶意通信被拦截；正常站点功能通常不受影响
mm.zubovskaya-banya.ru,NoCoin,crypto_mining,high,nocoin 聚合拦截域名,block_medium,广告/追踪或恶意通信被拦截；正常站点功能通常不受影响
monerominer.rocks,NoCoin,crypto_mining,high,nocoin 聚合拦截域名,block_medium,广告/追踪或恶意通信被拦截；正常站点功能通常不受影响
money-maker-default.info,NoCoin,crypto_mining,high,nocoin 聚合拦截域名,block_medium,广告/追踪或恶意通信被拦截；正常站点功能通常不受影响
mxcdn1.now.sh,NoCoin,crypto_mining,high,nocoin 聚合拦截域名,block_medium,广告/追踪或恶意通信被拦截；正常站点功能通常不受影响
mxcdn2.now.sh,NoCoin,crypto_mining,high,nocoin 聚合拦截域名,block_medium,广告/追踪或恶意通信被拦截；正常站点功能通常不受影响
my.domain,NoCoin,crypto_mining,high,nocoin 聚合拦截域名,block_medium,广告/追踪或恶意通信被拦截；正常站点功能通常不受影响
nametraff.com,NoCoin,crypto_mining,high,nocoin 聚合拦截域名,block_medium,广告/追踪或恶意通信被拦截；正常站点功能通常不受影响
nathetsof.com,NoCoin,crypto_mining,high,nocoin 聚合拦截域名,block_medium,广告/追踪或恶意通信被拦截；正常站点功能通常不受影响
nch-software.info,NoCoin,crypto_mining,high,nocoin 聚合拦截域名,block_medium,广告/追踪或恶意通信被拦截；正常站点功能通常不受影响
nerohut.com,NoCoin,crypto_mining,high,nocoin 聚合拦截域名,block_medium,广告/追踪或恶意通信被拦截；正常站点功能通常不受影响
new.minr.pw,NoCoin,crypto_mining,high,nocoin 聚合拦截域名,block_medium,广告/追踪或恶意通信被拦截；正常站点功能通常不受影响
nfwebminer.com,NoCoin,crypto_mining,high,nocoin 聚合拦截域名,block_medium,广告/追踪或恶意通信被拦截；正常站点功能通常不受影响
niematego.tk,NoCoin,crypto_mining,high,nocoin 聚合拦截域名,block_medium,广告/追踪或恶意通信被拦截；正常站点功能通常不受影响
nimiq.icemining.ca,NoCoin,crypto_mining,high,nocoin 聚合拦截域名,block_medium,广告/追踪或恶意通信被拦截；正常站点功能通常不受影响
nimwss-us-shark.lolopool.com,NoCoin,crypto_mining,high,nocoin 聚合拦截域名,block_medium,广告/追踪或恶意通信被拦截；正常站点功能通常不受影响
ninaning.com,NoCoin,crypto_mining,high,nocoin 聚合拦截域名,block_medium,广告/追踪或恶意通信被拦截；正常站点功能通常不受影响
nitrokod.com,NoCoin,crypto_mining,high,nocoin 聚合拦截域名,block_medium,广告/追踪或恶意通信被拦截；正常站点功能通常不受影响
nmq.zxnexus.com,NoCoin,crypto_mining,high,nocoin 聚合拦截域名,block_medium,广告/追踪或恶意通信被拦截；正常站点功能通常不受影响
npcdn1.now.sh,NoCoin,crypto_mining,high,nocoin 聚合拦截域名,block_medium,广告/追踪或恶意通信被拦截；正常站点功能通常不受影响
nvidia-graphics.top,NoCoin,crypto_mining,high,nocoin 聚合拦截域名,block_medium,广告/追踪或恶意通信被拦截；正常站点功能通常不受影响
nvidiacenter.com,NoCoin,crypto_mining,high,nocoin 聚合拦截域名,block_medium,广告/追踪或恶意通信被拦截；正常站点功能通常不受影响
ocean2.authcaptcha.com,NoCoin,crypto_mining,high,nocoin 聚合拦截域名,block_medium,广告/追踪或恶意通信被拦截；正常站点功能通常不受影响
offerreality.com,NoCoin,crypto_mining,high,nocoin 聚合拦截域名,block_medium,广告/追踪或恶意通信被拦截；正常站点功能通常不受影响
ogrid.org,NoCoin,crypto_mining,high,nocoin 聚合拦截域名,block_medium,广告/追踪或恶意通信被拦截；正常站点功能通常不受影响
okeyletsgo.ml,NoCoin,crypto_mining,high,nocoin 聚合拦截域名,block_medium,广告/追踪或恶意通信被拦截；正常站点功能通常不受影响
p.estream.to,NoCoin,crypto_mining,high,nocoin 聚合拦截域名,block_medium,广告/追踪或恶意通信被拦截；正常站点功能通常不受影响
panelsave.com,NoCoin,crypto_mining,high,nocoin 聚合拦截域名,block_medium,广告/追踪或恶意通信被拦截；正常站点功能通常不受影响
panger-top.click,NoCoin,crypto_mining,high,nocoin 聚合拦截域名,block_medium,广告/追踪或恶意通信被拦截；正常站点功能通常不受影响
papoto.com,NoCoin,crypto_mining,high,nocoin 聚合拦截域名,block_medium,广告/追踪或恶意通信被拦截；正常站点功能通常不受影响
party-vqgdyvoycc.now.sh,NoCoin,crypto_mining,high,nocoin 聚合拦截域名,block_medium,广告/追踪或恶意通信被拦截；正常站点功能通常不受影响
pearno.com,NoCoin,crypto_mining,high,nocoin 聚合拦截域名,block_medium,广告/追踪或恶意通信被拦截；正常站点功能通常不受影响
pertholin.com,NoCoin,crypto_mining,high,nocoin 聚合拦截域名,block_medium,广告/追踪或恶意通信被拦截；正常站点功能通常不受影响
play.estream.to,NoCoin,crypto_mining,high,nocoin 聚合拦截域名,block_medium,广告/追踪或恶意通信被拦截；正常站点功能通常不受影响
play.estream.xyz,NoCoin,crypto_mining,high,nocoin 聚合拦截域名,block_medium,广告/追踪或恶意通信被拦截；正常站点功能通常不受影响
play.gramombird.com,NoCoin,crypto_mining,high,nocoin 聚合拦截域名,block_medium,广告/追踪或恶意通信被拦截；正常站点功能通常不受影响
play.istlandoll.com,NoCoin,crypto_mining,high,nocoin 聚合拦截域名,block_medium,广告/追踪或恶意通信被拦截；正常站点功能通常不受影响
play.mine.gay-hotvideo.net,NoCoin,crypto_mining,high,nocoin 聚合拦截域名,block_medium,广告/追踪或恶意通信被拦截；正常站点功能通常不受影响
play.nexioniect.com,NoCoin,crypto_mining,high,nocoin 聚合拦截域名,block_medium,广告/追踪或恶意通信被拦截；正常站点功能通常不受影响
play.on.animeteatr.ru,NoCoin,crypto_mining,high,nocoin 聚合拦截域名,block_medium,广告/追踪或恶意通信被拦截；正常站点功能通常不受影响
play.pampopholf.com,NoCoin,crypto_mining,high,nocoin 聚合拦截域名,block_medium,广告/追踪或恶意通信被拦截；正常站点功能通常不受影响
play.play.estream.to,NoCoin,crypto_mining,high,nocoin 聚合拦截域名,block_medium,广告/追踪或恶意通信被拦截；正常站点功能通常不受影响
play.play.estream.xyz,NoCoin,crypto_mining,high,nocoin 聚合拦截域名,block_medium,广告/追踪或恶意通信被拦截；正常站点功能通常不受影响
play.tercabilis.info,NoCoin,crypto_mining,high,nocoin 聚合拦截域名,block_medium,广告/追踪或恶意通信被拦截；正常站点功能通常不受影响
play.video2.stream.vidzi.tv,NoCoin,crypto_mining,high,nocoin 聚合拦截域名,block_medium,广告/追踪或恶意通信被拦截；正常站点功能通常不受影响
play.vidzi.tv,NoCoin,crypto_mining,high,nocoin 聚合拦截域名,block_medium,广告/追踪或恶意通信被拦截；正常站点功能通常不受影响
pool.hws.ru,NoCoin,crypto_mining,high,nocoin 聚合拦截域名,block_medium,广告/追踪或恶意通信被拦截；正常站点功能通常不受影响
pr0gram.org,NoCoin,crypto_mining,high,nocoin 聚合拦截域名,block_medium,广告/追踪或恶意通信被拦截；正常站点功能通常不受影响
premiumstats.xyz,NoCoin,crypto_mining,high,nocoin 聚合拦截域名,block_medium,广告/追踪或恶意通信被拦截；正常站点功能通常不受影响
proofly.win,NoCoin,crypto_mining,high,nocoin 聚合拦截域名,block_medium,广告/追踪或恶意通信被拦截；正常站点功能通常不受影响
reauthenticator.com,NoCoin,crypto_mining,high,nocoin 聚合拦截域名,block_medium,广告/追踪或恶意通信被拦截；正常站点功能通常不受影响
renhertfo.com,NoCoin,crypto_mining,high,nocoin 聚合拦截域名,block_medium,广告/追踪或恶意通信被拦截；正常站点功能通常不受影响
roastedvolt.net,NoCoin,crypto_mining,high,nocoin 聚合拦截域名,block_medium,广告/追踪或恶意通信被拦截；正常站点功能通常不受影响
rock.reauthenticator.com,NoCoin,crypto_mining,high,nocoin 聚合拦截域名,block_medium,广告/追踪或恶意通信被拦截；正常站点功能通常不受影响
rock2.authcaptcha.com,NoCoin,crypto_mining,high,nocoin 聚合拦截域名,block_medium,广告/追踪或恶意通信被拦截；正常站点功能通常不受影响
rocks.io,NoCoin,crypto_mining,high,nocoin 聚合拦截域名,block_medium,广告/追踪或恶意通信被拦截；正常站点功能通常不受影响
s01.hostcontent.live,NoCoin,crypto_mining,high,nocoin 聚合拦截域名,block_medium,广告/追踪或恶意通信被拦截；正常站点功能通常不受影响
s03.hostcontent.live,NoCoin,crypto_mining,high,nocoin 聚合拦截域名,block_medium,广告/追踪或恶意通信被拦截；正常站点功能通常不受影响
s04.hostcontent.live,NoCoin,crypto_mining,high,nocoin 聚合拦截域名,block_medium,广告/追踪或恶意通信被拦截；正常站点功能通常不受影响
s05.hostcontent.live,NoCoin,crypto_mining,high,nocoin 聚合拦截域名,block_medium,广告/追踪或恶意通信被拦截；正常站点功能通常不受影响
s07.hostcontent.live,NoCoin,crypto_mining,high,nocoin 聚合拦截域名,block_medium,广告/追踪或恶意通信被拦截；正常站点功能通常不受影响
s100.hostcontent.live,NoCoin,crypto_mining,high,nocoin 聚合拦截域名,block_medium,广告/追踪或恶意通信被拦截；正常站点功能通常不受影响
s11.hostcontent.live,NoCoin,crypto_mining,high,nocoin 聚合拦截域名,block_medium,广告/追踪或恶意通信被拦截；正常站点功能通常不受影响
s12.hostcontent.live,NoCoin,crypto_mining,high,nocoin 聚合拦截域名,block_medium,广告/追踪或恶意通信被拦截；正常站点功能通常不受影响
s13.hostcontent.live,NoCoin,crypto_mining,high,nocoin 聚合拦截域名,block_medium,广告/追踪或恶意通信被拦截；正常站点功能通常不受影响
s3.pampopholf.com,NoCoin,crypto_mining,high,nocoin 聚合拦截域名,block_medium,广告/追踪或恶意通信被拦截；正常站点功能通常不受影响
sass2.authcaptcha.com,NoCoin,crypto_mining,high,nocoin 聚合拦截域名,block_medium,广告/追踪或恶意通信被拦截；正常站点功能通常不受影响
scaleway.ovh,NoCoin,crypto_mining,high,nocoin 聚合拦截域名,block_medium,广告/追踪或恶意通信被拦截；正常站点功能通常不受影响
sea2.authcaptcha.com,NoCoin,crypto_mining,high,nocoin 聚合拦截域名,block_medium,广告/追踪或恶意通信被拦截；正常站点功能通常不受影响
seed.nimiq.by,NoCoin,crypto_mining,high,nocoin 聚合拦截域名,block_medium,广告/追踪或恶意通信被拦截；正常站点功能通常不受影响
serie-vostfr.com,NoCoin,crypto_mining,high,nocoin 聚合拦截域名,block_medium,广告/追踪或恶意通信被拦截；正常站点功能通常不受影响
serv1swork.com,NoCoin,crypto_mining,high,nocoin 聚合拦截域名,block_medium,广告/追踪或恶意通信被拦截；正常站点功能通常不受影响
service4refresh.info,NoCoin,crypto_mining,high,nocoin 聚合拦截域名,block_medium,广告/追踪或恶意通信被拦截；正常站点功能通常不受影响
silimbompom.com,NoCoin,crypto_mining,high,nocoin 聚合拦截域名,block_medium,广告/追踪或恶意通信被拦截；正常站点功能通常不受影响
site.flashx.cc,NoCoin,crypto_mining,high,nocoin 聚合拦截域名,block_medium,广告/追踪或恶意通信被拦截；正常站点功能通常不受影响
srcip.com,NoCoin,crypto_mining,high,nocoin 聚合拦截域名,block_medium,广告/追踪或恶意通信被拦截；正常站点功能通常不受影响
srcips.com,NoCoin,crypto_mining,high,nocoin 聚合拦截域名,block_medium,广告/追踪或恶意通信被拦截；正常站点功能通常不受影响
statdynamic.com,NoCoin,crypto_mining,high,nocoin 聚合拦截域名,block_medium,广告/追踪或恶意通信被拦截；正常站点功能通常不受影响
static.sparechange.io,NoCoin,crypto_mining,high,nocoin 聚合拦截域名,block_medium,广告/追踪或恶意通信被拦截；正常站点功能通常不受影响
staticsfs.host,NoCoin,crypto_mining,high,nocoin 聚合拦截域名,block_medium,广告/追踪或恶意通信被拦截；正常站点功能通常不受影响
stone2.authcaptcha.com,NoCoin,crypto_mining,high,nocoin 聚合拦截域名,block_medium,广告/追踪或恶意通信被拦截；正常站点功能通常不受影响
stonecalcom.com,NoCoin,crypto_mining,high,nocoin 聚合拦截域名,block_medium,广告/追踪或恶意通信被拦截；正常站点功能通常不受影响
str1kee.com,NoCoin,crypto_mining,high,nocoin 聚合拦截域名,block_medium,广告/追踪或恶意通信被拦截；正常站点功能通常不受影响
sunnimiq.cf,NoCoin,crypto_mining,high,nocoin 聚合拦截域名,block_medium,广告/追踪或恶意通信被拦截；正常站点功能通常不受影响
swiftmining.win,NoCoin,crypto_mining,high,nocoin 聚合拦截域名,block_medium,广告/追踪或恶意通信被拦截；正常站点功能通常不受影响
sxcdn02.now.sh,NoCoin,crypto_mining,high,nocoin 聚合拦截域名,block_medium,广告/追踪或恶意通信被拦截；正常站点功能通常不受影响
sxcdn1.herokuapp.com,NoCoin,crypto_mining,high,nocoin 聚合拦截域名,block_medium,广告/追踪或恶意通信被拦截；正常站点功能通常不受影响
sxcdn4.now.sh,NoCoin,crypto_mining,high,nocoin 聚合拦截域名,block_medium,广告/追踪或恶意通信被拦截；正常站点功能通常不受影响
sxcdn5.herokuapp.com,NoCoin,crypto_mining,high,nocoin 聚合拦截域名,block_medium,广告/追踪或恶意通信被拦截；正常站点功能通常不受影响
sxcdn6.now.sh,NoCoin,crypto_mining,high,nocoin 聚合拦截域名,block_medium,广告/追踪或恶意通信被拦截；正常站点功能通常不受影响
test.minr.pw,NoCoin,crypto_mining,high,nocoin 聚合拦截域名,block_medium,广告/追踪或恶意通信被拦截；正常站点功能通常不受影响
thewhizmarketing.com,NoCoin,crypto_mining,high,nocoin 聚合拦截域名,block_medium,广告/追踪或恶意通信被拦截；正常站点功能通常不受影响
thewhizproducts.com,NoCoin,crypto_mining,high,nocoin 聚合拦截域名,block_medium,广告/追踪或恶意通信被拦截；正常站点功能通常不受影响
thewise.com,NoCoin,crypto_mining,high,nocoin 聚合拦截域名,block_medium,广告/追踪或恶意通信被拦截；正常站点功能通常不受影响
traffic.tc-clicks.com,NoCoin,crypto_mining,high,nocoin 聚合拦截域名,block_medium,广告/追踪或恶意通信被拦截；正常站点功能通常不受影响
trustaproiam.de,NoCoin,crypto_mining,high,nocoin 聚合拦截域名,block_medium,广告/追踪或恶意通信被拦截；正常站点功能通常不受影响
trusteverything.de,NoCoin,crypto_mining,high,nocoin 聚合拦截域名,block_medium,广告/追踪或恶意通信被拦截；正常站点功能通常不受影响
tulip18.com,NoCoin,crypto_mining,high,nocoin 聚合拦截域名,block_medium,广告/追踪或恶意通信被拦截；正常站点功能通常不受影响
uoldid.ru,NoCoin,crypto_mining,high,nocoin 聚合拦截域名,block_medium,广告/追踪或恶意通信被拦截；正常站点功能通常不受影响
us.cfcdist.loan,NoCoin,crypto_mining,high,nocoin 聚合拦截域名,block_medium,广告/追踪或恶意通信被拦截；正常站点功能通常不受影响
vceilinichego.ru,NoCoin,crypto_mining,high,nocoin 聚合拦截域名,block_medium,广告/追踪或恶意通信被拦截；正常站点功能通常不受影响
video.streaming.estream.to,NoCoin,crypto_mining,high,nocoin 聚合拦截域名,block_medium,广告/追踪或恶意通信被拦截；正常站点功能通常不受影响
videoplayer2.xyz,NoCoin,crypto_mining,high,nocoin 聚合拦截域名,block_medium,广告/追踪或恶意通信被拦截；正常站点功能通常不受影响
vkcdnservice.com,NoCoin,crypto_mining,high,nocoin 聚合拦截域名,block_medium,广告/追踪或恶意通信被拦截；正常站点功能通常不受影响
vmi503011.contaboserver.net,NoCoin,crypto_mining,high,nocoin 聚合拦截域名,block_medium,广告/追踪或恶意通信被拦截；正常站点功能通常不受影响
vuryua.ru,NoCoin,crypto_mining,high,nocoin 聚合拦截域名,block_medium,广告/追踪或恶意通信被拦截；正常站点功能通常不受影响
webapi.salamantex.com,NoCoin,crypto_mining,high,nocoin 聚合拦截域名,block_medium,广告/追踪或恶意通信被拦截；正常站点功能通常不受影响
webapi.staging.salamantex.com,NoCoin,crypto_mining,high,nocoin 聚合拦截域名,block_medium,广告/追踪或恶意通信被拦截；正常站点功能通常不受影响
webassembly.stream,NoCoin,crypto_mining,high,nocoin 聚合拦截域名,block_medium,广告/追踪或恶意通信被拦截；正常站点功能通常不受影响
webmine.cz,NoCoin,crypto_mining,high,nocoin 聚合拦截域名,block_medium,广告/追踪或恶意通信被拦截；正常站点功能通常不受影响
webmine.pro,NoCoin,crypto_mining,high,nocoin 聚合拦截域名,block_medium,广告/追踪或恶意通信被拦截；正常站点功能通常不受影响
webminepool.com,NoCoin,crypto_mining,high,nocoin 聚合拦截域名,block_medium,广告/追踪或恶意通信被拦截；正常站点功能通常不受影响
webminerpool.com,NoCoin,crypto_mining,high,nocoin 聚合拦截域名,block_medium,广告/追踪或恶意通信被拦截；正常站点功能通常不受影响
webmining.co,NoCoin,crypto_mining,high,nocoin 聚合拦截域名,block_medium,广告/追踪或恶意通信被拦截；正常站点功能通常不受影响
webxmr.com,NoCoin,crypto_mining,high,nocoin 聚合拦截域名,block_medium,广告/追踪或恶意通信被拦截；正常站点功能通常不受影响
wordc.ga,NoCoin,crypto_mining,high,nocoin 聚合拦截域名,block_medium,广告/追踪或恶意通信被拦截；正常站点功能通常不受影响
wp-monero-miner.de,NoCoin,crypto_mining,high,nocoin 聚合拦截域名,block_medium,广告/追踪或恶意通信被拦截；正常站点功能通常不受影响
wpcdn1.herokuapp.com,NoCoin,crypto_mining,high,nocoin 聚合拦截域名,block_medium,广告/追踪或恶意通信被拦截；正常站点功能通常不受影响
wss.nablabee.com,NoCoin,crypto_mining,high,nocoin 聚合拦截域名,block_medium,广告/追踪或恶意通信被拦截；正常站点功能通常不受影响
wss.rand.com.ru,NoCoin,crypto_mining,high,nocoin 聚合拦截域名,block_medium,广告/追踪或恶意通信被拦截；正常站点功能通常不受影响
wtm.monitoringservice.co,NoCoin,crypto_mining,high,nocoin 聚合拦截域名,block_medium,广告/追踪或恶意通信被拦截；正常站点功能通常不受影响
www.cloudflane.com,NoCoin,crypto_mining,high,nocoin 聚合拦截域名,block_medium,广告/追踪或恶意通信被拦截；正常站点功能通常不受影响
www.coinimp.com,NoCoin,crypto_mining,high,nocoin 聚合拦截域名,block_medium,广告/追踪或恶意通信被拦截；正常站点功能通常不受影响
www.coinimp.net,NoCoin,crypto_mining,high,nocoin 聚合拦截域名,block_medium,广告/追踪或恶意通信被拦截；正常站点功能通常不受影响
www.freecontent.date,NoCoin,crypto_mining,high,nocoin 聚合拦截域名,block_medium,广告/追踪或恶意通信被拦截；正常站点功能通常不受影响
www.freecontent.science,NoCoin,crypto_mining,high,nocoin 聚合拦截域名,block_medium,广告/追踪或恶意通信被拦截；正常站点功能通常不受影响
www.freecontent.stream,NoCoin,crypto_mining,high,nocoin 聚合拦截域名,block_medium,广告/追踪或恶意通信被拦截；正常站点功能通常不受影响
www.freecontent.win,NoCoin,crypto_mining,high,nocoin 聚合拦截域名,block_medium,广告/追踪或恶意通信被拦截；正常站点功能通常不受影响
www.hostcontent.live,NoCoin,crypto_mining,high,nocoin 聚合拦截域名,block_medium,广告/追踪或恶意通信被拦截；正常站点功能通常不受影响
www.hostingcloud.racing,NoCoin,crypto_mining,high,nocoin 聚合拦截域名,block_medium,广告/追踪或恶意通信被拦截；正常站点功能通常不受影响
www.hostingcloud.trade,NoCoin,crypto_mining,high,nocoin 聚合拦截域名,block_medium,广告/追踪或恶意通信被拦截；正常站点功能通常不受影响
www.hostingcloud.win,NoCoin,crypto_mining,high,nocoin 聚合拦截域名,block_medium,广告/追踪或恶意通信被拦截；正常站点功能通常不受影响
www.jquery-cdn.download,NoCoin,crypto_mining,high,nocoin 聚合拦截域名,block_medium,广告/追踪或恶意通信被拦截；正常站点功能通常不受影响
www.jqwww.download,NoCoin,crypto_mining,high,nocoin 聚合拦截域名,block_medium,广告/追踪或恶意通信被拦截；正常站点功能通常不受影响
www.jshosting.party,NoCoin,crypto_mining,high,nocoin 聚合拦截域名,block_medium,广告/追踪或恶意通信被拦截；正常站点功能通常不受影响
www.jshosting.win,NoCoin,crypto_mining,high,nocoin 聚合拦截域名,block_medium,广告/追踪或恶意通信被拦截；正常站点功能通常不受影响
www.monero-miner.com,NoCoin,crypto_mining,high,nocoin 聚合拦截域名,block_medium,广告/追踪或恶意通信被拦截；正常站点功能通常不受影响
www.notmining.org,NoCoin,crypto_mining,high,nocoin 聚合拦截域名,block_medium,广告/追踪或恶意通信被拦截；正常站点功能通常不受影响
www.sparechange.io,NoCoin,crypto_mining,high,nocoin 聚合拦截域名,block_medium,广告/追踪或恶意通信被拦截；正常站点功能通常不受影响
www.verifier.live,NoCoin,crypto_mining,high,nocoin 聚合拦截域名,block_medium,广告/追踪或恶意通信被拦截；正常站点功能通常不受影响
xmr.cool,NoCoin,crypto_mining,high,nocoin 聚合拦截域名,block_medium,广告/追踪或恶意通信被拦截；正常站点功能通常不受影响
xmr.2miners.com,NoCoin,crypto_mining,high,nocoin 聚合拦截域名,block_medium,广告/追踪或恶意通信被拦截；正常站点功能通常不受影响
zymerget.win,NoCoin,crypto_mining,high,nocoin 聚合拦截域名,block_medium,广告/追踪或恶意通信被拦截；正常站点功能通常不受影响
ot.io.mi.com,Xiaomi,cloud_storage,high,小米IoT设备指令与状态通道,allow,
api.io.mi.com,Xiaomi,IoT_core,high,小米IoT核心API,allow,
track.io.mi.com,Xiaomi,analytics,medium,小米数据统计上报,block_soft,远程控制正常;本地控制正常;数据统计停止
ad.xiaomi.com,Xiaomi,advertising_sdk,high,小米广告服务,block_soft,广告推送停止
api.ad.xiaomi.com,Xiaomi,advertising_sdk,high,小米广告归因,block_soft,广告推送停止
sdkconfig.ad.xiaomi.com,Xiaomi,advertising_sdk,high,小米广告SDK配置,block_soft,广告推送停止
a.tuya.com,Tuya Smart,IoT_core,high,涂鸦IoT核心服务,allow,
a2.tuya.com,Tuya Smart,IoT_core,high,涂鸦IoT备用通道,allow,
api.tuya.com,Tuya Smart,IoT_core,high,涂鸦API网关,allow,
mq.gw.tuyacn.com,Tuya Smart,IoT_core,high,涂鸦MQTT消息通道,allow,
a.gw.tuyacn.com,Tuya Smart,IoT_core,high,涂鸦中国区网关,allow,
apigw.tuyacn.com,Tuya Smart,IoT_core,high,涂鸦中国区API,allow,
api-ad.tuya.com,Tuya Smart,advertising_sdk,high,涂鸦广告归因,block_soft,广告推送停止
api.ad.tuya.com,Tuya Smart,advertising_sdk,high,涂鸦广告归因(别名),block_soft,广告推送停止
api-analytics.tuya.com,Tuya Smart,analytics,medium,涂鸦数据分析,block_soft,数据分析停止
n-wap.tplinkcloud.com,TP-Link,IoT_core,high,TP-Link云端服务,allow,
wap.tplinkcloud.com,TP-Link,IoT_core,high,TP-Link云设备发现,allow,
eu-wap.tplinkcloud.com,TP-Link,IoT_core,high,TP-Link欧洲区云,allow,
tapocn.tplink.com,TP-Link,IoT_core,high,Tapo中国区服务,allow,
kasa.tplinkcloud.com,TP-Link,IoT_core,high,Kasa云端服务,allow,
conservation-client.cn-east-3.myhuaweicloud.com,Huawei,IoT_core,high,华为IoT设备管理服务,allow,
iot-mqtts.cn-north-4.myhuaweicloud.com,Huawei,IoT_core,high,华为IoT MQTT通道,allow,
device-connector.cn-north-4.myhuaweicloud.com,Huawei,IoT_core,high,华为设备连接服务,allow,
agc-data.cn-north-4.myhuaweicloud.com,Huawei,analytics,medium,华为分析服务,block_soft,数据统计停止
dueros.baidu.com,Baidu,IoT_core,high,小度语音交互服务,allow,
xiaodu.baidu.com,Baidu,IoT_core,high,小度设备服务,allow,
hm.baidu.com,Baidu,analytics,medium,百度统计(移动),block_soft,数据统计停止
hmma.baidu.com,Baidu,analytics,medium,百度移动统计,block_soft,数据统计停止
iot-as-mqtt.cn-shanghai.aliyuncs.com,Alibaba Cloud,IoT_core,high,阿里云IoT MQTT,allow,
iot-auth.cn-shanghai.aliyuncs.com,Alibaba Cloud,IoT_core,high,阿里云IoT认证,allow,
ali.genie.tmall.com,Alibaba Cloud,IoT_core,high,天猫精灵设备通道,allow,
iotcloud-mqtt.tencentdevices.com,Tencent Cloud,IoT_core,high,腾讯云IoT MQTT,allow,
iotcloud-ota.tencentdevices.com,Tencent Cloud,IoT_core,high,腾讯云IoT OTA升级,allow,
api.ys7.com,Ezviz (Hikvision),cloud_storage,high,萤石云视频服务,allow,
passport.ys7.com,Ezviz (Hikvision),IoT_core,high,萤石账号认证,allow,
ilink.ys7.com,Ezviz (Hikvision),IoT_core,high,萤石设备连接,allow,
open.ys7.com,Ezviz (Hikvision),IoT_core,high,萤石开放平台,allow,
admin.lechange.com,Dahua,cloud_storage,high,乐橙云视频服务,allow,
passport.lechange.com,Dahua,IoT_core,high,乐橙账号认证,allow,
appcloud.360.cn,Qihoo 360,cloud_storage,high,360智能设备云服务,allow,
appcloud.api.360.cn,Qihoo 360,cloud_storage,high,360设备API,allow,
mpush.midea.com,Midea,IoT_core,high,美的推送服务,allow,
msmart.meizu.com,Meizu (魅族),IoT_core,high,魅族mSmart设备通道,allow,
haier.net,Haier,IoT_core,high,海尔U+平台,allow,
smart-home.api.haier.net,Haier,IoT_core,high,海尔智慧家API,allow,
api.broadlink.com.cn,Broadlink,IoT_core,high,Broadlink设备服务,allow,
blz.cloudcmdb.broadlink.com.tw,Broadlink,IoT_core,high,Broadlink云服务,allow,
awag.tmall.com,Alibaba Cloud,IoT_core,high,天猫精灵音箱,allow,
lbs.netease.im,NetEase,IoT_core,medium,网易音箱服务,allow,
xiaomi.speech.ai,Xiaomi,machine_learning,medium,小米语音AI处理,block_medium,语音助手可能受限
umeng.com,Alibaba,analytics,high,友盟数据统计,block_soft,数据统计停止
umengcloud.com,Alibaba,analytics,high,友盟云服务,block_soft,数据统计停止
umeng.com.cn,Alibaba,analytics,high,友盟中国,block_soft,数据统计停止
cnzz.com,Alibaba,analytics,medium,CNZZ统计(友盟旗下),block_soft,统计停止
talkingdata.com,TalkingData,analytics,high,TalkingData移动统计,block_soft,数据统计停止
talkingdata.net,TalkingData,analytics,high,TalkingData网络,block_soft,数据统计停止
mob.com,MobTech,analytics,high,MobTech分享/统计SDK,block_soft,分享功能可能受限;统计停止
umengjs.com,Alibaba,analytics,medium,友盟JS统计,block_soft,统计停止
jpush.cn,Jiguang,analytics,high,极光推送,block_soft,推送通知停止
jpushapi.com,Jiguang,analytics,high,极光推送API,block_soft,推送通知停止
getui.com,Getui,analytics,high,个推推送服务,block_soft,推送通知停止
getui.com.cn,Getui,analytics,high,个推中国,block_soft,推送通知停止
xiaomi.push.com,Xiaomi,analytics,high,小米推送,block_soft,推送通知停止
oppo.push.com,OPPO,analytics,high,OPPO推送,block_soft,推送通知停止
vivo.push.com,Vivo,analytics,high,Vivo推送,block_soft,推送通知停止
hms.push.com,Huawei,analytics,high,华为推送,block_soft,推送通知停止
mipush.xiaomi.com,Xiaomi,analytics,high,小米推送服务,block_soft,推送通知停止
tracksdk.snssdk.com,ByteDance,advertising_sdk,high,字节跳动追踪SDK,block_soft,广告归因停止
log-sdk.pangolin-sdk-toutiao.com,ByteDance,advertising_sdk,high,穿山甲广告SDK,block_soft,广告停止
adservice.google.com,Google,advertising_sdk,high,Google广告服务,block_soft,广告停止
googleads.g.doubleclick.net,Google,advertising_sdk,high,DoubleClick广告,block_soft,广告停止
pagead2.googleadservices.com,Google,advertising_sdk,high,Google广告转化追踪,block_soft,广告追踪停止
pixel.facebook.com,Meta,advertising_sdk,high,Facebook像素追踪,block_soft,追踪停止
analytics.tiktok.com,ByteDance,analytics,high,TikTok分析,block_soft,分析停止
data.flurry.com,Yahoo,analytics,high,Flurry移动分析,block_soft,分析停止
api.umeng.com,Alibaba,analytics,high,友盟API,block_soft,分析停止
sentry.io,Sentry,analytics,medium,错误监控上报,block_soft,错误上报停止
bugly.qq.com,Tencent,analytics,high,腾讯Bugly崩溃上报,block_soft,崩溃上报停止
bugly.qq.com.cn,Tencent,analytics,high,Bugly中国,block_soft,崩溃上报停止
datacollector.qq.com,Tencent,analytics,medium,腾讯数据收集,block_soft,数据收集停止
datacollector.qq.com.cn,Tencent,analytics,medium,腾讯数据收集中国,block_soft,数据收集停止
cdn.iot.qq.com,Tencent Cloud,cdn,high,腾讯云IoT CDN,allow,
cdn.tuya.com,Tuya Smart,cdn,high,涂鸦CDN,allow,
cdn.aliyun.com,Alibaba Cloud,cdn,high,阿里云CDN,allow,
cdn.myqcloud.com,Tencent Cloud,cdn,high,腾讯云CDN,allow,
cdn.bcebos.com,Baidu Cloud,cdn,high,百度云CDN,allow,
cdn.jsdelivr.net,jsDelivr,cdn,high,开源CDN,allow,
unpkg.com,Cloudflare,cdn,high,开源CDN,allow,
cdnjs.cloudflare.com,Cloudflare,cdn,high,Cloudflare CDN,allow,
ntp.aliyun.com,Alibaba Cloud,telemetry,low,阿里云NTP,allow,
ntp.tencent.com,Tencent Cloud,telemetry,low,腾讯云NTP,allow,
ntp.tuna.tsinghua.edu.cn,Tsinghua University,telemetry,low,清华TUNA NTP,allow,
pool.ntp.org,Pool Project,telemetry,low,NTP公共池,allow,
ota.tuya.com,Tuya Smart,IoT_core,medium,涂鸦OTA升级,allow,
ota.mi.com,Xiaomi,IoT_core,medium,小米OTA升级,allow,
firmware.ys7.com,Ezviz (Hikvision),IoT_core,medium,萤石固件升级,allow,
upgrade.tplink.com,TP-Link,IoT_core,medium,TP-Link固件升级,allow,
firmware.kasa.com,TP-Link,IoT_core,medium,Kasa固件升级,allow,
api.upgrade.mi.com,Xiaomi,IoT_core,medium,小米升级API,allow,
mi.com,Xiaomi,IoT_core,high,小米主域名（设备/账号/云服务）,allow,
xiaomi.com,Xiaomi,IoT_core,high,小米国际与官网域名,allow,
tuya.com,Tuya Smart,IoT_core,high,涂鸦智能主域名,allow,
tuyacn.com,Tuya Smart,IoT_core,high,涂鸦中国区主域名,allow,
tplink.com,TP-Link,IoT_core,high,TP-Link主域名,allow,
huawei.com,Huawei,IoT_core,high,华为主域名（HiLink/智能家居）,allow,
hisilicon.com,Huawei,IoT_core,medium,海思芯片相关云服务,allow,
myhuaweicloud.com,Huawei,IoT_core,high,华为云IoT域名,allow,
tmall.com,Alibaba Cloud,IoT_core,high,天猫/天猫精灵域名,allow,
tencentdevices.com,Tencent Cloud,IoT_core,high,腾讯云IoT主域名,allow,
hisense.com,Hisense (海信),IoT_core,high,海信智能设备服务,allow,
tcl.com,TCL (TCL),IoT_core,medium,TCL智能设备/电视服务,allow,
changhong.com,Changhong (长虹),IoT_core,medium,长虹智能设备服务,allow,
skyworth.com,Skyworth (创维),IoT_core,medium,创维智能设备服务,allow,
gree.com,Gree (格力),IoT_core,medium,格力智能家电服务,allow,
midea.com,Midea (美的),IoT_core,high,美的智能家电服务,allow,
roborock.com,Roborock (石头科技),IoT_core,high,石头扫地机器人服务,allow,
ecovacs.com,Ecovacs (科沃斯),IoT_core,high,科沃斯扫地机器人服务,allow,
dji.com,DJI (大疆),IoT_core,high,大疆无人机/手持设备服务,allow,
ninebot.com,Ninebot (九号),IoT_core,high,九号平衡车/滑板车服务,allow,
aqara.com,Aqara (绿米),IoT_core,high,Aqara绿米智能设备服务,allow,
yeelight.com,Yeelight (易来),IoT_core,high,Yeelight智能照明服务,allow,
viomi.com,Viomi (云米),IoT_core,high,云米智能家电服务,allow,
orvibo.com,Orvibo (欧瑞博),IoT_core,high,欧瑞博智能家居服务,allow,
jd.com,JD (京东),IoT_core,high,京东主域名,allow,
jdsmart.com,JD (京东微联),IoT_core,high,京东微联设备服务,allow,
jddc.jd.com,JD (京东微联),IoT_core,high,京东微联数据通道,allow,
suning.com,Suning (苏宁),IoT_core,medium,苏宁智能设备服务,allow,
meizu.com,Meizu (魅族),IoT_core,medium,魅族智能设备/推送服务,allow,
iflytek.com,iFlytek (科大讯飞),machine_learning,medium,讯飞语音与AI服务,block_medium,语音助手可能受限
gdt.qq.com,Tencent (广点通),advertising_sdk,high,腾讯广点通广告,block_soft,广告停止
ad.qq.com,Tencent,advertising_sdk,high,腾讯广告服务,block_soft,广告停止
cpro.baidu.com,Baidu (百度联盟),advertising_sdk,high,百度联盟广告,block_soft,广告停止
union.baidu.com,Baidu (百度联盟),advertising_sdk,high,百度联盟,block_soft,广告停止
tanx.com,Alibaba (阿里妈妈),advertising_sdk,high,阿里妈妈tanx广告,block_soft,广告停止
ad.360.cn,Qihoo 360 (360广告),advertising_sdk,high,360广告服务,block_soft,广告停止
kuaishou.com,Kuaishou (快手),analytics,medium,快手统计与广告,block_soft,统计停止
pinduoduo.com,Pinduoduo (拼多多),analytics,medium,拼多多数据上报,block_soft,统计停止
iqiyi.com,iQiyi (爱奇艺),cdn,medium,爱奇艺内容CDN,allow,
youku.com,Youku (优酷),cdn,medium,优酷内容CDN,allow,
v.qq.com,Tencent (腾讯视频),cdn,medium,腾讯视频内容分发,allow,
github.com,GitHub (Microsoft),developer_service,high,GitHub 主站,allow,
githubusercontent.com,GitHub (Microsoft),developer_service,high,GitHub 内容托管（raw/objects/gist 子域）,allow,
githubassets.com,GitHub (Microsoft),developer_service,high,GitHub 静态资源,allow,
github.io,GitHub (Microsoft),developer_service,high,GitHub Pages,allow,
jsdelivr.net,jsDelivr,cdn,high,开源CDN（cdn/fastly/data 等子域统一归属）,allow,
ipify.org,ipify,telemetry,high,公网IP回显（DDNS/联网检查常用）,allow,
ip.sb,ip.sb,telemetry,medium,公网IP回显服务（api.ip.sb 等）,allow,
qcloud.com,Tencent (腾讯云),cloud_storage,high,腾讯云（im.qcloud.com 等子域）,allow,
ardot.tencent.com,Tencent (腾讯),developer_service,high,腾讯 Ardot 设计工具（tencent.com 子域，归属确定）,allow,
workbuddy.cn,WorkBuddy,developer_service,medium,WorkBuddy 官方域名（static 等子域为静态资源）,allow,
ipip.net,IPIP.net,telemetry,medium,公网IP回显（myip.ipip.net），IP 地理数据服务商,allow,
kspeeder.com,Linkease (iStoreOS生态),cdn,medium,Docker镜像/下载加速服务（KSpeeder，iStoreOS 团队开发）,allow,
gh.idayer.com,GitHub加速镜像（社区）,cdn,low,GitHub文件加速代理（第三方社区服务，与GitHub无隶属，归属易变）,allow,
ghfast.top,GitHub加速镜像（社区）,cdn,low,GitHub加速代理（第三方社区服务，与GitHub无隶属，归属易变）,allow,
gh-proxy.com,GitHub加速镜像（社区）,cdn,low,GitHub加速代理（gh-proxy开源项目公共实例，归属易变）,allow,
ghproxy.monkeyray.net,GitHub加速镜像（社区）,cdn,low,自建GitHub加速代理（第三方，归属易变）,allow,
gh.monlor.com,GitHub加速镜像（社区）,cdn,low,自建GitHub加速代理（第三方，归属易变）,allow,
gh.jasonzeng.dev,GitHub加速镜像（社区）,cdn,low,自建GitHub加速代理（第三方，归属易变）,allow,
ghm.078465.xyz,GitHub加速镜像（社区）,cdn,low,自建GitHub加速代理（第三方，归属易变）,allow,
git.yylx.win,GitHub加速镜像（社区）,cdn,low,自建GitHub加速代理（第三方，归属易变）,allow,
github.tbap.top,GitHub加速镜像（社区）,cdn,low,自建GitHub加速代理（第三方，归属易变）,allow,
open.iot.10086.cn,China Mobile (中移物联网/OneNET),IoT_core,high,中移物联网OneNET开放API,allow,
api.heclouds.com,China Mobile (中移物联网/OneNET),IoT_core,high,中移物联网OneNET设备接入,allow,
iot.ctwing.cn,China Telecom (天翼物联/CTWing),IoT_core,high,天翼物联设备接入平台,allow,
ctwing.cn,China Telecom (天翼物联/CTWing),IoT_core,medium,天翼物联平台门户,allow,
dreame.tech,Dreame (追觅),IoT_core,high,追觅智能设备主域名,allow,
api.dreame.tech,Dreame (追觅),IoT_core,high,追觅智能设备服务,allow,
narwal.com,Narwal (云鲸),IoT_core,medium,云鲸智能清洁设备服务,allow,
tineco.com,Tineco (添可),IoT_core,medium,添可智能清洁设备,allow,
kaadas.com,Kaadas (凯迪仕),IoT_core,medium,凯迪仕智能门锁服务,allow,
loock.com,Loock (鹿客),IoT_core,medium,鹿客智能门锁服务,allow,
konka.com,Konka (康佳),IoT_core,medium,康佳智能设备服务,allow,
opple.com,OPPLE (欧普照明),IoT_core,medium,欧普智能照明服务,allow,
meethue.com,Signify (飞利浦 Hue),IoT_core,medium,飞利浦Hue智能照明桥接服务,allow,
bull.com.cn,BULL (公牛),IoT_core,low,公牛智能插座/开关服务,allow,
panasonic.com,Panasonic (松下),IoT_core,low,松下智能设备服务,allow,
dyson.com,Dyson (戴森),IoT_core,low,戴森智能设备服务,allow,
sony.com,Sony (索尼),IoT_core,low,索尼智能设备/电视服务,allow,
lgthinq.com,LG (LG ThinQ),IoT_core,low,LG ThinQ智能家电服务,allow,
samsung.com,Samsung (三星),IoT_core,low,三星SmartThings/家电服务,allow,
ikea.com,IKEA (宜家),IoT_core,low,宜家Tradfri智能照明,allow,
home-connect.com,BSH (博世/西门子),IoT_core,low,博世西门子Home Connect家电,allow,
yitechnology.com,Yi (小蚁),IoT_core,medium,小蚁摄像头设备服务,allow,
lenovomm.com,Lenovo (联想),IoT_core,medium,联想推送/设备服务,allow,
nubia.com,Nubia (努比亚),IoT_core,low,努比亚设备服务,allow,
honor.com,Honor (荣耀),IoT_core,medium,荣耀智能设备/账号服务,allow,
cloud.honor.com,Honor (荣耀),IoT_core,medium,荣耀云服务,allow,
restapi.amap.com,Alibaba (高德地图),developer_service,medium,高德地图API（定位/导航SDK）,allow,
apis.map.qq.com,Tencent (腾讯地图),developer_service,medium,腾讯地图API（定位SDK）,allow,
loc.map.baidu.com,Baidu (百度地图),developer_service,medium,百度地图定位SDK,allow,
api.map.baidu.com,Baidu (百度地图),developer_service,medium,百度地图API,allow,
oss-cn-hangzhou.aliyuncs.com,Alibaba Cloud (阿里云OSS),cloud_storage,medium,阿里云对象存储（设备媒体上传）,allow,
cos.ap-guangzhou.myqcloud.com,Tencent Cloud (腾讯云COS),cloud_storage,medium,腾讯云对象存储（设备媒体上传）,allow,
bcs.baidubce.com,Baidu Cloud (百度云BOS),cloud_storage,low,百度云对象存储,allow,
qiniu.com,Qiniu (七牛云),cloud_storage,low,七牛云主域名,allow,
up.qiniu.com,Qiniu (七牛云),cloud_storage,low,七牛云上传端点,allow,
ximalaya.com,Ximalaya (喜马拉雅),cdn,low,喜马拉雅音频内容（智能音箱）,allow,
music.163.com,NetEase (网易云音乐),cdn,low,网易云音乐内容（智能音箱）,allow,
*.icloud.com,Apple,cloud_storage,high,苹果iCloud云备份与同步,allow,
*.apple.com,Apple,os_update,high,苹果服务（系统/软件更新与iCloud）,allow,
*.googleapis.com,Google,cdn,high,谷歌API与云存储端点,allow,
*.google.com,Google,search,high,谷歌搜索与核心服务,allow,
*.microsoft.com,Microsoft,os_update,high,微软服务（Windows更新与OneDrive）,allow,
*.windowsupdate.com,Microsoft,os_update,high,Windows系统更新端点,allow,
*.amazonaws.com,Amazon,cdn,high,亚马逊AWS云,allow,
*.cloudfront.net,Amazon,cdn,high,CloudFront CDN,allow,
*.cloudflare.com,Cloudflare,cdn,high,Cloudflare CDN,allow,
*.gstatic.com,Google,cdn,high,谷歌静态资源CDN,allow,
*.googleusercontent.com,Google,cdn,high,谷歌用户内容CDN,allow,
*.googlevideo.com,Google,cdn,high,谷歌视频CDN(YouTube),allow,
*.ytimg.com,Google,cdn,high,YouTube图片CDN,allow,
*.ggpht.com,Google,cdn,medium,谷歌图片CDN,allow,
*.azureedge.net,Microsoft,cdn,high,Azure CDN边缘,allow,
*.blob.core.windows.net,Microsoft,cloud_storage,high,Azure Blob存储,allow,
*.azure.com,Microsoft,cloud,high,Azure云服务,allow,
*.akamai.net,Akamai,cdn,high,Akamai CDN,allow,
*.akamaihd.net,Akamai,cdn,high,Akamai高清CDN,allow,
*.akamaized.net,Akamai,cdn,high,Akamai CDN别名,allow,
*.fastly.net,Fastly,cdn,high,Fastly CDN,allow,
*.fastlylb.net,Fastly,cdn,high,Fastly负载均衡,allow,
*.r2.cloudflarestorage.com,Cloudflare,cloud_storage,high,Cloudflare R2存储,allow,
*.cloudflare.net,Cloudflare,cdn,high,Cloudflare CDN,allow,
*.linode.com,Linode,cloud,high,Linode云,allow,
*.digitalocean.com,DigitalOcean,cloud,high,DigitalOcean云,allow,
*.digitaloceanspaces.com,DigitalOcean,cloud_storage,high,Spaces对象存储,allow,
*.hetzner.com,Hetzner,cloud,high,Hetzner云,allow,
*.hetzner.cloud,Hetzner,cloud,high,Hetzner Cloud,allow,
*.vultr.com,Vultr,cloud,high,Vultr云,allow,
*.ovh.net,OVH,cloud,high,OVH云,allow,
*.ovh.com,OVH,cloud,high,OVH云,allow,
*.oracle.com,Oracle,cloud,high,Oracle云,allow,
*.ocicdn.com,Oracle,cdn,high,Oracle CDN,allow,
*.aliyuncs.com,Alibaba,cloud_storage,high,阿里云OSS/CDN,allow,
*.aliyun.com,Alibaba,cdn,high,阿里云CDN,allow,
*.qcloud.com,Tencent,cloud,high,腾讯云,allow,
*.tencentcloudapi.com,Tencent,cloud,high,腾讯云API,allow,
*.myhuaweicloud.com,Huawei,cloud,high,华为云,allow,
*.qiniu.com,Qiniu,cdn,high,七牛云CDN,allow,
*.upaiyun.com,UPYun,cdn,high,又拍云CDN,allow,
*.baidubce.com,Baidu,cloud,high,百度云,allow,
*.ucloud.cn,UCloud,cloud,high,UCloud,allow,
*.ksyun.com,Kingsoft,cloud,high,金山云,allow,
*.jdcloud.com,JD,cloud,high,京东云,allow,
*.ctyun.cn,ChinaTelecom,cloud,high,天翼云,allow,
*.doubleclick.net,Google,advertising_sdk,high,谷歌DoubleClick广告与追踪,block_soft,广告停止；站点功能通常不受影响
*.googlesyndication.com,Google,advertising_sdk,high,谷歌广告联盟,block_soft,广告停止
*.googleadservices.com,Google,advertising_sdk,high,谷歌广告转化追踪,block_soft,广告归因停止
*.googletagmanager.com,Google,analytics,medium,谷歌标签管理(常载追踪脚本),block_soft,标签脚本停止
*.google-analytics.com,Google,analytics,high,谷歌流量统计,block_soft,统计停止
analytics.google.com,Google,analytics,high,谷歌分析端点,block_soft,统计停止
connect.facebook.net,Meta,tracker,high,脸书社交插件跨站追踪,block_soft,跨站追踪停止
*.fbcdn.net,Meta,cdn,high,脸书CDN,allow,
*.scorecardresearch.com,Comscore,analytics,high,Comscore流量统计,block_soft,统计停止
*.quantserve.com,Quantcast,analytics,high,Quantcast受众分析,block_soft,统计停止
*.criteo.com,Criteo,advertising_sdk,high,Criteo再营销广告,block_soft,广告停止
*.criteo.net,Criteo,advertising_sdk,high,Criteo广告网络,block_soft,广告停止
*.adnxs.com,Xandr,advertising_sdk,high,AppNexus广告交易,block_soft,广告停止
*.rubiconproject.com,Magnite,advertising_sdk,high,Rubicon广告交易,block_soft,广告停止
*.pubmatic.com,PubMatic,advertising_sdk,high,PubMatic广告交易,block_soft,广告停止
*.openx.net,OpenX,advertising_sdk,high,OpenX广告交易,block_soft,广告停止
*.taboola.com,Taboola,advertising_sdk,high,Taboola原生广告,block_soft,广告停止
*.outbrain.com,Outbrain,advertising_sdk,high,Outbrain原生广告,block_soft,广告停止
*.hotjar.com,Hotjar,analytics,high,Hotjar会话录制,block_soft,录制停止
*.mixpanel.com,Mixpanel,analytics,high,Mixpanel产品分析,block_soft,分析停止
*.segment.io,Segment,analytics,high,Segment数据管道,block_soft,数据上报停止
*.amplitude.com,Amplitude,analytics,high,Amplitude行为分析,block_soft,分析停止
*.fullstory.com,FullStory,analytics,high,FullStory会话回放,block_soft,回放停止
*.optimizely.com,Optimizely,analytics,medium,Optimizely A/B测试,block_soft,实验停止
*.branch.io,Branch,tracker,high,Branch深度链接追踪,block_soft,追踪停止
*.appsflyer.com,AppsFlyer,tracker,high,AppsFlyer归因追踪,block_soft,归因停止
*.adjust.com,Adjust,tracker,high,Adjust移动归因,block_soft,归因停止
*.flurry.com,Yahoo,analytics,high,Flurry移动分析,block_soft,分析停止
*.newrelic.com,NewRelic,telemetry,medium,New Relic应用监控,allow,
*.datadog.com,Datadog,telemetry,medium,Datadog监控,allow,
*.heap.io,Heap,analytics,high,Heap分析,block_soft,分析停止
*.kissmetrics.com,KISSmetrics,analytics,high,KISSmetrics,block_soft,分析停止
*.chartbeat.com,Chartbeat,analytics,high,Chartbeat阅读分析,block_soft,分析停止
*.adroll.com,AdRoll,advertising_sdk,high,AdRoll再营销,block_soft,广告停止
*.bidswitch.net,BidSwitch,advertising_sdk,high,BidSwitch广告交易,block_soft,广告停止
*.adform.net,Adform,advertising_sdk,high,Adform广告,block_soft,广告停止
*.adsrvr.org,TheTradeDesk,advertising_sdk,high,TheTradeDesk广告,block_soft,广告停止
*.mathtag.com,MillwardBrown,advertising_sdk,high,MillwardBrown广告,block_soft,广告停止
*.liadm.com,LiveIntent,advertising_sdk,high,LiveIntent广告,block_soft,广告停止
*.statcounter.com,StatCounter,analytics,high,StatCounter访问统计,block_soft,统计停止
*.histats.com,Histats,analytics,medium,Histats统计,block_soft,统计停止
*.etracker.com,etracker,analytics,high,etracker分析,block_soft,分析停止
*.xiti.com,ATInternet,analytics,high,ATInternet分析,block_soft,分析停止
*.mc.yandex.ru,Yandex,analytics,high,Яндекс.Метрика,block_soft,统计停止
*.hm.baidu.com,Baidu,analytics,high,百度统计,block_soft,统计停止
*.cnzz.com,Umeng,analytics,high,CNZZ(友盟)统计,block_soft,统计停止
*.umeng.com,Umeng,analytics,high,友盟分析,block_soft,分析停止
*.tajs.qq.com,Tencent,analytics,high,腾讯分析,block_soft,统计停止
*.doubleverify.com,DoubleVerify,advertising_sdk,medium,广告验证,block_soft,验证停止
*.moatads.com,Oracle,advertising_sdk,medium,广告可见性测量,block_soft,测量停止
*.integralads.com,IntegralAdScience,advertising_sdk,medium,广告质量测量,block_soft,测量停止
*.plista.com,plista,advertising_sdk,medium,plista推荐广告,block_soft,广告停止
*.weborama.com,Weborama,advertising_sdk,medium,Weborama广告,block_soft,广告停止
*.teads.tv,Teads,advertising_sdk,high,Teads视频广告,block_soft,广告停止
*.spotx.tv,SpotX,advertising_sdk,high,SpotX视频广告,block_soft,广告停止
*.freewheel.tv,FreeWheel,advertising_sdk,high,FreeWheel视频广告,block_soft,广告停止
*.smartadserver.com,Smart,advertising_sdk,high,Smart广告,block_soft,广告停止
*.yieldmo.com,Yieldmo,advertising_sdk,medium,Yieldmo广告,block_soft,广告停止
*.crimtan.com,Crimtan,advertising_sdk,medium,Crimtan广告,block_soft,广告停止
*.exelator.com,Neustar,advertising_sdk,medium,Neustar广告数据,block_soft,数据停止
*.tapad.com,Tapad,advertising_sdk,high,Tapad跨设备广告,block_soft,广告停止
*.rlcdn.com,RhythmOne,advertising_sdk,medium,RhythmOne广告,block_soft,广告停止
*.nexac.com,Neustar,advertising_sdk,medium,IP广告定位,block_soft,定位停止
*.id5-sync.com,ID5,advertising_sdk,medium,ID5身份同步,block_soft,同步停止
*.adx.de,AxelSpringer,advertising_sdk,medium,AxelSpringer广告,block_soft,广告停止
*.adscale.de,AdScale,advertising_sdk,medium,AdScale广告,block_soft,广告停止
*.mzstatic.com,Apple,cdn,high,苹果内容分发(App Store/iTunes),allow,
*.apple-cloudkit.com,Apple,cloud,high,苹果CloudKit,allow,
*.push.apple.com,Apple,iot_core,high,苹果APNs推送,allow,
*.aaplimg.com,Apple,cdn,medium,苹果图片CDN,allow,
*.swscan.apple.com,Apple,os_update,high,苹果软件更新元数据,allow,
*.swdist.apple.com,Apple,os_update,high,苹果软件分发,allow,
*.mesu.apple.com,Apple,os_update,high,苹果OTA更新,allow,
*.appldnld.apple.com,Apple,os_update,high,苹果固件下载,allow,
*.icloud.com.cn,Apple,cloud_storage,medium,苹果中国iCloud,allow,
time.apple.com,Apple,system_update,high,苹果NTP时间服务,allow,
*.googleapis.cn,Google,developer_service,medium,谷歌中国API,allow,
*.gvt1.com,Google,cdn,high,YouTube/Google视频CDN,allow,
*.gvt2.com,Google,cdn,high,Google服务CDN,allow,
*.android.com,Google,os_update,high,Android系统与更新,allow,
*.dl.google.com,Google,app_update,high,谷歌下载分发,allow,
*.googleplay.com,Google,app_update,high,Google Play商店,allow,
*.youtube.com,Google,ott,high,YouTube,allow,
*.gmail.com,Google,email,high,Gmail,allow,
*.googlemail.com,Google,email,medium,Google Mail别名,allow,
*.googledrive.com,Google,cloud_storage,high,Google Drive,allow,
*.docs.google.com,Google,cloud,high,谷歌文档,allow,
*.maps.google.com,Google,map,high,谷歌地图,allow,
*.mtalk.google.com,Google,iot_core,high,谷歌Firebase云消息FCM,allow,
*.firebaseio.com,Google,developer_service,high,Firebase,allow,
*.drive.google.com,Google,cloud_storage,high,Google Drive,allow,
time.google.com,Google,system_update,high,谷歌NTP时间服务,allow,
*.windows.com,Microsoft,os_update,high,Windows服务与更新,allow,
*.windows.net,Microsoft,cloud,high,Azure服务域名,allow,
*.windowsazure.com,Microsoft,cloud,high,Azure旧域名,allow,
*.microsoftonline.com,Microsoft,cloud,high,微软在线服务Entra ID,allow,
*.live.com,Microsoft,cloud,high,微软账户服务,allow,
*.office.com,Microsoft,cloud,high,Microsoft 365/Office,allow,
*.office365.com,Microsoft,cloud,high,Office 365,allow,
*.onedrive.com,Microsoft,cloud_storage,high,OneDrive云存储,allow,
*.skype.com,Microsoft,voip,high,Skype,allow,
*.xboxlive.com,Microsoft,gaming,high,Xbox Live,allow,
*.xbox.com,Microsoft,gaming,high,Xbox,allow,
*.bing.com,Microsoft,search,high,必应搜索,allow,
*.msn.com,Microsoft,news,medium,MSN门户,allow,
*.outlook.com,Microsoft,email,high,Outlook邮件,allow,
*.hotmail.com,Microsoft,email,high,Hotmail,allow,
*.update.microsoft.com,Microsoft,os_update,high,Windows Update,allow,
*.download.microsoft.com,Microsoft,os_update,high,微软下载,allow,
*.delivery.mp.microsoft.com,Microsoft,os_update,high,微软内容分发更新,allow,
time.windows.com,Microsoft,system_update,high,微软NTP时间服务,allow,
*.wns.windows.com,Microsoft,iot_core,high,Windows推送通知,allow,
*.amazon.com,Amazon,shopping,high,亚马逊,allow,
*.aws.amazon.com,Amazon,cloud,high,AWS控制台,allow,
*.primevideo.com,Amazon,ott,high,Prime Video,allow,
*.amazonvideo.com,Amazon,ott,high,Amazon Video,allow,
*.music.amazon.com,Amazon,ott,medium,亚马逊音乐,allow,
*.alexa.amazon.com,Amazon,iot_core,high,Alexa语音服务,allow,
*.echo.amazon.com,Amazon,iot_core,high,Echo设备,allow,
*.avs-alexa.com,Amazon,iot_core,high,Alexa Voice Service端点,allow,
*.audible.com,Amazon,ott,medium,Audible有声书,allow,
*.twitch.tv,Amazon,social,high,Twitch直播,allow,
*.facebook.com,Meta,social,high,Facebook,allow,
*.instagram.com,Meta,social,high,Instagram,allow,
*.whatsapp.com,Meta,messaging,high,WhatsApp,allow,
*.whatsapp.net,Meta,messaging,high,WhatsApp媒体,allow,
*.messenger.com,Meta,messaging,high,Messenger,allow,
*.fb.me,Meta,social,medium,Facebook短链,allow,
*.netflix.com,Netflix,ott,high,Netflix,allow,
*.nflx.net,Netflix,cdn,high,Netflix CDN,allow,
*.nflximg.net,Netflix,cdn,high,Netflix图片CDN,allow,
*.nflxvideo.net,Netflix,cdn,high,Netflix视频CDN,allow,
*.nflxext.com,Netflix,cdn,medium,Netflix外部资源,allow,
*.spotify.com,Spotify,ott,high,Spotify,allow,
*.scdn.co,Spotify,cdn,high,Spotify CDN,allow,
*.tiktok.com,TikTok,social,high,TikTok,allow,
*.tiktokcdn.com,TikTok,cdn,high,TikTok CDN,allow,
*.byteoversea.com,TikTok,cdn,medium,TikTok/Bytedance海外CDN,allow,
*.bytedance.com,ByteDance,cloud,high,字节跳动,allow,
*.bytecdn.com,ByteDance,cdn,high,字节跳动CDN,allow,
*.douyin.com,ByteDance,social,high,抖音,allow,
*.amemv.com,ByteDance,social,medium,抖音早期域名,allow,
*.toutiao.com,ByteDance,news,high,今日头条,allow,
*.pstatp.com,ByteDance,news,medium,头条CDN,allow,
*.ixigua.com,ByteDance,ott,medium,西瓜视频,allow,
*.qq.com,Tencent,social,high,腾讯QQ,allow,
*.wechat.com,Tencent,messaging,high,微信,allow,
*.weixin.qq.com,Tencent,messaging,high,微信后台,allow,
*.weixinbridge.com,Tencent,messaging,medium,微信桥接,allow,
*.qlogo.cn,Tencent,cdn,medium,腾讯头像CDN,allow,
*.gtimg.com,Tencent,cdn,high,腾讯CDN,allow,
*.myqcloud.com,Tencent,cloud_storage,high,腾讯云COS,allow,
*.tencent.com,Tencent,cloud,high,腾讯云/服务,allow,
*.qzone.qq.com,Tencent,social,medium,QQ空间,allow,
*.mail.qq.com,Tencent,email,high,QQ邮箱,allow,
*.foxmail.com,Tencent,email,medium,Foxmail,allow,
*.weibo.com,Sina,social,high,新浪微博,allow,
*.sina.com.cn,Sina,news,high,新浪,allow,
*.sinajs.cn,Sina,cdn,medium,新浪JS CDN,allow,
*.weibocdn.com,Sina,cdn,medium,微博CDN,allow,
*.taobao.com,Alibaba,shopping,high,淘宝,allow,
*.tmall.com,Alibaba,shopping,high,天猫,allow,
*.alipay.com,Ant,finance,high,支付宝,allow,
*.alipayobjects.com,Ant,cdn,high,支付宝CDN,allow,
*.alicdn.com,Alibaba,cdn,high,阿里CDN,allow,
*.taobaocdn.com,Alibaba,cdn,medium,淘宝CDN,allow,
*.tbcdn.cn,Alibaba,cdn,medium,淘宝CDN,allow,
*.alimama.com,Alibaba,advertising_sdk,medium,阿里妈妈广告,block_soft,广告停止
*.baidu.com,Baidu,search,high,百度,allow,
*.bdimg.com,Baidu,cdn,high,百度图片CDN,allow,
*.baidustatic.com,Baidu,cdn,medium,百度静态CDN,allow,
*.shifen.com,Baidu,search,medium,百度搜索,allow,
*.baiducdn.com,Baidu,cdn,medium,百度CDN,allow,
*.map.baidu.com,Baidu,map,high,百度地图,allow,
*.pan.baidu.com,Baidu,cloud_storage,high,百度网盘,allow,
*.tieba.baidu.com,Baidu,social,medium,百度贴吧,allow,
*.jd.com,JD,shopping,high,京东,allow,
*.360buy.com,JD,shopping,medium,京东旧域名,allow,
*.meituan.com,Meituan,shopping,high,美团,allow,
*.dianping.com,Meituan,shopping,medium,大众点评,allow,
*.maoyan.com,Meituan,ott,medium,猫眼,allow,
*.didiglobal.com,Didi,map,high,滴滴出行,allow,
*.xiaojukeji.com,Didi,map,medium,滴滴科技,allow,
*.didi.com,Didi,map,medium,滴滴,allow,
*.12306.cn,China Railway,travel,high,铁路12306,allow,
*.ctrip.com,Trip.com,travel,high,携程,allow,
*.elong.com,Elang,travel,medium,艺龙,allow,
*.bilibili.com,Bilibili,ott,high,哔哩哔哩,allow,
*.hdslb.com,Bilibili,cdn,high,B站CDN,allow,
*.bilibili.tv,Bilibili,ott,medium,B站国际,allow,
*.iqiyi.com,iQiyi,ott,high,爱奇艺,allow,
*.iqiyicdn.com,iQiyi,cdn,high,爱奇艺CDN,allow,
*.youku.com,Youku,ott,high,优酷,allow,
*.ykimg.com,Youku,cdn,medium,优酷CDN,allow,
*.kuaishou.com,Kuaishou,social,high,快手,allow,
*.gifshow.com,Kuaishou,social,medium,快手早期域名,allow,
*.samsung.com,Samsung,iot_core,high,三星设备云,allow,
*.samsungcloudsolution.com,Samsung,iot_core,high,三星云,allow,
*.smartthings.com,Samsung,iot_core,high,SmartThings智能家居,allow,
*.samsungosp.com,Samsung,iot_core,medium,三星推送,allow,
*.samsungcdn.com,Samsung,cdn,medium,三星CDN,allow,
*.lg.com,LG,iot_core,high,LG设备云,allow,
*.lge.com,LG,iot_core,medium,LG,allow,
*.thinq.com,LG,iot_core,high,LG ThinQ智能家居,allow,
*.philips.com,Philips,iot_core,high,飞利浦,allow,
*.meethue.com,Philips,iot_core,high,Philips Hue,allow,
*.hue.com,Philips,iot_core,medium,Hue,allow,
*.tp-link.com,TP-Link,iot_core,high,TP-Link/Kasa,allow,
*.kasa.com,TP-Link,iot_core,high,TP-Link Kasa,allow,
*.tplinkdns.com,TP-Link,iot_core,medium,TP-Link云端,allow,
*.ring.com,Amazon,iot_core,high,Ring摄像头(亚马逊),allow,
*.nest.com,Google,iot_core,high,Nest(谷歌),allow,
*.googlehome.com,Google,iot_core,high,Google Home,allow,
*.eufy.com,Anker,iot_core,high,Eufy(安克),allow,
*.eufylife.com,Anker,iot_core,medium,Eufy Life,allow,
*.wyze.com,Wyze,iot_core,high,Wyze摄像头,allow,
*.roborock.com,Roborock,iot_core,high,石头扫地机器人,allow,
*.meross.com,Meross,iot_core,high,Meross智能插座,allow,
*.switch-bot.com,SwitchBot,iot_core,high,SwitchBot,allow,
*.switchbot.com,SwitchBot,iot_core,medium,SwitchBot域名,allow,
*.ecovacs.com,Ecovacs,iot_core,high,科沃斯,allow,
*.dreame.tech,Dreame,iot_core,high,追觅,allow,
*.broadlink.com,BroadLink,iot_core,high,博联智能,allow,
*.sonoff.com,Sonoff,iot_core,high,Sonoff(易微联),allow,
*.ewelink.cc,Sonoff,iot_core,high,eWeLink(易微联)云,allow,
*.aqara.com,Aqara,iot_core,high,绿米Aqara,allow,
*.xiaomi.com,Xiaomi,iot_core,high,小米设备云,allow,
*.mi.com,Xiaomi,iot_core,high,小米,allow,
*.nintendo.com,Nintendo,gaming,high,任天堂,allow,
*.nintendoswitch.com,Nintendo,gaming,medium,Switch,allow,
*.playstation.com,Sony,gaming,high,PlayStation,allow,
*.sony.com,Sony,iot_core,high,索尼,allow,
*.sonyentertainmentnetwork.com,Sony,gaming,high,PSN,allow,
*.ea.com,Electronic Arts,gaming,high,EA,allow,
*.steampowered.com,Valve,gaming,high,Steam,allow,
*.steamcommunity.com,Valve,gaming,high,Steam社区,allow,
*.steamstatic.com,Valve,cdn,medium,Steam CDN,allow,
*.epicgames.com,Epic,gaming,high,Epic Games,allow,
*.riotgames.com,Riot,gaming,high,英雄联盟,allow,
*.blizzard.com,Blizzard,gaming,high,暴雪,allow,
*.battle.net,Blizzard,gaming,high,战网,allow,
*.yahoo.com,Verizon,email,high,雅虎邮箱,allow,
*.ymail.com,Verizon,email,medium,雅虎邮箱,allow,
*.163.com,NetEase,email,high,网易163邮箱,allow,
*.126.com,NetEase,email,medium,网易126邮箱,allow,
*.yeah.net,NetEase,email,medium,网易Yeah邮箱,allow,
*.twitter.com,X,social,high,X(推特),allow,
*.x.com,X,social,high,X,allow,
*.t.co,X,social,medium,X短链,allow,
*.telegram.org,Telegram,messaging,high,Telegram,allow,
*.telegram.me,Telegram,messaging,medium,Telegram,allow,
*.t.me,Telegram,messaging,medium,Telegram短链,allow,
*.snapchat.com,Snap,social,high,Snapchat,allow,
*.pinterest.com,Pinterest,social,high,Pinterest,allow,
*.reddit.com,Reddit,social,high,Reddit,allow,
*.linkedin.com,LinkedIn,social,high,领英,allow,
*.discord.com,Discord,social,high,Discord,allow,
*.discord.gg,Discord,social,medium,Discord邀请,allow,
*.akadns.net,Akamai,cdn,high,Akamai DNS/CDN,allow,
*.edgesuite.net,Akamai,cdn,high,Akamai CDN,allow,
*.edgekey.net,Akamai,cdn,high,Akamai CDN,allow,
*.llnw.net,Limelight,cdn,high,Limelight CDN,allow,
*.llnwd.net,Limelight,cdn,high,Limelight CDN,allow,
*.cdn.cloudflare.net,Cloudflare,cdn,high,Cloudflare CDN,allow,
*.edgecastcdn.net,Verizon,cdn,high,Edgecast CDN,allow,
*.v.fastly.net,Fastly,cdn,medium,Fastly视频,allow,
time.nist.gov,NIST,system_update,high,NIST NTP时间服务,allow,
*.pool.ntp.org,NTP,system_update,high,NTP池(通配),allow,
time.cloudflare.com,Cloudflare,system_update,high,Cloudflare NTP时间服务,allow,
time.ntp.org,NTP,system_update,medium,NTP.org时间服务,allow,
*.gitlab.com,GitLab,developer_service,high,GitLab,allow,
*.npmjs.com,npm,developer_service,high,npm,allow,
*.registry.npmjs.org,npm,developer_service,high,npm registry,allow,
*.pypi.org,Python,developer_service,high,PyPI,allow,
*.files.pythonhosted.org,Python,developer_service,high,PyPI文件CDN,allow,
*.docker.com,Docker,developer_service,high,Docker,allow,
*.docker.io,Docker,developer_service,high,Docker Hub,allow,
*.registry-1.docker.io,Docker,developer_service,high,Docker镜像拉取,allow,
*.mozilla.org,Mozilla,app_update,high,Firefox/Mozilla,allow,
*.mozilla.com,Mozilla,app_update,medium,Mozilla,allow,
*.download.mozilla.org,Mozilla,app_update,high,Firefox下载,allow,
account.xiaomi.com,Xiaomi,iot_core,high,小米核心鉴权/更新/设备控制通道,allow,
api.account.xiaomi.com,Xiaomi,iot_core,high,小米核心鉴权/更新/设备控制通道,allow,
auth.mi.com,Xiaomi,iot_core,high,小米核心鉴权/更新/设备控制通道,allow,
id.mi.com,Xiaomi,iot_core,high,小米核心鉴权/更新/设备控制通道,allow,
api.mi.com,Xiaomi,iot_core,high,小米核心鉴权/更新/设备控制通道,allow,
miui.com,Xiaomi,iot_core,high,小米核心鉴权/更新/设备控制通道,allow,
update.miui.com,Xiaomi,iot_core,high,小米核心鉴权/更新/设备控制通道,allow,
cdn.miui.com,Xiaomi,iot_core,high,小米核心鉴权/更新/设备控制通道,allow,
mfs.miui.com,Xiaomi,iot_core,high,小米核心鉴权/更新/设备控制通道,allow,
file.miui.com,Xiaomi,iot_core,high,小米核心鉴权/更新/设备控制通道,allow,
i.mi.com,Xiaomi,iot_core,high,小米核心鉴权/更新/设备控制通道,allow,
login.mi.com,Xiaomi,iot_core,high,小米核心鉴权/更新/设备控制通道,allow,
data.mistat.miui.com,Xiaomi,analytics,high,小米系统/应用遥测、广告与体验计划上报,block_soft,设备匿名遥测/体验计划上报停止；不影响设备核心联网与控制
log.miui.com,Xiaomi,analytics,high,小米系统/应用遥测、广告与体验计划上报,block_soft,设备匿名遥测/体验计划上报停止；不影响设备核心联网与控制
tracking.miui.com,Xiaomi,analytics,high,小米系统/应用遥测、广告与体验计划上报,block_soft,设备匿名遥测/体验计划上报停止；不影响设备核心联网与控制
sdk.io.mi.com,Xiaomi,analytics,high,小米系统/应用遥测、广告与体验计划上报,block_soft,设备匿名遥测/体验计划上报停止；不影响设备核心联网与控制
msa.xiaomi.com,Xiaomi,analytics,high,小米系统/应用遥测、广告与体验计划上报,block_soft,设备匿名遥测/体验计划上报停止；不影响设备核心联网与控制
msaservice.xiaomi.com,Xiaomi,analytics,high,小米系统/应用遥测、广告与体验计划上报,block_soft,设备匿名遥测/体验计划上报停止；不影响设备核心联网与控制
oms.miui.com,Xiaomi,analytics,high,小米系统/应用遥测、广告与体验计划上报,block_soft,设备匿名遥测/体验计划上报停止；不影响设备核心联网与控制
mab.miui.com,Xiaomi,analytics,high,小米系统/应用遥测、广告与体验计划上报,block_soft,设备匿名遥测/体验计划上报停止；不影响设备核心联网与控制
c.dev.mi.com,Xiaomi,analytics,high,小米系统/应用遥测、广告与体验计划上报,block_soft,设备匿名遥测/体验计划上报停止；不影响设备核心联网与控制
api.vip.mi.com,Xiaomi,analytics,high,小米系统/应用遥测、广告与体验计划上报,block_soft,设备匿名遥测/体验计划上报停止；不影响设备核心联网与控制
global.miui.com,Xiaomi,analytics,high,小米系统/应用遥测、广告与体验计划上报,block_soft,设备匿名遥测/体验计划上报停止；不影响设备核心联网与控制
cn.in.mi.com,Xiaomi,analytics,high,小米系统/应用遥测、广告与体验计划上报,block_soft,设备匿名遥测/体验计划上报停止；不影响设备核心联网与控制
in.mi.com,Xiaomi,analytics,high,小米系统/应用遥测、广告与体验计划上报,block_soft,设备匿名遥测/体验计划上报停止；不影响设备核心联网与控制
gallery.miui.com,Xiaomi,analytics,high,小米系统/应用遥测、广告与体验计划上报,block_soft,设备匿名遥测/体验计划上报停止；不影响设备核心联网与控制
themes.miui.com,Xiaomi,analytics,high,小米系统/应用遥测、广告与体验计划上报,block_soft,设备匿名遥测/体验计划上报停止；不影响设备核心联网与控制
weather.miui.com,Xiaomi,analytics,high,小米系统/应用遥测、广告与体验计划上报,block_soft,设备匿名遥测/体验计划上报停止；不影响设备核心联网与控制
music.miui.com,Xiaomi,analytics,high,小米系统/应用遥测、广告与体验计划上报,block_soft,设备匿名遥测/体验计划上报停止；不影响设备核心联网与控制
game.miui.com,Xiaomi,analytics,high,小米系统/应用遥测、广告与体验计划上报,block_soft,设备匿名遥测/体验计划上报停止；不影响设备核心联网与控制
finder.miui.com,Xiaomi,analytics,high,小米系统/应用遥测、广告与体验计划上报,block_soft,设备匿名遥测/体验计划上报停止；不影响设备核心联网与控制
bbs.miui.com,Xiaomi,analytics,high,小米系统/应用遥测、广告与体验计划上报,block_soft,设备匿名遥测/体验计划上报停止；不影响设备核心联网与控制
mail.miui.com,Xiaomi,analytics,high,小米系统/应用遥测、广告与体验计划上报,block_soft,设备匿名遥测/体验计划上报停止；不影响设备核心联网与控制
dialer.miui.com,Xiaomi,analytics,high,小米系统/应用遥测、广告与体验计划上报,block_soft,设备匿名遥测/体验计划上报停止；不影响设备核心联网与控制
misc.miui.com,Xiaomi,analytics,high,小米系统/应用遥测、广告与体验计划上报,block_soft,设备匿名遥测/体验计划上报停止；不影响设备核心联网与控制
vpnsdk.miui.com,Xiaomi,analytics,high,小米系统/应用遥测、广告与体验计划上报,block_soft,设备匿名遥测/体验计划上报停止；不影响设备核心联网与控制
jr.mi.com,Xiaomi,analytics,high,小米系统/应用遥测、广告与体验计划上报,block_soft,设备匿名遥测/体验计划上报停止；不影响设备核心联网与控制
mibrowser.com,Xiaomi,analytics,high,小米系统/应用遥测、广告与体验计划上报,block_soft,设备匿名遥测/体验计划上报停止；不影响设备核心联网与控制
account.huawei.com,Huawei,iot_core,high,华为/荣耀核心鉴权、云与更新通道,allow,
id.huawei.com,Huawei,iot_core,high,华为/荣耀核心鉴权、云与更新通道,allow,
api.huawei.com,Huawei,iot_core,high,华为/荣耀核心鉴权、云与更新通道,allow,
hihonor.com,Huawei,iot_core,high,华为/荣耀核心鉴权、云与更新通道,allow,
cloud.huawei.com,Huawei,iot_core,high,华为/荣耀核心鉴权、云与更新通道,allow,
update.hicloud.com,Huawei,iot_core,high,华为/荣耀核心鉴权、云与更新通道,allow,
ips.hicloud.com,Huawei,iot_core,high,华为/荣耀核心鉴权、云与更新通道,allow,
logreport.hicloud.com,Huawei,analytics,high,华为/荣耀系统遥测、广告与体验计划上报,block_soft,设备匿名遥测/体验计划上报停止；不影响设备核心联网与控制
logreport.i.huawei.com,Huawei,analytics,high,华为/荣耀系统遥测、广告与体验计划上报,block_soft,设备匿名遥测/体验计划上报停止；不影响设备核心联网与控制
plogs.huawei.com,Huawei,analytics,high,华为/荣耀系统遥测、广告与体验计划上报,block_soft,设备匿名遥测/体验计划上报停止；不影响设备核心联网与控制
logb.huawei.com,Huawei,analytics,high,华为/荣耀系统遥测、广告与体验计划上报,block_soft,设备匿名遥测/体验计划上报停止；不影响设备核心联网与控制
logcat.huawei.com,Huawei,analytics,high,华为/荣耀系统遥测、广告与体验计划上报,block_soft,设备匿名遥测/体验计划上报停止；不影响设备核心联网与控制
t.log.huawei.com,Huawei,analytics,high,华为/荣耀系统遥测、广告与体验计划上报,block_soft,设备匿名遥测/体验计划上报停止；不影响设备核心联网与控制
metric.huawei.com,Huawei,analytics,high,华为/荣耀系统遥测、广告与体验计划上报,block_soft,设备匿名遥测/体验计划上报停止；不影响设备核心联网与控制
datacollector.huawei.com,Huawei,analytics,high,华为/荣耀系统遥测、广告与体验计划上报,block_soft,设备匿名遥测/体验计划上报停止；不影响设备核心联网与控制
feedback.huawei.com,Huawei,analytics,high,华为/荣耀系统遥测、广告与体验计划上报,block_soft,设备匿名遥测/体验计划上报停止；不影响设备核心联网与控制
suggest.huawei.com,Huawei,analytics,high,华为/荣耀系统遥测、广告与体验计划上报,block_soft,设备匿名遥测/体验计划上报停止；不影响设备核心联网与控制
ads.huawei.com,Huawei,analytics,high,华为/荣耀系统遥测、广告与体验计划上报,block_soft,设备匿名遥测/体验计划上报停止；不影响设备核心联网与控制
adsapi.huawei.com,Huawei,analytics,high,华为/荣耀系统遥测、广告与体验计划上报,block_soft,设备匿名遥测/体验计划上报停止；不影响设备核心联网与控制
idm.huawei.com,Huawei,analytics,high,华为/荣耀系统遥测、广告与体验计划上报,block_soft,设备匿名遥测/体验计划上报停止；不影响设备核心联网与控制
ucfg.huawei.com,Huawei,analytics,high,华为/荣耀系统遥测、广告与体验计划上报,block_soft,设备匿名遥测/体验计划上报停止；不影响设备核心联网与控制
midearfans.huawei.com,Huawei,analytics,high,华为/荣耀系统遥测、广告与体验计划上报,block_soft,设备匿名遥测/体验计划上报停止；不影响设备核心联网与控制
appgallery.cdn.huawei.com,Huawei,analytics,high,华为/荣耀系统遥测、广告与体验计划上报,block_soft,设备匿名遥测/体验计划上报停止；不影响设备核心联网与控制
tools.huawei.com,Huawei,analytics,high,华为/荣耀系统遥测、广告与体验计划上报,block_soft,设备匿名遥测/体验计划上报停止；不影响设备核心联网与控制
dl.huawei.com,Huawei,analytics,high,华为/荣耀系统遥测、广告与体验计划上报,block_soft,设备匿名遥测/体验计划上报停止；不影响设备核心联网与控制
consumer.huawei.com,Huawei,analytics,high,华为/荣耀系统遥测、广告与体验计划上报,block_soft,设备匿名遥测/体验计划上报停止；不影响设备核心联网与控制
vmall.com,Huawei,analytics,high,华为/荣耀系统遥测、广告与体验计划上报,block_soft,设备匿名遥测/体验计划上报停止；不影响设备核心联网与控制
hwid.huawei.com,Huawei,analytics,high,华为/荣耀系统遥测、广告与体验计划上报,block_soft,设备匿名遥测/体验计划上报停止；不影响设备核心联网与控制
account.oppo.com,OPPO,iot_core,high,OPPO/一加/realme 核心鉴权与更新通道,allow,
id.oppo.com,OPPO,iot_core,high,OPPO/一加/realme 核心鉴权与更新通道,allow,
api.oppo.com,OPPO,iot_core,high,OPPO/一加/realme 核心鉴权与更新通道,allow,
oppo.com,OPPO,iot_core,high,OPPO/一加/realme 核心鉴权与更新通道,allow,
coloros.com,OPPO,iot_core,high,OPPO/一加/realme 核心鉴权与更新通道,allow,
oneplus.com,OPPO,iot_core,high,OPPO/一加/realme 核心鉴权与更新通道,allow,
api.oneplus.com,OPPO,iot_core,high,OPPO/一加/realme 核心鉴权与更新通道,allow,
realme.com,OPPO,iot_core,high,OPPO/一加/realme 核心鉴权与更新通道,allow,
account.realme.com,OPPO,iot_core,high,OPPO/一加/realme 核心鉴权与更新通道,allow,
data.oppo.com,OPPO,analytics,high,OPPO/一加/realme 系统遥测、广告与推送统计,block_soft,设备匿名遥测/体验计划上报停止；不影响设备核心联网与控制
otp.oppo.com,OPPO,analytics,high,OPPO/一加/realme 系统遥测、广告与推送统计,block_soft,设备匿名遥测/体验计划上报停止；不影响设备核心联网与控制
log.oppo.com,OPPO,analytics,high,OPPO/一加/realme 系统遥测、广告与推送统计,block_soft,设备匿名遥测/体验计划上报停止；不影响设备核心联网与控制
mcs.oppo.com,OPPO,analytics,high,OPPO/一加/realme 系统遥测、广告与推送统计,block_soft,设备匿名遥测/体验计划上报停止；不影响设备核心联网与控制
ads.oppo.com,OPPO,analytics,high,OPPO/一加/realme 系统遥测、广告与推送统计,block_soft,设备匿名遥测/体验计划上报停止；不影响设备核心联网与控制
ad.oppo.com,OPPO,analytics,high,OPPO/一加/realme 系统遥测、广告与推送统计,block_soft,设备匿名遥测/体验计划上报停止；不影响设备核心联网与控制
dfm.oppo.com,OPPO,analytics,high,OPPO/一加/realme 系统遥测、广告与推送统计,block_soft,设备匿名遥测/体验计划上报停止；不影响设备核心联网与控制
debug.oppo.com,OPPO,analytics,high,OPPO/一加/realme 系统遥测、广告与推送统计,block_soft,设备匿名遥测/体验计划上报停止；不影响设备核心联网与控制
feedback.oppo.com,OPPO,analytics,high,OPPO/一加/realme 系统遥测、广告与推送统计,block_soft,设备匿名遥测/体验计划上报停止；不影响设备核心联网与控制
push.oppo.com,OPPO,analytics,high,OPPO/一加/realme 系统遥测、广告与推送统计,block_soft,设备匿名遥测/体验计划上报停止；不影响设备核心联网与控制
cloud.oppo.com,OPPO,analytics,high,OPPO/一加/realme 系统遥测、广告与推送统计,block_soft,设备匿名遥测/体验计划上报停止；不影响设备核心联网与控制
i.colotoros.com,OPPO,analytics,high,OPPO/一加/realme 系统遥测、广告与推送统计,block_soft,设备匿名遥测/体验计划上报停止；不影响设备核心联网与控制
phonemanager.coloros.com,OPPO,analytics,high,OPPO/一加/realme 系统遥测、广告与推送统计,block_soft,设备匿名遥测/体验计划上报停止；不影响设备核心联网与控制
api.coloros.com,OPPO,analytics,high,OPPO/一加/realme 系统遥测、广告与推送统计,block_soft,设备匿名遥测/体验计划上报停止；不影响设备核心联网与控制
ota.coloros.com,OPPO,analytics,high,OPPO/一加/realme 系统遥测、广告与推送统计,block_soft,设备匿名遥测/体验计划上报停止；不影响设备核心联网与控制
account.vivo.com,vivo,iot_core,high,vivo/iQOO 核心鉴权与更新通道,allow,
id.vivo.com,vivo,iot_core,high,vivo/iQOO 核心鉴权与更新通道,allow,
api.vivo.com,vivo,iot_core,high,vivo/iQOO 核心鉴权与更新通道,allow,
vivo.com,vivo,iot_core,high,vivo/iQOO 核心鉴权与更新通道,allow,
iqoo.com,vivo,iot_core,high,vivo/iQOO 核心鉴权与更新通道,allow,
data.vivo.com,vivo,analytics,high,vivo/iQOO 系统遥测、广告与推送统计,block_soft,设备匿名遥测/体验计划上报停止；不影响设备核心联网与控制
log.vivo.com,vivo,analytics,high,vivo/iQOO 系统遥测、广告与推送统计,block_soft,设备匿名遥测/体验计划上报停止；不影响设备核心联网与控制
stat.vivo.com,vivo,analytics,high,vivo/iQOO 系统遥测、广告与推送统计,block_soft,设备匿名遥测/体验计划上报停止；不影响设备核心联网与控制
ads.vivo.com,vivo,analytics,high,vivo/iQOO 系统遥测、广告与推送统计,block_soft,设备匿名遥测/体验计划上报停止；不影响设备核心联网与控制
ad.vivo.com,vivo,analytics,high,vivo/iQOO 系统遥测、广告与推送统计,block_soft,设备匿名遥测/体验计划上报停止；不影响设备核心联网与控制
mcs.vivo.com,vivo,analytics,high,vivo/iQOO 系统遥测、广告与推送统计,block_soft,设备匿名遥测/体验计划上报停止；不影响设备核心联网与控制
feedback.vivo.com,vivo,analytics,high,vivo/iQOO 系统遥测、广告与推送统计,block_soft,设备匿名遥测/体验计划上报停止；不影响设备核心联网与控制
push.vivo.com,vivo,analytics,high,vivo/iQOO 系统遥测、广告与推送统计,block_soft,设备匿名遥测/体验计划上报停止；不影响设备核心联网与控制
cloud.vivo.com,vivo,analytics,high,vivo/iQOO 系统遥测、广告与推送统计,block_soft,设备匿名遥测/体验计划上报停止；不影响设备核心联网与控制
abtest.vivo.com,vivo,analytics,high,vivo/iQOO 系统遥测、广告与推送统计,block_soft,设备匿名遥测/体验计划上报停止；不影响设备核心联网与控制
config.vivo.com,vivo,analytics,high,vivo/iQOO 系统遥测、广告与推送统计,block_soft,设备匿名遥测/体验计划上报停止；不影响设备核心联网与控制
account.samsung.com,Samsung,iot_core,high,三星核心鉴权、云与 SmartThings 控制通道,allow,
api.samsung.com,Samsung,iot_core,high,三星核心鉴权、云与 SmartThings 控制通道,allow,
samsungcloudsolutions.com,Samsung,iot_core,high,三星核心鉴权、云与 SmartThings 控制通道,allow,
smartthings.com,Samsung,iot_core,high,三星核心鉴权、云与 SmartThings 控制通道,allow,
graph.api.smartthings.com,Samsung,iot_core,high,三星核心鉴权、云与 SmartThings 控制通道,allow,
samsung-cloudfunctions.com,Samsung,iot_core,high,三星核心鉴权、云与 SmartThings 控制通道,allow,
diag.samsungclus.com,Samsung,analytics,high,三星系统遥测、广告与诊断上报,block_soft,设备匿名遥测/体验计划上报停止；不影响设备核心联网与控制
samsungads.com,Samsung,analytics,high,三星系统遥测、广告与诊断上报,block_soft,设备匿名遥测/体验计划上报停止；不影响设备核心联网与控制
samsung-ad.com,Samsung,analytics,high,三星系统遥测、广告与诊断上报,block_soft,设备匿名遥测/体验计划上报停止；不影响设备核心联网与控制
ad.samsung.com,Samsung,analytics,high,三星系统遥测、广告与诊断上报,block_soft,设备匿名遥测/体验计划上报停止；不影响设备核心联网与控制
dpm.samsung.com,Samsung,analytics,high,三星系统遥测、广告与诊断上报,block_soft,设备匿名遥测/体验计划上报停止；不影响设备核心联网与控制
logcollector.samsung.com,Samsung,analytics,high,三星系统遥测、广告与诊断上报,block_soft,设备匿名遥测/体验计划上报停止；不影响设备核心联网与控制
feedback.samsung.com,Samsung,analytics,high,三星系统遥测、广告与诊断上报,block_soft,设备匿名遥测/体验计划上报停止；不影响设备核心联网与控制
metrics.samsung.com,Samsung,analytics,high,三星系统遥测、广告与诊断上报,block_soft,设备匿名遥测/体验计划上报停止；不影响设备核心联网与控制
gms.samsung.com,Samsung,analytics,high,三星系统遥测、广告与诊断上报,block_soft,设备匿名遥测/体验计划上报停止；不影响设备核心联网与控制
bif.samsung.com,Samsung,analytics,high,三星系统遥测、广告与诊断上报,block_soft,设备匿名遥测/体验计划上报停止；不影响设备核心联网与控制
vas.samsung.com,Samsung,analytics,high,三星系统遥测、广告与诊断上报,block_soft,设备匿名遥测/体验计划上报停止；不影响设备核心联网与控制
push.samsung.com,Samsung,analytics,high,三星系统遥测、广告与诊断上报,block_soft,设备匿名遥测/体验计划上报停止；不影响设备核心联网与控制
samsungtelemetry.com,Samsung,analytics,high,三星系统遥测、广告与诊断上报,block_soft,设备匿名遥测/体验计划上报停止；不影响设备核心联网与控制
appleid.apple.com,Apple,iot_core,high,Apple 鉴权、iCloud、推送与系统更新通道,allow,
id.apple.com,Apple,iot_core,high,Apple 鉴权、iCloud、推送与系统更新通道,allow,
auth.apple.com,Apple,iot_core,high,Apple 鉴权、iCloud、推送与系统更新通道,allow,
api.apple.com,Apple,iot_core,high,Apple 鉴权、iCloud、推送与系统更新通道,allow,
icloud.com,Apple,iot_core,high,Apple 鉴权、iCloud、推送与系统更新通道,allow,
www.icloud.com,Apple,iot_core,high,Apple 鉴权、iCloud、推送与系统更新通道,allow,
push.apple.com,Apple,iot_core,high,Apple 鉴权、iCloud、推送与系统更新通道,allow,
gateway.push.apple.com,Apple,iot_core,high,Apple 鉴权、iCloud、推送与系统更新通道,allow,
appldnld.apple.com,Apple,iot_core,high,Apple 鉴权、iCloud、推送与系统更新通道,allow,
mesu.apple.com,Apple,iot_core,high,Apple 鉴权、iCloud、推送与系统更新通道,allow,
gs.apple.com,Apple,iot_core,high,Apple 鉴权、iCloud、推送与系统更新通道,allow,
captive.apple.com,Apple,iot_core,high,Apple 鉴权、iCloud、推送与系统更新通道,allow,
metrics.icloud.com,Apple,analytics,medium,Apple 系统/服务遥测与诊断上报,block_soft,设备匿名遥测/体验计划上报停止；不影响设备核心联网与控制
analytics.icloud.com,Apple,analytics,medium,Apple 系统/服务遥测与诊断上报,block_soft,设备匿名遥测/体验计划上报停止；不影响设备核心联网与控制
guzzoni.apple.com,Apple,analytics,medium,Apple 系统/服务遥测与诊断上报,block_soft,设备匿名遥测/体验计划上报停止；不影响设备核心联网与控制
deviceanalytics.apple.com,Apple,analytics,medium,Apple 系统/服务遥测与诊断上报,block_soft,设备匿名遥测/体验计划上报停止；不影响设备核心联网与控制
ls.apple.com,Apple,analytics,medium,Apple 系统/服务遥测与诊断上报,block_soft,设备匿名遥测/体验计划上报停止；不影响设备核心联网与控制
skl.apple.com,Apple,analytics,medium,Apple 系统/服务遥测与诊断上报,block_soft,设备匿名遥测/体验计划上报停止；不影响设备核心联网与控制
api.smoot.apple.com,Apple,analytics,medium,Apple 系统/服务遥测与诊断上报,block_soft,设备匿名遥测/体验计划上报停止；不影响设备核心联网与控制
e3484.b.akamaiedge.net,Apple,analytics,medium,Apple 系统/服务遥测与诊断上报,block_soft,设备匿名遥测/体验计划上报停止；不影响设备核心联网与控制
configuration.apple.com,Apple,analytics,medium,Apple 系统/服务遥测与诊断上报,block_soft,设备匿名遥测/体验计划上报停止；不影响设备核心联网与控制
init.itunes.apple.com,Apple,analytics,medium,Apple 系统/服务遥测与诊断上报,block_soft,设备匿名遥测/体验计划上报停止；不影响设备核心联网与控制
xp.apple.com,Apple,analytics,medium,Apple 系统/服务遥测与诊断上报,block_soft,设备匿名遥测/体验计划上报停止；不影响设备核心联网与控制
covid19.apple.com,Apple,analytics,medium,Apple 系统/服务遥测与诊断上报,block_soft,设备匿名遥测/体验计划上报停止；不影响设备核心联网与控制
android.clients.google.com,Google,iot_core,high,Google 鉴权、Play 与 Android 核心服务通道,allow,
accounts.google.com,Google,iot_core,high,Google 鉴权、Play 与 Android 核心服务通道,allow,
api.google.com,Google,iot_core,high,Google 鉴权、Play 与 Android 核心服务通道,allow,
clients3.google.com,Google,iot_core,high,Google 鉴权、Play 与 Android 核心服务通道,allow,
clients4.google.com,Google,iot_core,high,Google 鉴权、Play 与 Android 核心服务通道,allow,
connectivitycheck.gstatic.com,Google,iot_core,high,Google 鉴权、Play 与 Android 核心服务通道,allow,
play.google.com,Google,iot_core,high,Google 鉴权、Play 与 Android 核心服务通道,allow,
android.googleapis.com,Google,iot_core,high,Google 鉴权、Play 与 Android 核心服务通道,allow,
backup.googleapis.com,Google,iot_core,high,Google 鉴权、Play 与 Android 核心服务通道,allow,
fonts.googleapis.com,Google,iot_core,high,Google 鉴权、Play 与 Android 核心服务通道,allow,
googleadservices.com,Google,advertising,high,Google 广告、Firebase 分析与推送遥测,block_soft,广告/营销与追踪被拦截；应用内广告与推荐位停止，不影响功能
pagead2.googlesyndication.com,Google,advertising,high,Google 广告、Firebase 分析与推送遥测,block_soft,广告/营销与追踪被拦截；应用内广告与推荐位停止，不影响功能
pagead.googlesyndication.com,Google,advertising,high,Google 广告、Firebase 分析与推送遥测,block_soft,广告/营销与追踪被拦截；应用内广告与推荐位停止，不影响功能
tpc.googlesyndication.com,Google,advertising,high,Google 广告、Firebase 分析与推送遥测,block_soft,广告/营销与追踪被拦截；应用内广告与推荐位停止，不影响功能
admob.com,Google,advertising,high,Google 广告、Firebase 分析与推送遥测,block_soft,广告/营销与追踪被拦截；应用内广告与推荐位停止，不影响功能
firebaseio.com,Google,advertising,high,Google 广告、Firebase 分析与推送遥测,block_soft,广告/营销与追踪被拦截；应用内广告与推荐位停止，不影响功能
firebase.google.com,Google,advertising,high,Google 广告、Firebase 分析与推送遥测,block_soft,广告/营销与追踪被拦截；应用内广告与推荐位停止，不影响功能
app-measurement.com,Google,advertising,high,Google 广告、Firebase 分析与推送遥测,block_soft,广告/营销与追踪被拦截；应用内广告与推荐位停止，不影响功能
crashlytics.com,Google,advertising,high,Google 广告、Firebase 分析与推送遥测,block_soft,广告/营销与追踪被拦截；应用内广告与推荐位停止，不影响功能
fabric.io,Google,advertising,high,Google 广告、Firebase 分析与推送遥测,block_soft,广告/营销与追踪被拦截；应用内广告与推荐位停止，不影响功能
gstatic.com,Google,advertising,high,Google 广告、Firebase 分析与推送遥测,block_soft,广告/营销与追踪被拦截；应用内广告与推荐位停止，不影响功能
ssl.gstatic.com,Google,advertising,high,Google 广告、Firebase 分析与推送遥测,block_soft,广告/营销与追踪被拦截；应用内广告与推荐位停止，不影响功能
mtalk.google.com,Google,advertising,high,Google 广告、Firebase 分析与推送遥测,block_soft,广告/营销与追踪被拦截；应用内广告与推荐位停止，不影响功能
altitude.google.com,Google,advertising,high,Google 广告、Firebase 分析与推送遥测,block_soft,广告/营销与追踪被拦截；应用内广告与推荐位停止，不影响功能
clients1.google.com,Google,advertising,high,Google 广告、Firebase 分析与推送遥测,block_soft,广告/营销与追踪被拦截；应用内广告与推荐位停止，不影响功能
clients2.google.com,Google,advertising,high,Google 广告、Firebase 分析与推送遥测,block_soft,广告/营销与追踪被拦截；应用内广告与推荐位停止，不影响功能
clients5.google.com,Google,advertising,high,Google 广告、Firebase 分析与推送遥测,block_soft,广告/营销与追踪被拦截；应用内广告与推荐位停止，不影响功能
khm.google.com,Google,advertising,high,Google 广告、Firebase 分析与推送遥测,block_soft,广告/营销与追踪被拦截；应用内广告与推荐位停止，不影响功能
khmdb.google.com,Google,advertising,high,Google 广告、Firebase 分析与推送遥测,block_soft,广告/营销与追踪被拦截；应用内广告与推荐位停止，不影响功能
translate.google.com,Google,advertising,high,Google 广告、Firebase 分析与推送遥测,block_soft,广告/营销与追踪被拦截；应用内广告与推荐位停止，不影响功能
dl.google.com,Google,advertising,high,Google 广告、Firebase 分析与推送遥测,block_soft,广告/营销与追踪被拦截；应用内广告与推荐位停止，不影响功能
update.googleapis.com,Google,advertising,high,Google 广告、Firebase 分析与推送遥测,block_soft,广告/营销与追踪被拦截；应用内广告与推荐位停止，不影响功能
api.amazon.com,Amazon,iot_core,high,Amazon Alexa/Echo 鉴权与设备控制通道,allow,
api.echo.amazon.com,Amazon,iot_core,high,Amazon Alexa/Echo 鉴权与设备控制通道,allow,
alexa.amazon.com,Amazon,iot_core,high,Amazon Alexa/Echo 鉴权与设备控制通道,allow,
pitangu.amazon.com,Amazon,iot_core,high,Amazon Alexa/Echo 鉴权与设备控制通道,allow,
device-metrics.amazon.com,Amazon,iot_core,high,Amazon Alexa/Echo 鉴权与设备控制通道,allow,
amazon-adsystem.com,Amazon,advertising,high,Amazon 广告与设备遥测上报,block_soft,广告/营销与追踪被拦截；应用内广告与推荐位停止，不影响功能
aax.amazon.com,Amazon,advertising,high,Amazon 广告与设备遥测上报,block_soft,广告/营销与追踪被拦截；应用内广告与推荐位停止，不影响功能
adsystem.amazon.com,Amazon,advertising,high,Amazon 广告与设备遥测上报,block_soft,广告/营销与追踪被拦截；应用内广告与推荐位停止，不影响功能
ao.amazon.com,Amazon,advertising,high,Amazon 广告与设备遥测上报,block_soft,广告/营销与追踪被拦截；应用内广告与推荐位停止，不影响功能
beacon.amazon.com,Amazon,advertising,high,Amazon 广告与设备遥测上报,block_soft,广告/营销与追踪被拦截；应用内广告与推荐位停止，不影响功能
telemetry.microsoft.com,Microsoft,telemetry,high,Windows 系统遥测、诊断与更新上报,block_soft,设备匿名遥测/体验计划上报停止；不影响设备核心联网与控制
vortex.data.microsoft.com,Microsoft,telemetry,high,Windows 系统遥测、诊断与更新上报,block_soft,设备匿名遥测/体验计划上报停止；不影响设备核心联网与控制
settings-win.data.microsoft.com,Microsoft,telemetry,high,Windows 系统遥测、诊断与更新上报,block_soft,设备匿名遥测/体验计划上报停止；不影响设备核心联网与控制
v10.events.data.microsoft.com,Microsoft,telemetry,high,Windows 系统遥测、诊断与更新上报,block_soft,设备匿名遥测/体验计划上报停止；不影响设备核心联网与控制
v20.events.data.microsoft.com,Microsoft,telemetry,high,Windows 系统遥测、诊断与更新上报,block_soft,设备匿名遥测/体验计划上报停止；不影响设备核心联网与控制
mobile.events.data.microsoft.com,Microsoft,telemetry,high,Windows 系统遥测、诊断与更新上报,block_soft,设备匿名遥测/体验计划上报停止；不影响设备核心联网与控制
wns.windows.com,Microsoft,telemetry,high,Windows 系统遥测、诊断与更新上报,block_soft,设备匿名遥测/体验计划上报停止；不影响设备核心联网与控制
client.wns.windows.com,Microsoft,telemetry,high,Windows 系统遥测、诊断与更新上报,block_soft,设备匿名遥测/体验计划上报停止；不影响设备核心联网与控制
choice.microsoft.com,Microsoft,telemetry,high,Windows 系统遥测、诊断与更新上报,block_soft,设备匿名遥测/体验计划上报停止；不影响设备核心联网与控制
ssw.live.com,Microsoft,telemetry,high,Windows 系统遥测、诊断与更新上报,block_soft,设备匿名遥测/体验计划上报停止；不影响设备核心联网与控制
activity.windows.com,Microsoft,telemetry,high,Windows 系统遥测、诊断与更新上报,block_soft,设备匿名遥测/体验计划上报停止；不影响设备核心联网与控制
storeanalytics.microsoft.com,Microsoft,telemetry,high,Windows 系统遥测、诊断与更新上报,block_soft,设备匿名遥测/体验计划上报停止；不影响设备核心联网与控制
fe2.update.microsoft.com,Microsoft,telemetry,high,Windows 系统遥测、诊断与更新上报,block_soft,设备匿名遥测/体验计划上报停止；不影响设备核心联网与控制
slscr.update.microsoft.com,Microsoft,telemetry,high,Windows 系统遥测、诊断与更新上报,block_soft,设备匿名遥测/体验计划上报停止；不影响设备核心联网与控制
download.microsoft.com,Microsoft,telemetry,high,Windows 系统遥测、诊断与更新上报,block_soft,设备匿名遥测/体验计划上报停止；不影响设备核心联网与控制
validation.sls.microsoft.com,Microsoft,telemetry,high,Windows 系统遥测、诊断与更新上报,block_soft,设备匿名遥测/体验计划上报停止；不影响设备核心联网与控制
tuyaapi.com,Tuya,iot_core,high,涂鸦/Tuya/Smart Life 鉴权与设备云通道,allow,
smartlife.com,Tuya,iot_core,high,涂鸦/Tuya/Smart Life 鉴权与设备云通道,allow,
auth.tuya.com,Tuya,iot_core,high,涂鸦/Tuya/Smart Life 鉴权与设备云通道,allow,
cn-auth.tuya.com,Tuya,iot_core,high,涂鸦/Tuya/Smart Life 鉴权与设备云通道,allow,
iot.tuya.com,Tuya,iot_core,high,涂鸦/Tuya/Smart Life 鉴权与设备云通道,allow,
portal.tuya.com,Tuya,iot_core,high,涂鸦/Tuya/Smart Life 鉴权与设备云通道,allow,
c.tuya.com,Tuya,analytics,high,涂鸦平台遥测与统计上报,block_soft,设备匿名遥测/体验计划上报停止；不影响设备核心联网与控制
d.tuya.com,Tuya,analytics,high,涂鸦平台遥测与统计上报,block_soft,设备匿名遥测/体验计划上报停止；不影响设备核心联网与控制
m.tuya.com,Tuya,analytics,high,涂鸦平台遥测与统计上报,block_soft,设备匿名遥测/体验计划上报停止；不影响设备核心联网与控制
s.tuya.com,Tuya,analytics,high,涂鸦平台遥测与统计上报,block_soft,设备匿名遥测/体验计划上报停止；不影响设备核心联网与控制
agw.tuya.com,Tuya,analytics,high,涂鸦平台遥测与统计上报,block_soft,设备匿名遥测/体验计划上报停止；不影响设备核心联网与控制
acn.tuya.com,Tuya,analytics,high,涂鸦平台遥测与统计上报,block_soft,设备匿名遥测/体验计划上报停止；不影响设备核心联网与控制
r.tuya.com,Tuya,analytics,high,涂鸦平台遥测与统计上报,block_soft,设备匿名遥测/体验计划上报停止；不影响设备核心联网与控制
u.tuya.com,Tuya,analytics,high,涂鸦平台遥测与统计上报,block_soft,设备匿名遥测/体验计划上报停止；不影响设备核心联网与控制
api.aqara.com,Aqara,iot_core,high,Aqara 绿米鉴权与设备云通道,allow,
otec.aqara.com,Aqara,iot_core,high,Aqara 绿米鉴权与设备云通道,allow,
app.aqara.com,Aqara,iot_core,high,Aqara 绿米鉴权与设备云通道,allow,
aqara.net,Aqara,analytics,medium,Aqara 遥测与统计上报,block_soft,设备匿名遥测/体验计划上报停止；不影响设备核心联网与控制
log.aqara.com,Aqara,analytics,medium,Aqara 遥测与统计上报,block_soft,设备匿名遥测/体验计划上报停止；不影响设备核心联网与控制
track.aqara.com,Aqara,analytics,medium,Aqara 遥测与统计上报,block_soft,设备匿名遥测/体验计划上报停止；不影响设备核心联网与控制
api.roborock.com,Roborock,iot_core,high,石头科技鉴权与设备云通道,allow,
id.roborock.com,Roborock,iot_core,high,石头科技鉴权与设备云通道,allow,
app.roborock.com,Roborock,iot_core,high,石头科技鉴权与设备云通道,allow,
track.roborock.com,Roborock,analytics,medium,石头科技遥测与统计上报,block_soft,设备匿名遥测/体验计划上报停止；不影响设备核心联网与控制
log.roborock.com,Roborock,analytics,medium,石头科技遥测与统计上报,block_soft,设备匿名遥测/体验计划上报停止；不影响设备核心联网与控制
ad.roborock.com,Roborock,analytics,medium,石头科技遥测与统计上报,block_soft,设备匿名遥测/体验计划上报停止；不影响设备核心联网与控制
dreame.com,Dreame,iot_core,high,追觅科技鉴权与设备云通道,allow,
api.dreame.com,Dreame,iot_core,high,追觅科技鉴权与设备云通道,allow,
app.dreame.com,Dreame,iot_core,high,追觅科技鉴权与设备云通道,allow,
id.dreame.com,Dreame,iot_core,high,追觅科技鉴权与设备云通道,allow,
track.dreame.com,Dreame,analytics,medium,追觅科技遥测与统计上报,block_soft,设备匿名遥测/体验计划上报停止；不影响设备核心联网与控制
log.dreame.com,Dreame,analytics,medium,追觅科技遥测与统计上报,block_soft,设备匿名遥测/体验计划上报停止；不影响设备核心联网与控制
eufy.com,Eufy,iot_core,high,Eufy 安克鉴权与设备云通道,allow,
api.eufy.com,Eufy,iot_core,high,Eufy 安克鉴权与设备云通道,allow,
account.eufy.com,Eufy,iot_core,high,Eufy 安克鉴权与设备云通道,allow,
myeufy.com,Eufy,iot_core,high,Eufy 安克鉴权与设备云通道,allow,
track.eufy.com,Eufy,analytics,medium,Eufy 遥测与统计上报,block_soft,设备匿名遥测/体验计划上报停止；不影响设备核心联网与控制
log.eufy.com,Eufy,analytics,medium,Eufy 遥测与统计上报,block_soft,设备匿名遥测/体验计划上报停止；不影响设备核心联网与控制
wyze.com,Wyze,iot_core,high,Wyze 鉴权与设备云通道,allow,
api.wyze.com,Wyze,iot_core,high,Wyze 鉴权与设备云通道,allow,
wyze-api.com,Wyze,iot_core,high,Wyze 鉴权与设备云通道,allow,
auth.wyze.com,Wyze,iot_core,high,Wyze 鉴权与设备云通道,allow,
track.wyze.com,Wyze,analytics,medium,Wyze 遥测与统计上报,block_soft,设备匿名遥测/体验计划上报停止；不影响设备核心联网与控制
log.wyze.com,Wyze,analytics,medium,Wyze 遥测与统计上报,block_soft,设备匿名遥测/体验计划上报停止；不影响设备核心联网与控制
kasa.com,TP-Link,iot_core,high,TP-Link Kasa/Tapo 鉴权与设备云通道,allow,
tapo.com,TP-Link,iot_core,high,TP-Link Kasa/Tapo 鉴权与设备云通道,allow,
api.tplinkra.com,TP-Link,iot_core,high,TP-Link Kasa/Tapo 鉴权与设备云通道,allow,
eu-api.tplinkra.com,TP-Link,iot_core,high,TP-Link Kasa/Tapo 鉴权与设备云通道,allow,
cn-api.tplinkra.com,TP-Link,iot_core,high,TP-Link Kasa/Tapo 鉴权与设备云通道,allow,
tp-link.com,TP-Link,iot_core,high,TP-Link Kasa/Tapo 鉴权与设备云通道,allow,
id.tplink.com,TP-Link,iot_core,high,TP-Link Kasa/Tapo 鉴权与设备云通道,allow,
track.tplink.com,TP-Link,analytics,medium,TP-Link 遥测与统计上报,block_soft,设备匿名遥测/体验计划上报停止；不影响设备核心联网与控制
log.tplink.com,TP-Link,analytics,medium,TP-Link 遥测与统计上报,block_soft,设备匿名遥测/体验计划上报停止；不影响设备核心联网与控制
ad.tplink.com,TP-Link,analytics,medium,TP-Link 遥测与统计上报,block_soft,设备匿名遥测/体验计划上报停止；不影响设备核心联网与控制
netgear.com,Netgear,iot_core,medium,Netgear 鉴权与云服务通道,allow,
kb.netgear.com,Netgear,iot_core,medium,Netgear 鉴权与云服务通道,allow,
readycloud.netgear.com,Netgear,iot_core,medium,Netgear 鉴权与云服务通道,allow,
api.netgear.com,Netgear,iot_core,medium,Netgear 鉴权与云服务通道,allow,
track.netgear.com,Netgear,analytics,medium,Netgear 遥测与统计上报,block_soft,设备匿名遥测/体验计划上报停止；不影响设备核心联网与控制
log.netgear.com,Netgear,analytics,medium,Netgear 遥测与统计上报,block_soft,设备匿名遥测/体验计划上报停止；不影响设备核心联网与控制
synology.com,Synology,iot_core,medium,群晖鉴权、更新与云服务通道,allow,
account.synology.com,Synology,iot_core,medium,群晖鉴权、更新与云服务通道,allow,
global.download.synology.com,Synology,iot_core,medium,群晖鉴权、更新与云服务通道,allow,
quicksupport.synology.com,Synology,iot_core,medium,群晖鉴权、更新与云服务通道,allow,
track.synology.com,Synology,analytics,medium,群晖遥测与统计上报,block_soft,设备匿名遥测/体验计划上报停止；不影响设备核心联网与控制
log.synology.com,Synology,analytics,medium,群晖遥测与统计上报,block_soft,设备匿名遥测/体验计划上报停止；不影响设备核心联网与控制
qnap.com,QNAP,iot_core,medium,威联通鉴权与云服务通道,allow,
account.qnap.com,QNAP,iot_core,medium,威联通鉴权与云服务通道,allow,
cloudaccess.qnap.com,QNAP,iot_core,medium,威联通鉴权与云服务通道,allow,
track.qnap.com,QNAP,analytics,medium,威联通遥测与统计上报,block_soft,设备匿名遥测/体验计划上报停止；不影响设备核心联网与控制
log.qnap.com,QNAP,analytics,medium,威联通遥测与统计上报,block_soft,设备匿名遥测/体验计划上报停止；不影响设备核心联网与控制
asus.com,ASUS,iot_core,medium,华硕鉴权与路由器云通道,allow,
api.asus.com,ASUS,iot_core,medium,华硕鉴权与路由器云通道,allow,
account.asus.com,ASUS,iot_core,medium,华硕鉴权与路由器云通道,allow,
router.asus.com,ASUS,iot_core,medium,华硕鉴权与路由器云通道,allow,
track.asus.com,ASUS,analytics,medium,华硕遥测与统计上报,block_soft,设备匿名遥测/体验计划上报停止；不影响设备核心联网与控制
log.asus.com,ASUS,analytics,medium,华硕遥测与统计上报,block_soft,设备匿名遥测/体验计划上报停止；不影响设备核心联网与控制
ui.com,Ubiquiti,iot_core,medium,Ubiquiti/UniFi 鉴权与云通道,allow,
unifi.ui.com,Ubiquiti,iot_core,medium,Ubiquiti/UniFi 鉴权与云通道,allow,
account.ui.com,Ubiquiti,iot_core,medium,Ubiquiti/UniFi 鉴权与云通道,allow,
ubnt.com,Ubiquiti,iot_core,medium,Ubiquiti/UniFi 鉴权与云通道,allow,
track.ubnt.com,Ubiquiti,analytics,medium,Ubiquiti 遥测与统计上报,block_soft,设备匿名遥测/体验计划上报停止；不影响设备核心联网与控制
log.ubnt.com,Ubiquiti,analytics,medium,Ubiquiti 遥测与统计上报,block_soft,设备匿名遥测/体验计划上报停止；不影响设备核心联网与控制
mikrotik.com,MikroTik,iot_core,medium,MikroTik 更新与云服务通道,allow,
mksb.mikrotik.com,MikroTik,iot_core,medium,MikroTik 更新与云服务通道,allow,
upgrade.mikrotik.com,MikroTik,iot_core,medium,MikroTik 更新与云服务通道,allow,
sonoff.tech,Sonoff,iot_core,high,Sonoff/eWeLink 鉴权与设备云通道,allow,
api.sonoff.cc,Sonoff,iot_core,high,Sonoff/eWeLink 鉴权与设备云通道,allow,
cn-api.coolkit.cc,Sonoff,iot_core,high,Sonoff/eWeLink 鉴权与设备云通道,allow,
us-api.coolkit.cc,Sonoff,iot_core,high,Sonoff/eWeLink 鉴权与设备云通道,allow,
eu-api.coolkit.cc,Sonoff,iot_core,high,Sonoff/eWeLink 鉴权与设备云通道,allow,
ewelink.cc,Sonoff,iot_core,high,Sonoff/eWeLink 鉴权与设备云通道,allow,
track.sonoff.cc,Sonoff,analytics,medium,Sonoff 遥测与统计上报,block_soft,设备匿名遥测/体验计划上报停止；不影响设备核心联网与控制
log.sonoff.cc,Sonoff,analytics,medium,Sonoff 遥测与统计上报,block_soft,设备匿名遥测/体验计划上报停止；不影响设备核心联网与控制
broadlink.com,BroadLink,iot_core,medium,BroadLink 鉴权与设备云通道,allow,
api.broadlink.com,BroadLink,iot_core,medium,BroadLink 鉴权与设备云通道,allow,
id.broadlink.com,BroadLink,iot_core,medium,BroadLink 鉴权与设备云通道,allow,
track.broadlink.com,BroadLink,analytics,medium,BroadLink 遥测与统计上报,block_soft,设备匿名遥测/体验计划上报停止；不影响设备核心联网与控制
log.broadlink.com,BroadLink,analytics,medium,BroadLink 遥测与统计上报,block_soft,设备匿名遥测/体验计划上报停止；不影响设备核心联网与控制
api.yeelight.com,Yeelight,iot_core,medium,Yeelight 鉴权与设备云通道,allow,
app.yeelight.com,Yeelight,iot_core,medium,Yeelight 鉴权与设备云通道,allow,
track.yeelight.com,Yeelight,analytics,medium,Yeelight 遥测与统计上报,block_soft,设备匿名遥测/体验计划上报停止；不影响设备核心联网与控制
log.yeelight.com,Yeelight,analytics,medium,Yeelight 遥测与统计上报,block_soft,设备匿名遥测/体验计划上报停止；不影响设备核心联网与控制
shelly.cloud,Shelly,iot_core,medium,Shelly 鉴权与设备云通道,allow,
api.shelly.cloud,Shelly,iot_core,medium,Shelly 鉴权与设备云通道,allow,
account.shelly.cloud,Shelly,iot_core,medium,Shelly 鉴权与设备云通道,allow,
belkin.com,Belkin,iot_core,medium,Belkin Wemo 鉴权与设备云通道,allow,
wemo.com,Belkin,iot_core,medium,Belkin Wemo 鉴权与设备云通道,allow,
api.wemo.com,Belkin,iot_core,medium,Belkin Wemo 鉴权与设备云通道,allow,
arlo.com,Arlo,iot_core,medium,Arlo 鉴权与设备云通道,allow,
api.arlo.com,Arlo,iot_core,medium,Arlo 鉴权与设备云通道,allow,
account.arlo.com,Arlo,iot_core,medium,Arlo 鉴权与设备云通道,allow,
track.arlo.com,Arlo,analytics,medium,Arlo 遥测与统计上报,block_soft,设备匿名遥测/体验计划上报停止；不影响设备核心联网与控制
log.arlo.com,Arlo,analytics,medium,Arlo 遥测与统计上报,block_soft,设备匿名遥测/体验计划上报停止；不影响设备核心联网与控制
ring.com,Ring,iot_core,medium,Ring 鉴权与设备云通道,allow,
api.ring.com,Ring,iot_core,medium,Ring 鉴权与设备云通道,allow,
account.ring.com,Ring,iot_core,medium,Ring 鉴权与设备云通道,allow,
philips-hue.com,Philips,iot_core,medium,Philips Hue 鉴权与设备云通道,allow,
api2.meethue.com,Philips,iot_core,medium,Philips Hue 鉴权与设备云通道,allow,
account.meethue.com,Philips,iot_core,medium,Philips Hue 鉴权与设备云通道,allow,
hue.com,Philips,iot_core,medium,Philips Hue 鉴权与设备云通道,allow,
track.philips.com,Philips,analytics,medium,飞利浦遥测与统计上报,block_soft,设备匿名遥测/体验计划上报停止；不影响设备核心联网与控制
log.philips.com,Philips,analytics,medium,飞利浦遥测与统计上报,block_soft,设备匿名遥测/体验计划上报停止；不影响设备核心联网与控制
smarttv.com,SmartTV,analytics,medium,智能电视遥测与广告聚合域名,block_soft,广告/营销与追踪被拦截；应用内广告与推荐位停止，不影响功能
youtube.com,SmartTV,analytics,medium,智能电视遥测与广告聚合域名,block_soft,广告/营销与追踪被拦截；应用内广告与推荐位停止，不影响功能
tv.youtube.com,SmartTV,analytics,medium,智能电视遥测与广告聚合域名,block_soft,广告/营销与追踪被拦截；应用内广告与推荐位停止，不影响功能
tvheadend.org,SmartTV,analytics,medium,智能电视遥测与广告聚合域名,block_soft,广告/营销与追踪被拦截；应用内广告与推荐位停止，不影响功能
lg.com,LG,iot_core,medium,LG webOS 电视鉴权与服务通道,allow,
lusvc.lg.com,LG,iot_core,medium,LG webOS 电视鉴权与服务通道,allow,
ai-sec.lg.com,LG,iot_core,medium,LG webOS 电视鉴权与服务通道,allow,
lgtv.com,LG,iot_core,medium,LG webOS 电视鉴权与服务通道,allow,
track.lg.com,LG,analytics,medium,LG 电视遥测与广告上报,block_soft,设备匿名遥测/体验计划上报停止；不影响设备核心联网与控制
log.lg.com,LG,analytics,medium,LG 电视遥测与广告上报,block_soft,设备匿名遥测/体验计划上报停止；不影响设备核心联网与控制
ads.lg.com,LG,analytics,medium,LG 电视遥测与广告上报,block_soft,设备匿名遥测/体验计划上报停止；不影响设备核心联网与控制
api.sony.com,Sony,iot_core,medium,Sony Bravia 电视鉴权与服务通道,allow,
bravia.com,Sony,iot_core,medium,Sony Bravia 电视鉴权与服务通道,allow,
sonyentertainmentnetwork.com,Sony,iot_core,medium,Sony Bravia 电视鉴权与服务通道,allow,
track.sony.com,Sony,analytics,medium,Sony 电视遥测与广告上报,block_soft,设备匿名遥测/体验计划上报停止；不影响设备核心联网与控制
log.sony.com,Sony,analytics,medium,Sony 电视遥测与广告上报,block_soft,设备匿名遥测/体验计划上报停止；不影响设备核心联网与控制
ads.sony.com,Sony,analytics,medium,Sony 电视遥测与广告上报,block_soft,设备匿名遥测/体验计划上报停止；不影响设备核心联网与控制
tv.tcl.com,TCL,iot_core,medium,TCL 电视鉴权与服务通道,allow,
api.tcl.com,TCL,iot_core,medium,TCL 电视鉴权与服务通道,allow,
account.tcl.com,TCL,iot_core,medium,TCL 电视鉴权与服务通道,allow,
track.tcl.com,TCL,analytics,medium,TCL 电视遥测与广告上报,block_soft,设备匿名遥测/体验计划上报停止；不影响设备核心联网与控制
log.tcl.com,TCL,analytics,medium,TCL 电视遥测与广告上报,block_soft,设备匿名遥测/体验计划上报停止；不影响设备核心联网与控制
ads.tcl.com,TCL,analytics,medium,TCL 电视遥测与广告上报,block_soft,设备匿名遥测/体验计划上报停止；不影响设备核心联网与控制
api.hisense.com,Hisense,iot_core,medium,海信电视鉴权与服务通道,allow,
account.hisense.com,Hisense,iot_core,medium,海信电视鉴权与服务通道,allow,
track.hisense.com,Hisense,analytics,medium,海信电视遥测与广告上报,block_soft,设备匿名遥测/体验计划上报停止；不影响设备核心联网与控制
log.hisense.com,Hisense,analytics,medium,海信电视遥测与广告上报,block_soft,设备匿名遥测/体验计划上报停止；不影响设备核心联网与控制
ads.hisense.com,Hisense,analytics,medium,海信电视遥测与广告上报,block_soft,设备匿名遥测/体验计划上报停止；不影响设备核心联网与控制
roku.com,Roku,iot_core,medium,Roku 鉴权与服务通道,allow,
api.roku.com,Roku,iot_core,medium,Roku 鉴权与服务通道,allow,
account.roku.com,Roku,iot_core,medium,Roku 鉴权与服务通道,allow,
rokudns.com,Roku,iot_core,medium,Roku 鉴权与服务通道,allow,
ads.roku.com,Roku,advertising,medium,Roku 广告与遥测上报,block_soft,广告/营销与追踪被拦截；应用内广告与推荐位停止，不影响功能
track.roku.com,Roku,advertising,medium,Roku 广告与遥测上报,block_soft,广告/营销与追踪被拦截；应用内广告与推荐位停止，不影响功能
log.roku.com,Roku,advertising,medium,Roku 广告与遥测上报,block_soft,广告/营销与追踪被拦截；应用内广告与推荐位停止，不影响功能
firetv.com,FireTV,iot_core,medium,Fire TV 鉴权与服务通道,allow,
amazon.com,FireTV,iot_core,medium,Fire TV 鉴权与服务通道,allow,
mixpanel.com,Mixpanel,analytics,high,Mixpanel 行为分析 SDK,block_soft,行为分析与崩溃统计停止；不影响应用核心功能
api.mixpanel.com,Mixpanel,analytics,high,Mixpanel 行为分析 SDK,block_soft,行为分析与崩溃统计停止；不影响应用核心功能
analytics.mixpanel.com,Mixpanel,analytics,high,Mixpanel 行为分析 SDK,block_soft,行为分析与崩溃统计停止；不影响应用核心功能
amplitude.com,Amplitude,analytics,high,Amplitude 行为分析 SDK,block_soft,行为分析与崩溃统计停止；不影响应用核心功能
api2.amplitude.com,Amplitude,analytics,high,Amplitude 行为分析 SDK,block_soft,行为分析与崩溃统计停止；不影响应用核心功能
api.amplitude.com,Amplitude,analytics,high,Amplitude 行为分析 SDK,block_soft,行为分析与崩溃统计停止；不影响应用核心功能
segment.io,Segment,analytics,high,Segment 数据管道 SDK,block_soft,行为分析与崩溃统计停止；不影响应用核心功能
api.segment.io,Segment,analytics,high,Segment 数据管道 SDK,block_soft,行为分析与崩溃统计停止；不影响应用核心功能
cdn.segment.com,Segment,analytics,high,Segment 数据管道 SDK,block_soft,行为分析与崩溃统计停止；不影响应用核心功能
stats.g.doubleclick.net,Google,analytics,high,Google Analytics 站点/应用统计,block_soft,行为分析与崩溃统计停止；不影响应用核心功能
google-analytics.com,Google,analytics,high,Google Analytics 站点/应用统计,block_soft,行为分析与崩溃统计停止；不影响应用核心功能
ga-dev-tools.google.com,Google,analytics,high,Google Analytics 站点/应用统计,block_soft,行为分析与崩溃统计停止；不影响应用核心功能
hotjar.com,Hotjar,analytics,high,Hotjar 会话热图分析,block_soft,行为分析与崩溃统计停止；不影响应用核心功能
static.hotjar.com,Hotjar,analytics,high,Hotjar 会话热图分析,block_soft,行为分析与崩溃统计停止；不影响应用核心功能
script.hotjar.com,Hotjar,analytics,high,Hotjar 会话热图分析,block_soft,行为分析与崩溃统计停止；不影响应用核心功能
fullstory.com,FullStory,analytics,high,FullStory 会话回放分析,block_soft,行为分析与崩溃统计停止；不影响应用核心功能
edge.fullstory.com,FullStory,analytics,high,FullStory 会话回放分析,block_soft,行为分析与崩溃统计停止；不影响应用核心功能
rs.fullstory.com,FullStory,analytics,high,FullStory 会话回放分析,block_soft,行为分析与崩溃统计停止；不影响应用核心功能
heap.io,Heap,analytics,high,Heap 自动捕获分析,block_soft,行为分析与崩溃统计停止；不影响应用核心功能
heapanalytics.com,Heap,analytics,high,Heap 自动捕获分析,block_soft,行为分析与崩溃统计停止；不影响应用核心功能
api.heapanalytics.com,Heap,analytics,high,Heap 自动捕获分析,block_soft,行为分析与崩溃统计停止；不影响应用核心功能
clevertap.com,CleverTap,analytics,high,CleverTap 用户行为/推送分析,block_soft,行为分析与崩溃统计停止；不影响应用核心功能
api.clevertap.com,CleverTap,analytics,high,CleverTap 用户行为/推送分析,block_soft,行为分析与崩溃统计停止；不影响应用核心功能
localytics.com,Localytics,analytics,high,Localytics 应用分析,block_soft,行为分析与崩溃统计停止；不影响应用核心功能
api.localytics.com,Localytics,analytics,high,Localytics 应用分析,block_soft,行为分析与崩溃统计停止；不影响应用核心功能
analytics.localytics.com,Localytics,analytics,high,Localytics 应用分析,block_soft,行为分析与崩溃统计停止；不影响应用核心功能
countly.com,Countly,analytics,high,Countly 产品分析,block_soft,行为分析与崩溃统计停止；不影响应用核心功能
api.countly.com,Countly,analytics,high,Countly 产品分析,block_soft,行为分析与崩溃统计停止；不影响应用核心功能
countly.sparkpad.io,Countly,analytics,high,Countly 产品分析,block_soft,行为分析与崩溃统计停止；不影响应用核心功能
kissmetrics.com,KISSmetrics,analytics,high,KISSmetrics 事件分析,block_soft,行为分析与崩溃统计停止；不影响应用核心功能
api.kissmetrics.com,KISSmetrics,analytics,high,KISSmetrics 事件分析,block_soft,行为分析与崩溃统计停止；不影响应用核心功能
trk.kissmetrics.com,KISSmetrics,analytics,high,KISSmetrics 事件分析,block_soft,行为分析与崩溃统计停止；不影响应用核心功能
keen.io,Keen,analytics,medium,Keen IO 事件分析,block_soft,行为分析与崩溃统计停止；不影响应用核心功能
api.keen.io,Keen,analytics,medium,Keen IO 事件分析,block_soft,行为分析与崩溃统计停止；不影响应用核心功能
keencdn.com,Keen,analytics,medium,Keen IO 事件分析,block_soft,行为分析与崩溃统计停止；不影响应用核心功能
ingest.sentry.io,Sentry,analytics,high,Sentry 崩溃/异常上报,block_soft,行为分析与崩溃统计停止；不影响应用核心功能
o1.ingest.sentry.io,Sentry,analytics,high,Sentry 崩溃/异常上报,block_soft,行为分析与崩溃统计停止；不影响应用核心功能
bugsnag.com,Bugsnag,analytics,high,Bugsnag 稳定性监控,block_soft,行为分析与崩溃统计停止；不影响应用核心功能
api.bugsnag.com,Bugsnag,analytics,high,Bugsnag 稳定性监控,block_soft,行为分析与崩溃统计停止；不影响应用核心功能
notify.bugsnag.com,Bugsnag,analytics,high,Bugsnag 稳定性监控,block_soft,行为分析与崩溃统计停止；不影响应用核心功能
instabug.com,Instabug,analytics,medium,Instabug 崩溃/反馈 SDK,block_soft,行为分析与崩溃统计停止；不影响应用核心功能
api.instabug.com,Instabug,analytics,medium,Instabug 崩溃/反馈 SDK,block_soft,行为分析与崩溃统计停止；不影响应用核心功能
exec.instabug.com,Instabug,analytics,medium,Instabug 崩溃/反馈 SDK,block_soft,行为分析与崩溃统计停止；不影响应用核心功能
testfairy.com,TestFairy,analytics,medium,TestFairy 测试遥测,block_soft,行为分析与崩溃统计停止；不影响应用核心功能
api.testfairy.com,TestFairy,analytics,medium,TestFairy 测试遥测,block_soft,行为分析与崩溃统计停止；不影响应用核心功能
appsee.com,AppSee,analytics,medium,AppSee 会话回放,block_soft,行为分析与崩溃统计停止；不影响应用核心功能
api.appsee.com,AppSee,analytics,medium,AppSee 会话回放,block_soft,行为分析与崩溃统计停止；不影响应用核心功能
uxcam.com,UXCam,analytics,medium,UXCam 会话/手势分析,block_soft,行为分析与崩溃统计停止；不影响应用核心功能
api.uxcam.com,UXCam,analytics,medium,UXCam 会话/手势分析,block_soft,行为分析与崩溃统计停止；不影响应用核心功能
smartlook.com,Smartlook,analytics,medium,Smartlook 会话回放,block_soft,行为分析与崩溃统计停止；不影响应用核心功能
api.smartlook.com,Smartlook,analytics,medium,Smartlook 会话回放,block_soft,行为分析与崩溃统计停止；不影响应用核心功能
logrocket.com,LogRocket,analytics,medium,LogRocket 前端会话回放,block_soft,行为分析与崩溃统计停止；不影响应用核心功能
api.logrocket.com,LogRocket,analytics,medium,LogRocket 前端会话回放,block_soft,行为分析与崩溃统计停止；不影响应用核心功能
cdn.logrocket.com,LogRocket,analytics,medium,LogRocket 前端会话回放,block_soft,行为分析与崩溃统计停止；不影响应用核心功能
posthog.com,PostHog,analytics,medium,PostHog 产品分析,block_soft,行为分析与崩溃统计停止；不影响应用核心功能
app.posthog.com,PostHog,analytics,medium,PostHog 产品分析,block_soft,行为分析与崩溃统计停止；不影响应用核心功能
e.posthog.com,PostHog,analytics,medium,PostHog 产品分析,block_soft,行为分析与崩溃统计停止；不影响应用核心功能
flutter.io,Flutter,analytics,low,Flutter 框架遥测,block_soft,行为分析与崩溃统计停止；不影响应用核心功能
analytics.flutter.io,Flutter,analytics,low,Flutter 框架遥测,block_soft,行为分析与崩溃统计停止；不影响应用核心功能
appsflyer.com,AppsFlyer,analytics,high,AppsFlyer 安装归因 SDK,block_soft,行为分析与崩溃统计停止；不影响应用核心功能
api2.appsflyer.com,AppsFlyer,analytics,high,AppsFlyer 安装归因 SDK,block_soft,行为分析与崩溃统计停止；不影响应用核心功能
appsflyer.net,AppsFlyer,analytics,high,AppsFlyer 安装归因 SDK,block_soft,行为分析与崩溃统计停止；不影响应用核心功能
attribution.adjust.com,Adjust,analytics,high,Adjust 安装归因 SDK,block_soft,行为分析与崩溃统计停止；不影响应用核心功能
branch.io,Branch,analytics,high,Branch 深度链接/归因 SDK,block_soft,行为分析与崩溃统计停止；不影响应用核心功能
cdn.branch.io,Branch,analytics,high,Branch 深度链接/归因 SDK,block_soft,行为分析与崩溃统计停止；不影响应用核心功能
kochava.com,Kochava,analytics,high,Kochava 归因/受众 SDK,block_soft,行为分析与崩溃统计停止；不影响应用核心功能
api.kochava.com,Kochava,analytics,high,Kochava 归因/受众 SDK,block_soft,行为分析与崩溃统计停止；不影响应用核心功能
control.kochava.com,Kochava,analytics,high,Kochava 归因/受众 SDK,block_soft,行为分析与崩溃统计停止；不影响应用核心功能
tune.com,TUNE,analytics,high,TUNE/HasOffers 归因,block_soft,行为分析与崩溃统计停止；不影响应用核心功能
api.tune.com,TUNE,analytics,high,TUNE/HasOffers 归因,block_soft,行为分析与崩溃统计停止；不影响应用核心功能
offers.tune.com,TUNE,analytics,high,TUNE/HasOffers 归因,block_soft,行为分析与崩溃统计停止；不影响应用核心功能
singular.net,Singular,analytics,high,Singular 归因/营销分析,block_soft,行为分析与崩溃统计停止；不影响应用核心功能
api.singular.net,Singular,analytics,high,Singular 归因/营销分析,block_soft,行为分析与崩溃统计停止；不影响应用核心功能
sngl.io,Singular,analytics,high,Singular 归因/营销分析,block_soft,行为分析与崩溃统计停止；不影响应用核心功能
tapjoy.com,Tapjoy,advertising,high,Tapjoy 广告/激励 SDK,block_soft,广告/营销与追踪被拦截；应用内广告与推荐位停止，不影响功能
api.tapjoy.com,Tapjoy,advertising,high,Tapjoy 广告/激励 SDK,block_soft,广告/营销与追踪被拦截；应用内广告与推荐位停止，不影响功能
offers.tapjoy.com,Tapjoy,advertising,high,Tapjoy 广告/激励 SDK,block_soft,广告/营销与追踪被拦截；应用内广告与推荐位停止，不影响功能
fyber.com,Fyber,advertising,high,Fyber 广告变现 SDK,block_soft,广告/营销与追踪被拦截；应用内广告与推荐位停止，不影响功能
api.fyber.com,Fyber,advertising,high,Fyber 广告变现 SDK,block_soft,广告/营销与追踪被拦截；应用内广告与推荐位停止，不影响功能
sdk.fyber.com,Fyber,advertising,high,Fyber 广告变现 SDK,block_soft,广告/营销与追踪被拦截；应用内广告与推荐位停止，不影响功能
api.adcolony.com,AdColony,advertising,high,AdColony 视频广告 SDK,block_soft,广告/营销与追踪被拦截；应用内广告与推荐位停止，不影响功能
v4.adcolony.com,AdColony,advertising,high,AdColony 视频广告 SDK,block_soft,广告/营销与追踪被拦截；应用内广告与推荐位停止，不影响功能
chartboost.com,Chartboost,advertising,high,Chartboost 游戏广告 SDK,block_soft,广告/营销与追踪被拦截；应用内广告与推荐位停止，不影响功能
api.chartboost.com,Chartboost,advertising,high,Chartboost 游戏广告 SDK,block_soft,广告/营销与追踪被拦截；应用内广告与推荐位停止，不影响功能
cdn.chartboost.com,Chartboost,advertising,high,Chartboost 游戏广告 SDK,block_soft,广告/营销与追踪被拦截；应用内广告与推荐位停止，不影响功能
vungle.com,Vungle,advertising,high,Vungle 视频广告 SDK,block_soft,广告/营销与追踪被拦截；应用内广告与推荐位停止，不影响功能
api.vungle.com,Vungle,advertising,high,Vungle 视频广告 SDK,block_soft,广告/营销与追踪被拦截；应用内广告与推荐位停止，不影响功能
ads.api.vungle.com,Vungle,advertising,high,Vungle 视频广告 SDK,block_soft,广告/营销与追踪被拦截；应用内广告与推荐位停止，不影响功能
applovin.com,AppLovin,advertising,high,AppLovin 广告变现 SDK,block_soft,广告/营销与追踪被拦截；应用内广告与推荐位停止，不影响功能
api.applovin.com,AppLovin,advertising,high,AppLovin 广告变现 SDK,block_soft,广告/营销与追踪被拦截；应用内广告与推荐位停止，不影响功能
sdk.applovin.com,AppLovin,advertising,high,AppLovin 广告变现 SDK,block_soft,广告/营销与追踪被拦截；应用内广告与推荐位停止，不影响功能
hx.applovin.com,AppLovin,advertising,high,AppLovin 广告变现 SDK,block_soft,广告/营销与追踪被拦截；应用内广告与推荐位停止，不影响功能
unity3d.com,Unity,advertising,high,Unity Ads 游戏广告 SDK,block_soft,广告/营销与追踪被拦截；应用内广告与推荐位停止，不影响功能
unityads.unity3d.com,Unity,advertising,high,Unity Ads 游戏广告 SDK,block_soft,广告/营销与追踪被拦截；应用内广告与推荐位停止，不影响功能
api.liverail.com,Unity,advertising,high,Unity Ads 游戏广告 SDK,block_soft,广告/营销与追踪被拦截；应用内广告与推荐位停止，不影响功能
ads.unity3d.com,Unity,advertising,high,Unity Ads 游戏广告 SDK,block_soft,广告/营销与追踪被拦截；应用内广告与推荐位停止，不影响功能
ironsrc.com,ironSource,advertising,high,ironSource 广告变现 SDK,block_soft,广告/营销与追踪被拦截；应用内广告与推荐位停止，不影响功能
api.ironsrc.com,ironSource,advertising,high,ironSource 广告变现 SDK,block_soft,广告/营销与追踪被拦截；应用内广告与推荐位停止，不影响功能
sdk.ironsrc.com,ironSource,advertising,high,ironSource 广告变现 SDK,block_soft,广告/营销与追踪被拦截；应用内广告与推荐位停止，不影响功能
mintegral.com,Mintegral,advertising,high,Mintegral 程序化广告 SDK,block_soft,广告/营销与追踪被拦截；应用内广告与推荐位停止，不影响功能
api.mintegral.com,Mintegral,advertising,high,Mintegral 程序化广告 SDK,block_soft,广告/营销与追踪被拦截；应用内广告与推荐位停止，不影响功能
sdk.mintegral.com,Mintegral,advertising,high,Mintegral 程序化广告 SDK,block_soft,广告/营销与追踪被拦截；应用内广告与推荐位停止，不影响功能
mobvista.com,Mobvista,advertising,high,Mobvista 广告 SDK,block_soft,广告/营销与追踪被拦截；应用内广告与推荐位停止，不影响功能
api.mobvista.com,Mobvista,advertising,high,Mobvista 广告 SDK,block_soft,广告/营销与追踪被拦截；应用内广告与推荐位停止，不影响功能
sdk.mobvista.com,Mobvista,advertising,high,Mobvista 广告 SDK,block_soft,广告/营销与追踪被拦截；应用内广告与推荐位停止，不影响功能
pangle.cn,Pangle,advertising,high,Pangle/穿山甲 广告 SDK,block_soft,广告/营销与追踪被拦截；应用内广告与推荐位停止，不影响功能
pangle.io,Pangle,advertising,high,Pangle/穿山甲 广告 SDK,block_soft,广告/营销与追踪被拦截；应用内广告与推荐位停止，不影响功能
api.pangle.cn,Pangle,advertising,high,Pangle/穿山甲 广告 SDK,block_soft,广告/营销与追踪被拦截；应用内广告与推荐位停止，不影响功能
ads.pangle.io,Pangle,advertising,high,Pangle/穿山甲 广告 SDK,block_soft,广告/营销与追踪被拦截；应用内广告与推荐位停止，不影响功能
inmobi.com,InMobi,advertising,high,InMobi 移动广告 SDK,block_soft,广告/营销与追踪被拦截；应用内广告与推荐位停止，不影响功能
api.inmobi.com,InMobi,advertising,high,InMobi 移动广告 SDK,block_soft,广告/营销与追踪被拦截；应用内广告与推荐位停止，不影响功能
i.inmobi.com,InMobi,advertising,high,InMobi 移动广告 SDK,block_soft,广告/营销与追踪被拦截；应用内广告与推荐位停止，不影响功能
smaato.com,Smaato,advertising,high,Smaato 广告交换 SDK,block_soft,广告/营销与追踪被拦截；应用内广告与推荐位停止，不影响功能
api.smaato.com,Smaato,advertising,high,Smaato 广告交换 SDK,block_soft,广告/营销与追踪被拦截；应用内广告与推荐位停止，不影响功能
smaato.net,Smaato,advertising,high,Smaato 广告交换 SDK,block_soft,广告/营销与追踪被拦截；应用内广告与推荐位停止，不影响功能
mobfox.com,MobFox,advertising,high,MobFox/inneractive 广告,block_soft,广告/营销与追踪被拦截；应用内广告与推荐位停止，不影响功能
api.mobfox.com,MobFox,advertising,high,MobFox/inneractive 广告,block_soft,广告/营销与追踪被拦截；应用内广告与推荐位停止，不影响功能
sdk.mobfox.com,MobFox,advertising,high,MobFox/inneractive 广告,block_soft,广告/营销与追踪被拦截；应用内广告与推荐位停止，不影响功能
inner-active.com,Inneractive,advertising,medium,Inneractive 广告 SDK,block_soft,广告/营销与追踪被拦截；应用内广告与推荐位停止，不影响功能
api.inner-active.com,Inneractive,advertising,medium,Inneractive 广告 SDK,block_soft,广告/营销与追踪被拦截；应用内广告与推荐位停止，不影响功能
millennialmedia.com,Millennial,advertising,medium,Millennial Media 广告,block_soft,广告/营销与追踪被拦截；应用内广告与推荐位停止，不影响功能
api.millennialmedia.com,Millennial,advertising,medium,Millennial Media 广告,block_soft,广告/营销与追踪被拦截；应用内广告与推荐位停止，不影响功能
startapp.com,StartApp,advertising,high,StartApp 广告 SDK,block_soft,广告/营销与追踪被拦截；应用内广告与推荐位停止，不影响功能
api.startapp.com,StartApp,advertising,high,StartApp 广告 SDK,block_soft,广告/营销与追踪被拦截；应用内广告与推荐位停止，不影响功能
sdk.startapp.com,StartApp,advertising,high,StartApp 广告 SDK,block_soft,广告/营销与追踪被拦截；应用内广告与推荐位停止，不影响功能
leadbolt.com,Leadbolt,advertising,medium,Leadbolt 广告 SDK,block_soft,广告/营销与追踪被拦截；应用内广告与推荐位停止，不影响功能
api.leadbolt.com,Leadbolt,advertising,medium,Leadbolt 广告 SDK,block_soft,广告/营销与追踪被拦截；应用内广告与推荐位停止，不影响功能
doubleclick.net,AdNetwork,advertising,high,主流广告交换/网盟域名,block_soft,广告/营销与追踪被拦截；应用内广告与推荐位停止，不影响功能
ad.doubleclick.net,AdNetwork,advertising,high,主流广告交换/网盟域名,block_soft,广告/营销与追踪被拦截；应用内广告与推荐位停止，不影响功能
adx.doubleclick.net,AdNetwork,advertising,high,主流广告交换/网盟域名,block_soft,广告/营销与追踪被拦截；应用内广告与推荐位停止，不影响功能
googlesyndication.com,AdNetwork,advertising,high,主流广告交换/网盟域名,block_soft,广告/营销与追踪被拦截；应用内广告与推荐位停止，不影响功能
adnxs.com,AdNetwork,advertising,high,主流广告交换/网盟域名,block_soft,广告/营销与追踪被拦截；应用内广告与推荐位停止，不影响功能
criteo.com,AdNetwork,advertising,high,主流广告交换/网盟域名,block_soft,广告/营销与追踪被拦截；应用内广告与推荐位停止，不影响功能
criteo.net,AdNetwork,advertising,high,主流广告交换/网盟域名,block_soft,广告/营销与追踪被拦截；应用内广告与推荐位停止，不影响功能
pubmatic.com,AdNetwork,advertising,high,主流广告交换/网盟域名,block_soft,广告/营销与追踪被拦截；应用内广告与推荐位停止，不影响功能
rubiconproject.com,AdNetwork,advertising,high,主流广告交换/网盟域名,block_soft,广告/营销与追踪被拦截；应用内广告与推荐位停止，不影响功能
openx.net,AdNetwork,advertising,high,主流广告交换/网盟域名,block_soft,广告/营销与追踪被拦截；应用内广告与推荐位停止，不影响功能
openx.com,AdNetwork,advertising,high,主流广告交换/网盟域名,block_soft,广告/营销与追踪被拦截；应用内广告与推荐位停止，不影响功能
indexexchange.com,AdNetwork,advertising,high,主流广告交换/网盟域名,block_soft,广告/营销与追踪被拦截；应用内广告与推荐位停止，不影响功能
spotx.tv,AdNetwork,advertising,high,主流广告交换/网盟域名,block_soft,广告/营销与追踪被拦截；应用内广告与推荐位停止，不影响功能
freewheel.tv,AdNetwork,advertising,high,主流广告交换/网盟域名,block_soft,广告/营销与追踪被拦截；应用内广告与推荐位停止，不影响功能
casalemedia.com,AdNetwork,advertising,high,主流广告交换/网盟域名,block_soft,广告/营销与追踪被拦截；应用内广告与推荐位停止，不影响功能
moatads.com,AdNetwork,advertising,high,主流广告交换/网盟域名,block_soft,广告/营销与追踪被拦截；应用内广告与推荐位停止，不影响功能
scorecardresearch.com,AdNetwork,advertising,high,主流广告交换/网盟域名,block_soft,广告/营销与追踪被拦截；应用内广告与推荐位停止，不影响功能
serving-sys.com,AdNetwork,advertising,high,主流广告交换/网盟域名,block_soft,广告/营销与追踪被拦截；应用内广告与推荐位停止，不影响功能
advertising.com,AdNetwork,advertising,high,主流广告交换/网盟域名,block_soft,广告/营销与追踪被拦截；应用内广告与推荐位停止，不影响功能
adtech.com,AdNetwork,advertising,high,主流广告交换/网盟域名,block_soft,广告/营销与追踪被拦截；应用内广告与推荐位停止，不影响功能
taboola.com,AdNetwork,advertising,high,主流广告交换/网盟域名,block_soft,广告/营销与追踪被拦截；应用内广告与推荐位停止，不影响功能
outbrain.com,AdNetwork,advertising,high,主流广告交换/网盟域名,block_soft,广告/营销与追踪被拦截；应用内广告与推荐位停止，不影响功能
revcontent.com,AdNetwork,advertising,high,主流广告交换/网盟域名,block_soft,广告/营销与追踪被拦截；应用内广告与推荐位停止，不影响功能
media.net,AdNetwork,advertising,high,主流广告交换/网盟域名,block_soft,广告/营销与追踪被拦截；应用内广告与推荐位停止，不影响功能
conversantmedia.com,AdNetwork,advertising,high,主流广告交换/网盟域名,block_soft,广告/营销与追踪被拦截；应用内广告与推荐位停止，不影响功能
mathtag.com,AdNetwork,advertising,high,主流广告交换/网盟域名,block_soft,广告/营销与追踪被拦截；应用内广告与推荐位停止，不影响功能
facebook.com,Meta,social,high,Meta/Facebook 社交与追踪像素,block_soft,社交追踪/画像与分享回调用被拦截；第三方登录可能降级，不影响主功能
fbcdn.net,Meta,social,high,Meta/Facebook 社交与追踪像素,block_soft,社交追踪/画像与分享回调用被拦截；第三方登录可能降级，不影响主功能
graph.facebook.com,Meta,social,high,Meta/Facebook 社交与追踪像素,block_soft,社交追踪/画像与分享回调用被拦截；第三方登录可能降级，不影响主功能
analytics.facebook.com,Meta,social,high,Meta/Facebook 社交与追踪像素,block_soft,社交追踪/画像与分享回调用被拦截；第三方登录可能降级，不影响主功能
fbsbx.com,Meta,social,high,Meta/Facebook 社交与追踪像素,block_soft,社交追踪/画像与分享回调用被拦截；第三方登录可能降级，不影响主功能
facebook.net,Meta,social,high,Meta/Facebook 社交与追踪像素,block_soft,社交追踪/画像与分享回调用被拦截；第三方登录可能降级，不影响主功能
twitter.com,Twitter,social,high,Twitter/X 社交与追踪,block_soft,社交追踪/画像与分享回调用被拦截；第三方登录可能降级，不影响主功能
twimg.com,Twitter,social,high,Twitter/X 社交与追踪,block_soft,社交追踪/画像与分享回调用被拦截；第三方登录可能降级，不影响主功能
t.co,Twitter,social,high,Twitter/X 社交与追踪,block_soft,社交追踪/画像与分享回调用被拦截；第三方登录可能降级，不影响主功能
analytics.twitter.com,Twitter,social,high,Twitter/X 社交与追踪,block_soft,社交追踪/画像与分享回调用被拦截；第三方登录可能降级，不影响主功能
ads.twitter.com,Twitter,social,high,Twitter/X 社交与追踪,block_soft,社交追踪/画像与分享回调用被拦截；第三方登录可能降级，不影响主功能
linkedin.com,LinkedIn,social,high,LinkedIn 社交与追踪,block_soft,社交追踪/画像与分享回调用被拦截；第三方登录可能降级，不影响主功能
licdn.com,LinkedIn,social,high,LinkedIn 社交与追踪,block_soft,社交追踪/画像与分享回调用被拦截；第三方登录可能降级，不影响主功能
ads.linkedin.com,LinkedIn,social,high,LinkedIn 社交与追踪,block_soft,社交追踪/画像与分享回调用被拦截；第三方登录可能降级，不影响主功能
static.licdn.com,LinkedIn,social,high,LinkedIn 社交与追踪,block_soft,社交追踪/画像与分享回调用被拦截；第三方登录可能降级，不影响主功能
pinterest.com,Pinterest,social,high,Pinterest 社交与追踪,block_soft,社交追踪/画像与分享回调用被拦截；第三方登录可能降级，不影响主功能
pinimg.com,Pinterest,social,high,Pinterest 社交与追踪,block_soft,社交追踪/画像与分享回调用被拦截；第三方登录可能降级，不影响主功能
analytics.pinterest.com,Pinterest,social,high,Pinterest 社交与追踪,block_soft,社交追踪/画像与分享回调用被拦截；第三方登录可能降级，不影响主功能
reddit.com,Reddit,social,medium,Reddit 社交与追踪,block_soft,社交追踪/画像与分享回调用被拦截；第三方登录可能降级，不影响主功能
redditstatic.com,Reddit,social,medium,Reddit 社交与追踪,block_soft,社交追踪/画像与分享回调用被拦截；第三方登录可能降级，不影响主功能
redditmedia.com,Reddit,social,medium,Reddit 社交与追踪,block_soft,社交追踪/画像与分享回调用被拦截；第三方登录可能降级，不影响主功能
line.me,LINE,social,medium,LINE 社交与追踪,block_soft,社交追踪/画像与分享回调用被拦截；第三方登录可能降级，不影响主功能
line-apps.com,LINE,social,medium,LINE 社交与追踪,block_soft,社交追踪/画像与分享回调用被拦截；第三方登录可能降级，不影响主功能
line-scdn.net,LINE,social,medium,LINE 社交与追踪,block_soft,社交追踪/画像与分享回调用被拦截；第三方登录可能降级，不影响主功能
obs.line-apps.com,LINE,social,medium,LINE 社交与追踪,block_soft,社交追踪/画像与分享回调用被拦截；第三方登录可能降级，不影响主功能
wechat.com,Tencent,social,high,微信/QQ 社交与追踪/分享回调,block_soft,社交追踪/画像与分享回调用被拦截；第三方登录可能降级，不影响主功能
weixin.qq.com,Tencent,social,high,微信/QQ 社交与追踪/分享回调,block_soft,社交追踪/画像与分享回调用被拦截；第三方登录可能降级，不影响主功能
qq.com,Tencent,social,high,微信/QQ 社交与追踪/分享回调,block_soft,社交追踪/画像与分享回调用被拦截；第三方登录可能降级，不影响主功能
qlogo.cn,Tencent,social,high,微信/QQ 社交与追踪/分享回调,block_soft,社交追踪/画像与分享回调用被拦截；第三方登录可能降级，不影响主功能
qzone.qq.com,Tencent,social,high,微信/QQ 社交与追踪/分享回调,block_soft,社交追踪/画像与分享回调用被拦截；第三方登录可能降级，不影响主功能
tqq.cn,Tencent,social,high,微信/QQ 社交与追踪/分享回调,block_soft,社交追踪/画像与分享回调用被拦截；第三方登录可能降级，不影响主功能
open.qq.com,Tencent,social,high,微信/QQ 社交与追踪/分享回调,block_soft,社交追踪/画像与分享回调用被拦截；第三方登录可能降级，不影响主功能
connect.qq.com,Tencent,social,high,微信/QQ 社交与追踪/分享回调,block_soft,社交追踪/画像与分享回调用被拦截；第三方登录可能降级，不影响主功能
graph.qq.com,Tencent,social,high,微信/QQ 社交与追踪/分享回调,block_soft,社交追踪/画像与分享回调用被拦截；第三方登录可能降级，不影响主功能
weibo.com,Sina,social,high,微博社交与追踪,block_soft,社交追踪/画像与分享回调用被拦截；第三方登录可能降级，不影响主功能
weibo.cn,Sina,social,high,微博社交与追踪,block_soft,社交追踪/画像与分享回调用被拦截；第三方登录可能降级，不影响主功能
t.cn,Sina,social,high,微博社交与追踪,block_soft,社交追踪/画像与分享回调用被拦截；第三方登录可能降级，不影响主功能
sinaimg.cn,Sina,social,high,微博社交与追踪,block_soft,社交追踪/画像与分享回调用被拦截；第三方登录可能降级，不影响主功能
sina.cn,Sina,social,high,微博社交与追踪,block_soft,社交追踪/画像与分享回调用被拦截；第三方登录可能降级，不影响主功能
douyin.com,ByteDance,social,high,字节跳动/抖音/头条社交与追踪,block_soft,社交追踪/画像与分享回调用被拦截；第三方登录可能降级，不影响主功能
ixigua.com,ByteDance,social,high,字节跳动/抖音/头条社交与追踪,block_soft,社交追踪/画像与分享回调用被拦截；第三方登录可能降级，不影响主功能
toutiao.com,ByteDance,social,high,字节跳动/抖音/头条社交与追踪,block_soft,社交追踪/画像与分享回调用被拦截；第三方登录可能降级，不影响主功能
bytedance.com,ByteDance,social,high,字节跳动/抖音/头条社交与追踪,block_soft,社交追踪/画像与分享回调用被拦截；第三方登录可能降级，不影响主功能
bytedanceapi.com,ByteDance,social,high,字节跳动/抖音/头条社交与追踪,block_soft,社交追踪/画像与分享回调用被拦截；第三方登录可能降级，不影响主功能
pstatp.com,ByteDance,social,high,字节跳动/抖音/头条社交与追踪,block_soft,社交追踪/画像与分享回调用被拦截；第三方登录可能降级，不影响主功能
tongji.baidu.com,Baidu,analytics,high,百度统计/联盟/地图遥测,block_soft,国内服务遥测/统计与广告被拦截；不影响核心业务功能
pos.baidu.com,Baidu,analytics,high,百度统计/联盟/地图遥测,block_soft,国内服务遥测/统计与广告被拦截；不影响核心业务功能
nsclick.baidu.com,Baidu,analytics,high,百度统计/联盟/地图遥测,block_soft,国内服务遥测/统计与广告被拦截；不影响核心业务功能
analytics.umeng.com,Umeng,analytics,high,友盟+ 移动统计/推送分析,block_soft,国内服务遥测/统计与广告被拦截；不影响核心业务功能
mobile.umeng.com,Umeng,analytics,high,友盟+ 移动统计/推送分析,block_soft,国内服务遥测/统计与广告被拦截；不影响核心业务功能
umeng.co,Umeng,analytics,high,友盟+ 移动统计/推送分析,block_soft,国内服务遥测/统计与广告被拦截；不影响核心业务功能
uq.umeng.com,Umeng,analytics,high,友盟+ 移动统计/推送分析,block_soft,国内服务遥测/统计与广告被拦截；不影响核心业务功能
appcontrol.umeng.com,Umeng,analytics,high,友盟+ 移动统计/推送分析,block_soft,国内服务遥测/统计与广告被拦截；不影响核心业务功能
sensorsdata.cn,SensorsData,analytics,high,神策数据 用户行为分析,block_soft,国内服务遥测/统计与广告被拦截；不影响核心业务功能
api.sensorsdata.cn,SensorsData,analytics,high,神策数据 用户行为分析,block_soft,国内服务遥测/统计与广告被拦截；不影响核心业务功能
sa.sensorsdata.cn,SensorsData,analytics,high,神策数据 用户行为分析,block_soft,国内服务遥测/统计与广告被拦截；不影响核心业务功能
api.talkingdata.com,TalkingData,analytics,high,TalkingData 移动分析,block_soft,国内服务遥测/统计与广告被拦截；不影响核心业务功能
tdata.cn,TalkingData,analytics,high,TalkingData 移动分析,block_soft,国内服务遥测/统计与广告被拦截；不影响核心业务功能
growingio.com,GrowingIO,analytics,high,GrowingIO 无埋点分析,block_soft,国内服务遥测/统计与广告被拦截；不影响核心业务功能
api.growingio.com,GrowingIO,analytics,high,GrowingIO 无埋点分析,block_soft,国内服务遥测/统计与广告被拦截；不影响核心业务功能
cdn.growingio.com,GrowingIO,analytics,high,GrowingIO 无埋点分析,block_soft,国内服务遥测/统计与广告被拦截；不影响核心业务功能
bugly.com,Tencent,analytics,high,腾讯 Bugly 崩溃/质量监控,block_soft,国内服务遥测/统计与广告被拦截；不影响核心业务功能
api.bugly.qq.com,Tencent,analytics,high,腾讯 Bugly 崩溃/质量监控,block_soft,国内服务遥测/统计与广告被拦截；不影响核心业务功能
mta.qq.com,Tencent,analytics,high,腾讯 MTA/灯塔/OpenInstall 统计,block_soft,国内服务遥测/统计与广告被拦截；不影响核心业务功能
stat.qq.com,Tencent,analytics,high,腾讯 MTA/灯塔/OpenInstall 统计,block_soft,国内服务遥测/统计与广告被拦截；不影响核心业务功能
beacon.qq.com,Tencent,analytics,high,腾讯 MTA/灯塔/OpenInstall 统计,block_soft,国内服务遥测/统计与广告被拦截；不影响核心业务功能
openinstall.io,Tencent,analytics,high,腾讯 MTA/灯塔/OpenInstall 统计,block_soft,国内服务遥测/统计与广告被拦截；不影响核心业务功能
taobao.com,Alibaba,advertising,high,阿里/淘宝/阿里妈妈广告与统计,block_soft,国内服务遥测/统计与广告被拦截；不影响核心业务功能
alimama.com,Alibaba,advertising,high,阿里/淘宝/阿里妈妈广告与统计,block_soft,国内服务遥测/统计与广告被拦截；不影响核心业务功能
aliyun.com,Alibaba,advertising,high,阿里/淘宝/阿里妈妈广告与统计,block_soft,国内服务遥测/统计与广告被拦截；不影响核心业务功能
alibaba.com,Alibaba,advertising,high,阿里/淘宝/阿里妈妈广告与统计,block_soft,国内服务遥测/统计与广告被拦截；不影响核心业务功能
ad.alimama.com,Alibaba,advertising,high,阿里/淘宝/阿里妈妈广告与统计,block_soft,国内服务遥测/统计与广告被拦截；不影响核心业务功能
afp.alimama.com,Alibaba,advertising,high,阿里/淘宝/阿里妈妈广告与统计,block_soft,国内服务遥测/统计与广告被拦截；不影响核心业务功能
m.alimama.com,Alibaba,advertising,high,阿里/淘宝/阿里妈妈广告与统计,block_soft,国内服务遥测/统计与广告被拦截；不影响核心业务功能
360.cn,Qihoo,analytics,high,360/ CNZZ 统计与遥测,block_soft,国内服务遥测/统计与广告被拦截；不影响核心业务功能
udb.360.cn,Qihoo,analytics,high,360/ CNZZ 统计与遥测,block_soft,国内服务遥测/统计与广告被拦截；不影响核心业务功能
api.360.cn,Qihoo,analytics,high,360/ CNZZ 统计与遥测,block_soft,国内服务遥测/统计与广告被拦截；不影响核心业务功能
mobs.360.cn,Qihoo,analytics,high,360/ CNZZ 统计与遥测,block_soft,国内服务遥测/统计与广告被拦截；不影响核心业务功能
netease.com,NetEase,analytics,medium,网易/有道统计与遥测,block_soft,国内服务遥测/统计与广告被拦截；不影响核心业务功能
163.com,NetEase,analytics,medium,网易/有道统计与遥测,block_soft,国内服务遥测/统计与广告被拦截；不影响核心业务功能
youdao.com,NetEase,analytics,medium,网易/有道统计与遥测,block_soft,国内服务遥测/统计与广告被拦截；不影响核心业务功能
analytics.netease.com,NetEase,analytics,medium,网易/有道统计与遥测,block_soft,国内服务遥测/统计与广告被拦截；不影响核心业务功能
jr.jd.com,JD,advertising,medium,京东广告与统计,block_soft,国内服务遥测/统计与广告被拦截；不影响核心业务功能
api.jd.com,JD,advertising,medium,京东广告与统计,block_soft,国内服务遥测/统计与广告被拦截；不影响核心业务功能
ad.jd.com,JD,advertising,medium,京东广告与统计,block_soft,国内服务遥测/统计与广告被拦截；不影响核心业务功能
meituan.com,Meituan,advertising,medium,美团/点评广告与统计,block_soft,国内服务遥测/统计与广告被拦截；不影响核心业务功能
dianping.com,Meituan,advertising,medium,美团/点评广告与统计,block_soft,国内服务遥测/统计与广告被拦截；不影响核心业务功能
api.meituan.com,Meituan,advertising,medium,美团/点评广告与统计,block_soft,国内服务遥测/统计与广告被拦截；不影响核心业务功能
ad.meituan.com,Meituan,advertising,medium,美团/点评广告与统计,block_soft,国内服务遥测/统计与广告被拦截；不影响核心业务功能
didiglobal.com,Didi,analytics,medium,滴滴出行遥测与统计,block_soft,国内服务遥测/统计与广告被拦截；不影响核心业务功能
xiaoju.com,Didi,analytics,medium,滴滴出行遥测与统计,block_soft,国内服务遥测/统计与广告被拦截；不影响核心业务功能
didichuxing.com,Didi,analytics,medium,滴滴出行遥测与统计,block_soft,国内服务遥测/统计与广告被拦截；不影响核心业务功能
api.didiglobal.com,Didi,analytics,medium,滴滴出行遥测与统计,block_soft,国内服务遥测/统计与广告被拦截；不影响核心业务功能
api.kuaishou.com,Kuaishou,advertising,medium,快手广告与统计,block_soft,国内服务遥测/统计与广告被拦截；不影响核心业务功能
ad.kuaishou.com,Kuaishou,advertising,medium,快手广告与统计,block_soft,国内服务遥测/统计与广告被拦截；不影响核心业务功能
ksapisrv.com,Kuaishou,advertising,medium,快手广告与统计,block_soft,国内服务遥测/统计与广告被拦截；不影响核心业务功能
sogou.com,Sogou,analytics,medium,搜狗输入法/搜索遥测,block_soft,国内服务遥测/统计与广告被拦截；不影响核心业务功能
api.sogou.com,Sogou,analytics,medium,搜狗输入法/搜索遥测,block_soft,国内服务遥测/统计与广告被拦截；不影响核心业务功能
pinyin.sogou.com,Sogou,analytics,medium,搜狗输入法/搜索遥测,block_soft,国内服务遥测/统计与广告被拦截；不影响核心业务功能
stat.sogou.com,Sogou,analytics,medium,搜狗输入法/搜索遥测,block_soft,国内服务遥测/统计与广告被拦截；不影响核心业务功能
uc.cn,UC,analytics,medium,UC/夸克浏览器遥测,block_soft,国内服务遥测/统计与广告被拦截；不影响核心业务功能
ucweb.com,UC,analytics,medium,UC/夸克浏览器遥测,block_soft,国内服务遥测/统计与广告被拦截；不影响核心业务功能
api.uc.cn,UC,analytics,medium,UC/夸克浏览器遥测,block_soft,国内服务遥测/统计与广告被拦截；不影响核心业务功能
stat.uc.cn,UC,analytics,medium,UC/夸克浏览器遥测,block_soft,国内服务遥测/统计与广告被拦截；不影响核心业务功能
tencent.com,Tencent,advertising,high,腾讯云/广点通广告与统计,block_soft,国内服务遥测/统计与广告被拦截；不影响核心业务功能
tencentcloud.com,Tencent,advertising,high,腾讯云/广点通广告与统计,block_soft,国内服务遥测/统计与广告被拦截；不影响核心业务功能
api.tencent.com,Tencent,advertising,high,腾讯云/广点通广告与统计,block_soft,国内服务遥测/统计与广告被拦截；不影响核心业务功能
ad.tencent.com,Tencent,advertising,high,腾讯云/广点通广告与统计,block_soft,国内服务遥测/统计与广告被拦截；不影响核心业务功能
fastly.net,CDN,cloud_storage,low,主流 CDN（仅作遥测/指纹场景拦截参考）,block_soft,设备匿名遥测/体验计划上报停止；不影响设备核心联网与控制
cloudfront.net,CDN,cloud_storage,low,主流 CDN（仅作遥测/指纹场景拦截参考）,block_soft,设备匿名遥测/体验计划上报停止；不影响设备核心联网与控制
akamaized.net,CDN,cloud_storage,low,主流 CDN（仅作遥测/指纹场景拦截参考）,block_soft,设备匿名遥测/体验计划上报停止；不影响设备核心联网与控制
edgesuite.net,CDN,cloud_storage,low,主流 CDN（仅作遥测/指纹场景拦截参考）,block_soft,设备匿名遥测/体验计划上报停止；不影响设备核心联网与控制
edgekey.net,CDN,cloud_storage,low,主流 CDN（仅作遥测/指纹场景拦截参考）,block_soft,设备匿名遥测/体验计划上报停止；不影响设备核心联网与控制
app.ecovacs.com,Ecovacs,iot_core,medium,科沃斯鉴权与设备云通道,allow,
id.ecovacs.com,Ecovacs,iot_core,medium,科沃斯鉴权与设备云通道,allow,
api.ecovacs.com,Ecovacs,iot_core,medium,科沃斯鉴权与设备云通道,allow,
track.ecovacs.com,Ecovacs,analytics,low,科沃斯遥测与统计,block_soft,设备匿名遥测/体验计划上报停止；不影响设备核心联网与控制
log.ecovacs.com,Ecovacs,analytics,low,科沃斯遥测与统计,block_soft,设备匿名遥测/体验计划上报停止；不影响设备核心联网与控制
irobot.com,iRobot,iot_core,medium,iRobot 鉴权与设备云通道,allow,
app.irobot.com,iRobot,iot_core,medium,iRobot 鉴权与设备云通道,allow,
api.irobot.com,iRobot,iot_core,medium,iRobot 鉴权与设备云通道,allow,
id.irobot.com,iRobot,iot_core,medium,iRobot 鉴权与设备云通道,allow,
track.irobot.com,iRobot,analytics,low,iRobot 遥测与统计,block_soft,设备匿名遥测/体验计划上报停止；不影响设备核心联网与控制
log.irobot.com,iRobot,analytics,low,iRobot 遥测与统计,block_soft,设备匿名遥测/体验计划上报停止；不影响设备核心联网与控制
ecobee.com,Ecobee,iot_core,medium,Ecobee 恒温器云通道,allow,
api.ecobee.com,Ecobee,iot_core,medium,Ecobee 恒温器云通道,allow,
id.ecobee.com,Ecobee,iot_core,medium,Ecobee 恒温器云通道,allow,
haier.com,Haier,iot_core,medium,海尔/U+ 鉴权与设备云通道,allow,
uplus.haier.com,Haier,iot_core,medium,海尔/U+ 鉴权与设备云通道,allow,
api.haier.com,Haier,iot_core,medium,海尔/U+ 鉴权与设备云通道,allow,
midea.cn,Midea,iot_core,medium,美的鉴权与设备云通道,allow,
api.midea.com,Midea,iot_core,medium,美的鉴权与设备云通道,allow,
midea.net,Midea,iot_core,medium,美的鉴权与设备云通道,allow,
api.gree.com,Gree,iot_core,low,格力设备云通道,allow,
gree.com.cn,Gree,iot_core,low,格力设备云通道,allow,
withings.com,Withings,iot_core,medium,Withings 健康设备云通道,allow,
api.withings.com,Withings,iot_core,medium,Withings 健康设备云通道,allow,
healthmate.withings.com,Withings,iot_core,medium,Withings 健康设备云通道,allow,
fitbit.com,Fitbit,iot_core,medium,Fitbit 健康设备云通道,allow,
api.fitbit.com,Fitbit,iot_core,medium,Fitbit 健康设备云通道,allow,
tracker.fitbit.com,Fitbit,iot_core,medium,Fitbit 健康设备云通道,allow,
garmin.com,Garmin,iot_core,medium,Garmin 设备/运动云通道,allow,
connect.garmin.com,Garmin,iot_core,medium,Garmin 设备/运动云通道,allow,
api.garmin.com,Garmin,iot_core,medium,Garmin 设备/运动云通道,allow,
logitech.com,Logitech,iot_core,medium,罗技设备云通道,allow,
harmonize.logitech.com,Logitech,iot_core,medium,罗技设备云通道,allow,
api.logitech.com,Logitech,iot_core,medium,罗技设备云通道,allow,
nanoleaf.me,Nanoleaf,iot_core,low,Nanoleaf 灯光云通道,allow,
api.nanoleaf.me,Nanoleaf,iot_core,low,Nanoleaf 灯光云通道,allow,
nanoleaf.com,Nanoleaf,iot_core,low,Nanoleaf 灯光云通道,allow,
lifx.com,LIFX,iot_core,low,LIFX 灯光云通道,allow,
api.lifx.com,LIFX,iot_core,low,LIFX 灯光云通道,allow,
api.lifx.co,LIFX,iot_core,low,LIFX 灯光云通道,allow,
wiz.com,Wiz,iot_core,low,Wiz 灯光云通道,allow,
api.wiz.com,Wiz,iot_core,low,Wiz 灯光云通道,allow,
wizlighting.com,Wiz,iot_core,low,Wiz 灯光云通道,allow,
vesync.com,VeSync,iot_core,medium,VeSync/Levoit/Etekcity 云通道,allow,
api.vesync.com,VeSync,iot_core,medium,VeSync/Levoit/Etekcity 云通道,allow,
apps.vesync.com,VeSync,iot_core,medium,VeSync/Levoit/Etekcity 云通道,allow,
netatmo.com,Netatmo,iot_core,low,Netatmo 气象/设备云通道,allow,
api.netatmo.com,Netatmo,iot_core,low,Netatmo 气象/设备云通道,allow,
netatmo.net,Netatmo,iot_core,low,Netatmo 气象/设备云通道,allow,
august.com,August,iot_core,low,August 智能锁云通道,allow,
api.august.com,August,iot_core,low,August 智能锁云通道,allow,
augusthome.com,August,iot_core,low,August 智能锁云通道,allow,
yalehome.com,Yale,iot_core,low,Yale 智能锁云通道,allow,
api.yalehome.com,Yale,iot_core,low,Yale 智能锁云通道,allow,
blinkforhome.com,Blink,iot_core,low,Blink 摄像头云通道,allow,
api.blinkforhome.com,Blink,iot_core,low,Blink 摄像头云通道,allow,
blink.com,Blink,iot_core,low,Blink 摄像头云通道,allow,
rachio.com,Rachio,iot_core,low,Rachio 浇灌云通道,allow,
api.rachio.com,Rachio,iot_core,low,Rachio 浇灌云通道,allow,
app.rachio.com,Rachio,iot_core,low,Rachio 浇灌云通道,allow,
vivint.com,Vivint,iot_core,low,Vivint 安防云通道,allow,
api.vivint.com,Vivint,iot_core,low,Vivint 安防云通道,allow,
adt.com,ADT,iot_core,low,ADT 安防云通道,allow,
api.adt.com,ADT,iot_core,low,ADT 安防云通道,allow,
adtpulse.com,ADT,iot_core,low,ADT 安防云通道,allow,
govee.com,Govee,iot_core,low,Govee 灯光/传感器云通道,allow,
api.govee.com,Govee,iot_core,low,Govee 灯光/传感器云通道,allow,
app.govee.com,Govee,iot_core,low,Govee 灯光/传感器云通道,allow,
govee-api.com,Govee,iot_core,low,Govee 灯光/传感器云通道,allow,
switch-bot.com,SwitchBot,iot_core,low,SwitchBot 设备云通道,allow,
api.switch-bot.com,SwitchBot,iot_core,low,SwitchBot 设备云通道,allow,
app.switch-bot.com,SwitchBot,iot_core,low,SwitchBot 设备云通道,allow,
petkit.com,Petkit,iot_core,low,Petkit 宠物设备云通道,allow,
api.petkit.com,Petkit,iot_core,low,Petkit 宠物设备云通道,allow,
app.petkit.com,Petkit,iot_core,low,Petkit 宠物设备云通道,allow,
elgato.com,Elgato,iot_core,low,Elgato 摄像头/灯光云通道,allow,
api.elgato.com,Elgato,iot_core,low,Elgato 摄像头/灯光云通道,allow,
control4.com,Control4,iot_core,low,Control4 智能家居云通道,allow,
api.control4.com,Control4,iot_core,low,Control4 智能家居云通道,allow,
savant.com,Savant,iot_core,low,Savant 智能家居云通道,allow,
api.savant.com,Savant,iot_core,low,Savant 智能家居云通道,allow,
crestron.com,Crestron,iot_core,low,Crestron 智能控制云通道,allow,
api.crestron.com,Crestron,iot_core,low,Crestron 智能控制云通道,allow,
abode.com,Abode,iot_core,low,Abode 安防云通道,allow,
goabode.com,Abode,iot_core,low,Abode 安防云通道,allow,
api.goabode.com,Abode,iot_core,low,Abode 安防云通道,allow,
canary.is,Canary,iot_core,low,Canary 摄像头云通道,allow,
api.canary.is,Canary,iot_core,low,Canary 摄像头云通道,allow,
wink.com,Wink,iot_core,low,Wink 智能家居云通道,allow,
api.wink.com,Wink,iot_core,low,Wink 智能家居云通道,allow,
insteon.com,Insteon,iot_core,low,Insteon 智能家居云通道,allow,
api.insteon.com,Insteon,iot_core,low,Insteon 智能家居云通道,allow,
eero.com,Eero,iot_core,medium,Eero 路由器云通道,allow,
api.eero.com,Eero,iot_core,medium,Eero 路由器云通道,allow,
eero.net,Eero,iot_core,medium,Eero 路由器云通道,allow,
plume.com,Plume,iot_core,low,Plume 网状 WiFi 云通道,allow,
api.plume.com,Plume,iot_core,low,Plume 网状 WiFi 云通道,allow,
plume.technology,Plume,iot_core,low,Plume 网状 WiFi 云通道,allow,
dlink.com,D-Link,iot_core,medium,D-Link 路由器/设备云通道,allow,
dlink.ca,D-Link,iot_core,medium,D-Link 路由器/设备云通道,allow,
api.dlink.com,D-Link,iot_core,medium,D-Link 路由器/设备云通道,allow,
dlink.com.cn,D-Link,iot_core,medium,D-Link 路由器/设备云通道,allow,
linksys.com,Linksys,iot_core,medium,Linksys 路由器云通道,allow,
api.linksys.com,Linksys,iot_core,medium,Linksys 路由器云通道,allow,
linksyssmartwifi.com,Linksys,iot_core,medium,Linksys 路由器云通道,allow,
cisco.com,Cisco,iot_core,low,Cisco 网络设备云通道,allow,
api.cisco.com,Cisco,iot_core,low,Cisco 网络设备云通道,allow,
cisco.net,Cisco,iot_core,low,Cisco 网络设备云通道,allow,
meraki.com,Meraki,iot_core,low,Meraki 网络设备云通道,allow,
api.meraki.com,Meraki,iot_core,low,Meraki 网络设备云通道,allow,
meraki-ca.com,Meraki,iot_core,low,Meraki 网络设备云通道,allow,
arubanetworks.com,Aruba,iot_core,low,Aruba 网络设备云通道,allow,
api.arubanetworks.com,Aruba,iot_core,low,Aruba 网络设备云通道,allow,
zyxel.com,Zyxel,iot_core,medium,Zyxel 路由器/设备云通道,allow,
api.zyxel.com,Zyxel,iot_core,medium,Zyxel 路由器/设备云通道,allow,
zyxel.cn,Zyxel,iot_core,medium,Zyxel 路由器/设备云通道,allow,
tenda.com.cn,Tenda,iot_core,medium,腾达路由器云通道,allow,
api.tenda.com.cn,Tenda,iot_core,medium,腾达路由器云通道,allow,
tenda.com,Tenda,iot_core,medium,腾达路由器云通道,allow,
gl-inet.com,GL.iNet,iot_core,medium,GL.iNet 路由器云通道,allow,
api.gl-inet.com,GL.iNet,iot_core,medium,GL.iNet 路由器云通道,allow,
draytek.com,DrayTek,iot_core,medium,DrayTek 路由器云通道,allow,
api.draytek.com,DrayTek,iot_core,medium,DrayTek 路由器云通道,allow,
draytek.cn,DrayTek,iot_core,medium,DrayTek 路由器云通道,allow,
juniper.net,Juniper,iot_core,low,Juniper 网络设备云通道,allow,
api.juniper.net,Juniper,iot_core,low,Juniper 网络设备云通道,allow,
fortinet.com,Fortinet,iot_core,low,Fortinet 安全设备云通道,allow,
api.fortinet.com,Fortinet,iot_core,low,Fortinet 安全设备云通道,allow,
fortigate.com,Fortinet,iot_core,low,Fortinet 安全设备云通道,allow,
paloaltonetworks.com,PaloAlto,iot_core,low,Palo Alto 安全设备云通道,allow,
api.paloaltonetworks.com,PaloAlto,iot_core,low,Palo Alto 安全设备云通道,allow,
watchguard.com,WatchGuard,iot_core,low,WatchGuard 安全设备云通道,allow,
api.watchguard.com,WatchGuard,iot_core,low,WatchGuard 安全设备云通道,allow,
sonicwall.com,SonicWall,iot_core,low,SonicWall 安全设备云通道,allow,
api.sonicwall.com,SonicWall,iot_core,low,SonicWall 安全设备云通道,allow,
openwrt.org,OpenWrt,iot_core,low,OpenWrt 固件更新通道,allow,
downloads.openwrt.org,OpenWrt,iot_core,low,OpenWrt 固件更新通道,allow,
openwrt.download,OpenWrt,iot_core,low,OpenWrt 固件更新通道,allow,
dd-wrt.com,DD-WRT,iot_core,low,DD-WRT 固件更新通道,allow,
dd-wrt.org,DD-WRT,iot_core,low,DD-WRT 固件更新通道,allow,
dd-wrt.download,DD-WRT,iot_core,low,DD-WRT 固件更新通道,allow,
pfsense.org,pfSense,iot_core,low,pfSense 更新通道,allow,
api.pfsense.org,pfSense,iot_core,low,pfSense 更新通道,allow,
mozilla.org,Mozilla,telemetry,high,Firefox 遥测、定位与安全浏览上报,block_soft,设备匿名遥测/体验计划上报停止；不影响设备核心联网与控制
telemetry.mozilla.org,Mozilla,telemetry,high,Firefox 遥测、定位与安全浏览上报,block_soft,设备匿名遥测/体验计划上报停止；不影响设备核心联网与控制
incoming.telemetry.mozilla.org,Mozilla,telemetry,high,Firefox 遥测、定位与安全浏览上报,block_soft,设备匿名遥测/体验计划上报停止；不影响设备核心联网与控制
location.services.mozilla.com,Mozilla,telemetry,high,Firefox 遥测、定位与安全浏览上报,block_soft,设备匿名遥测/体验计划上报停止；不影响设备核心联网与控制
shield.mozilla.org,Mozilla,telemetry,high,Firefox 遥测、定位与安全浏览上报,block_soft,设备匿名遥测/体验计划上报停止；不影响设备核心联网与控制
normandy.cdn.mozilla.net,Mozilla,telemetry,high,Firefox 遥测、定位与安全浏览上报,block_soft,设备匿名遥测/体验计划上报停止；不影响设备核心联网与控制
brave.com,Brave,telemetry,medium,Brave 浏览器遥测与更新,block_soft,设备匿名遥测/体验计划上报停止；不影响设备核心联网与控制
api.brave.com,Brave,telemetry,medium,Brave 浏览器遥测与更新,block_soft,设备匿名遥测/体验计划上报停止；不影响设备核心联网与控制
laptop-updates.brave.com,Brave,telemetry,medium,Brave 浏览器遥测与更新,block_soft,设备匿名遥测/体验计划上报停止；不影响设备核心联网与控制
opera.com,Opera,telemetry,medium,Opera 浏览器遥测与更新,block_soft,设备匿名遥测/体验计划上报停止；不影响设备核心联网与控制
api.opera.com,Opera,telemetry,medium,Opera 浏览器遥测与更新,block_soft,设备匿名遥测/体验计划上报停止；不影响设备核心联网与控制
autoupdate.opera.com,Opera,telemetry,medium,Opera 浏览器遥测与更新,block_soft,设备匿名遥测/体验计划上报停止；不影响设备核心联网与控制
adobe.com,Adobe,telemetry,medium,Adobe 产品遥测与许可校验,block_soft,设备匿名遥测/体验计划上报停止；不影响设备核心联网与控制
oobesoftware.com,Adobe,telemetry,medium,Adobe 产品遥测与许可校验,block_soft,设备匿名遥测/体验计划上报停止；不影响设备核心联网与控制
ams.adobe.com,Adobe,telemetry,medium,Adobe 产品遥测与许可校验,block_soft,设备匿名遥测/体验计划上报停止；不影响设备核心联网与控制
macromedia.com,Adobe,telemetry,medium,Adobe 产品遥测与许可校验,block_soft,设备匿名遥测/体验计划上报停止；不影响设备核心联网与控制
api.adobe.com,Adobe,telemetry,medium,Adobe 产品遥测与许可校验,block_soft,设备匿名遥测/体验计划上报停止；不影响设备核心联网与控制
spotify.com,Spotify,analytics,medium,Spotify 播放遥测与推荐统计,block_soft,行为分析与崩溃统计停止；不影响应用核心功能
api.spotify.com,Spotify,analytics,medium,Spotify 播放遥测与推荐统计,block_soft,行为分析与崩溃统计停止；不影响应用核心功能
tracking.spotify.com,Spotify,analytics,medium,Spotify 播放遥测与推荐统计,block_soft,行为分析与崩溃统计停止；不影响应用核心功能
spclient.ws.spotify.com,Spotify,analytics,medium,Spotify 播放遥测与推荐统计,block_soft,行为分析与崩溃统计停止；不影响应用核心功能
discord.com,Discord,analytics,medium,Discord 遥测与状态上报,block_soft,行为分析与崩溃统计停止；不影响应用核心功能
discord.gg,Discord,analytics,medium,Discord 遥测与状态上报,block_soft,行为分析与崩溃统计停止；不影响应用核心功能
api.discord.com,Discord,analytics,medium,Discord 遥测与状态上报,block_soft,行为分析与崩溃统计停止；不影响应用核心功能
gateway.discord.gg,Discord,analytics,medium,Discord 遥测与状态上报,block_soft,行为分析与崩溃统计停止；不影响应用核心功能
slack.com,Slack,analytics,medium,Slack 遥测与统计,block_soft,行为分析与崩溃统计停止；不影响应用核心功能
api.slack.com,Slack,analytics,medium,Slack 遥测与统计,block_soft,行为分析与崩溃统计停止；不影响应用核心功能
slack-edge.com,Slack,analytics,medium,Slack 遥测与统计,block_soft,行为分析与崩溃统计停止；不影响应用核心功能
zoom.us,Zoom,analytics,medium,Zoom 遥测与质量统计,block_soft,行为分析与崩溃统计停止；不影响应用核心功能
api.zoom.us,Zoom,analytics,medium,Zoom 遥测与质量统计,block_soft,行为分析与崩溃统计停止；不影响应用核心功能
telegram.org,Telegram,analytics,low,Telegram 遥测（较轻）,block_soft,行为分析与崩溃统计停止；不影响应用核心功能
api.telegram.org,Telegram,analytics,low,Telegram 遥测（较轻）,block_soft,行为分析与崩溃统计停止；不影响应用核心功能
web.telegram.org,Telegram,analytics,low,Telegram 遥测（较轻）,block_soft,行为分析与崩溃统计停止；不影响应用核心功能
whatsapp.com,WhatsApp,analytics,low,WhatsApp 遥测（较轻）,block_soft,行为分析与崩溃统计停止；不影响应用核心功能
api.whatsapp.com,WhatsApp,analytics,low,WhatsApp 遥测（较轻）,block_soft,行为分析与崩溃统计停止；不影响应用核心功能
steampowered.com,Steam,analytics,medium,Steam 遥测与商店统计,block_soft,行为分析与崩溃统计停止；不影响应用核心功能
api.steampowered.com,Steam,analytics,medium,Steam 遥测与商店统计,block_soft,行为分析与崩溃统计停止；不影响应用核心功能
steamcommunity.com,Steam,analytics,medium,Steam 遥测与商店统计,block_soft,行为分析与崩溃统计停止；不影响应用核心功能
store.steampowered.com,Steam,analytics,medium,Steam 遥测与商店统计,block_soft,行为分析与崩溃统计停止；不影响应用核心功能
epicgames.com,Epic,analytics,medium,Epic 游戏遥测与统计,block_soft,行为分析与崩溃统计停止；不影响应用核心功能
api.epicgames.com,Epic,analytics,medium,Epic 游戏遥测与统计,block_soft,行为分析与崩溃统计停止；不影响应用核心功能
epicgames.cn,Epic,analytics,medium,Epic 游戏遥测与统计,block_soft,行为分析与崩溃统计停止；不影响应用核心功能
ea.com,EA,analytics,low,EA 游戏遥测,block_soft,行为分析与崩溃统计停止；不影响应用核心功能
api.ea.com,EA,analytics,low,EA 游戏遥测,block_soft,行为分析与崩溃统计停止；不影响应用核心功能
blizzard.com,Blizzard,analytics,low,暴雪/Battle.net 遥测,block_soft,行为分析与崩溃统计停止；不影响应用核心功能
battle.net,Blizzard,analytics,low,暴雪/Battle.net 遥测,block_soft,行为分析与崩溃统计停止；不影响应用核心功能
api.battle.net,Blizzard,analytics,low,暴雪/Battle.net 遥测,block_soft,行为分析与崩溃统计停止；不影响应用核心功能
nvidia.com,NVIDIA,telemetry,medium,NVIDIA 驱动/GeForce 遥测,block_soft,设备匿名遥测/体验计划上报停止；不影响设备核心联网与控制
telemetry.nvidia.com,NVIDIA,telemetry,medium,NVIDIA 驱动/GeForce 遥测,block_soft,设备匿名遥测/体验计划上报停止；不影响设备核心联网与控制
api.nvidia.com,NVIDIA,telemetry,medium,NVIDIA 驱动/GeForce 遥测,block_soft,设备匿名遥测/体验计划上报停止；不影响设备核心联网与控制
amd.com,AMD,telemetry,low,AMD 驱动遥测,block_soft,设备匿名遥测/体验计划上报停止；不影响设备核心联网与控制
api.amd.com,AMD,telemetry,low,AMD 驱动遥测,block_soft,设备匿名遥测/体验计划上报停止；不影响设备核心联网与控制
radeon.com,AMD,telemetry,low,AMD 驱动遥测,block_soft,设备匿名遥测/体验计划上报停止；不影响设备核心联网与控制
intel.com,Intel,telemetry,low,Intel 驱动遥测,block_soft,设备匿名遥测/体验计划上报停止；不影响设备核心联网与控制
api.intel.com,Intel,telemetry,low,Intel 驱动遥测,block_soft,设备匿名遥测/体验计划上报停止；不影响设备核心联网与控制
intel.cn,Intel,telemetry,low,Intel 驱动遥测,block_soft,设备匿名遥测/体验计划上报停止；不影响设备核心联网与控制
dell.com,Dell,telemetry,low,Dell 支持/遥测,block_soft,设备匿名遥测/体验计划上报停止；不影响设备核心联网与控制
dacs.dell.com,Dell,telemetry,low,Dell 支持/遥测,block_soft,设备匿名遥测/体验计划上报停止；不影响设备核心联网与控制
api.dell.com,Dell,telemetry,low,Dell 支持/遥测,block_soft,设备匿名遥测/体验计划上报停止；不影响设备核心联网与控制
hp.com,HP,telemetry,low,HP 设备遥测,block_soft,设备匿名遥测/体验计划上报停止；不影响设备核心联网与控制
hpconnected.com,HP,telemetry,low,HP 设备遥测,block_soft,设备匿名遥测/体验计划上报停止；不影响设备核心联网与控制
api.hp.com,HP,telemetry,low,HP 设备遥测,block_soft,设备匿名遥测/体验计划上报停止；不影响设备核心联网与控制
api.meizu.com,Meizu,analytics,low,魅族系统遥测与推送,block_soft,设备匿名遥测/体验计划上报停止；不影响设备核心联网与控制
push.meizu.com,Meizu,analytics,low,魅族系统遥测与推送,block_soft,设备匿名遥测/体验计划上报停止；不影响设备核心联网与控制
api.nubia.com,Nubia,analytics,low,努比亚系统遥测,block_soft,设备匿名遥测/体验计划上报停止；不影响设备核心联网与控制
zte.com,ZTE,analytics,low,中兴系统遥测,block_soft,设备匿名遥测/体验计划上报停止；不影响设备核心联网与控制
api.zte.com,ZTE,analytics,low,中兴系统遥测,block_soft,设备匿名遥测/体验计划上报停止；不影响设备核心联网与控制
zte.com.cn,ZTE,analytics,low,中兴系统遥测,block_soft,设备匿名遥测/体验计划上报停止；不影响设备核心联网与控制
smartisan.com,Smartisan,analytics,low,锤子/坚果系统遥测,block_soft,设备匿名遥测/体验计划上报停止；不影响设备核心联网与控制
api.smartisan.com,Smartisan,analytics,low,锤子/坚果系统遥测,block_soft,设备匿名遥测/体验计划上报停止；不影响设备核心联网与控制
lenovo.com,Lenovo,analytics,low,联想系统遥测,block_soft,设备匿名遥测/体验计划上报停止；不影响设备核心联网与控制
api.lenovo.com,Lenovo,analytics,low,联想系统遥测,block_soft,设备匿名遥测/体验计划上报停止；不影响设备核心联网与控制
lenovoid.lenovo.com,Lenovo,analytics,low,联想系统遥测,block_soft,设备匿名遥测/体验计划上报停止；不影响设备核心联网与控制
dropbox.com,Dropbox,analytics,medium,Dropbox 同步遥测,block_soft,行为分析与崩溃统计停止；不影响应用核心功能
api.dropbox.com,Dropbox,analytics,medium,Dropbox 同步遥测,block_soft,行为分析与崩溃统计停止；不影响应用核心功能
dropboxusercontent.com,Dropbox,analytics,medium,Dropbox 同步遥测,block_soft,行为分析与崩溃统计停止；不影响应用核心功能
notify.dropboxapi.com,Dropbox,analytics,medium,Dropbox 同步遥测,block_soft,行为分析与崩溃统计停止；不影响应用核心功能
box.com,Box,analytics,low,Box 同步遥测,block_soft,行为分析与崩溃统计停止；不影响应用核心功能
api.box.com,Box,analytics,low,Box 同步遥测,block_soft,行为分析与崩溃统计停止；不影响应用核心功能
boxcdn.net,Box,analytics,low,Box 同步遥测,block_soft,行为分析与崩溃统计停止；不影响应用核心功能
mega.nz,Mega,analytics,low,MEGA 同步遥测,block_soft,行为分析与崩溃统计停止；不影响应用核心功能
api.mega.nz,Mega,analytics,low,MEGA 同步遥测,block_soft,行为分析与崩溃统计停止；不影响应用核心功能
mega.co.nz,Mega,analytics,low,MEGA 同步遥测,block_soft,行为分析与崩溃统计停止；不影响应用核心功能
pcloud.com,pCloud,analytics,low,pCloud 同步遥测,block_soft,行为分析与崩溃统计停止；不影响应用核心功能
api.pcloud.com,pCloud,analytics,low,pCloud 同步遥测,block_soft,行为分析与崩溃统计停止；不影响应用核心功能
yangkeduo.com,Pinduoduo,advertising,medium,拼多多广告与统计,block_soft,国内服务遥测/统计与广告被拦截；不影响核心业务功能
api.pinduoduo.com,Pinduoduo,advertising,medium,拼多多广告与统计,block_soft,国内服务遥测/统计与广告被拦截；不影响核心业务功能
api.yangkeduo.com,Pinduoduo,advertising,medium,拼多多广告与统计,block_soft,国内服务遥测/统计与广告被拦截；不影响核心业务功能
ele.me,Eleme,advertising,medium,饿了么广告与统计,block_soft,国内服务遥测/统计与广告被拦截；不影响核心业务功能
api.ele.me,Eleme,advertising,medium,饿了么广告与统计,block_soft,国内服务遥测/统计与广告被拦截；不影响核心业务功能
eleme.com,Eleme,advertising,medium,饿了么广告与统计,block_soft,国内服务遥测/统计与广告被拦截；不影响核心业务功能
alipay.com,Alipay,analytics,medium,支付宝统计与风控遥测,block_soft,国内服务遥测/统计与广告被拦截；不影响核心业务功能
api.alipay.com,Alipay,analytics,medium,支付宝统计与风控遥测,block_soft,国内服务遥测/统计与广告被拦截；不影响核心业务功能
openapi.alipay.com,Alipay,analytics,medium,支付宝统计与风控遥测,block_soft,国内服务遥测/统计与广告被拦截；不影响核心业务功能
mapi.alipay.com,Alipay,analytics,medium,支付宝统计与风控遥测,block_soft,国内服务遥测/统计与广告被拦截；不影响核心业务功能
bilibili.com,Bilibili,analytics,medium,B站统计与推荐遥测,block_soft,国内服务遥测/统计与广告被拦截；不影响核心业务功能
api.bilibili.com,Bilibili,analytics,medium,B站统计与推荐遥测,block_soft,国内服务遥测/统计与广告被拦截；不影响核心业务功能
biliapi.com,Bilibili,analytics,medium,B站统计与推荐遥测,block_soft,国内服务遥测/统计与广告被拦截；不影响核心业务功能
zhihu.com,Zhihu,analytics,medium,知乎统计与推荐遥测,block_soft,国内服务遥测/统计与广告被拦截；不影响核心业务功能
api.zhihu.com,Zhihu,analytics,medium,知乎统计与推荐遥测,block_soft,国内服务遥测/统计与广告被拦截；不影响核心业务功能
static.zhihu.com,Zhihu,analytics,medium,知乎统计与推荐遥测,block_soft,国内服务遥测/统计与广告被拦截；不影响核心业务功能
douyu.com,Douyu,analytics,low,斗鱼统计与推荐遥测,block_soft,国内服务遥测/统计与广告被拦截；不影响核心业务功能
api.douyu.com,Douyu,analytics,low,斗鱼统计与推荐遥测,block_soft,国内服务遥测/统计与广告被拦截；不影响核心业务功能
douyu.tv,Douyu,analytics,low,斗鱼统计与推荐遥测,block_soft,国内服务遥测/统计与广告被拦截；不影响核心业务功能
huya.com,Huya,analytics,low,虎牙统计与推荐遥测,block_soft,国内服务遥测/统计与广告被拦截；不影响核心业务功能
api.huya.com,Huya,analytics,low,虎牙统计与推荐遥测,block_soft,国内服务遥测/统计与广告被拦截；不影响核心业务功能
huya.tv,Huya,analytics,low,虎牙统计与推荐遥测,block_soft,国内服务遥测/统计与广告被拦截；不影响核心业务功能
api.iqiyi.com,iQiyi,analytics,medium,爱奇艺统计与推荐遥测,block_soft,国内服务遥测/统计与广告被拦截；不影响核心业务功能
static.iqiyi.com,iQiyi,analytics,medium,爱奇艺统计与推荐遥测,block_soft,国内服务遥测/统计与广告被拦截；不影响核心业务功能
api.v.qq.com,Tencent,analytics,medium,腾讯视频统计与推荐遥测,block_soft,国内服务遥测/统计与广告被拦截；不影响核心业务功能
api.youku.com,Youku,analytics,medium,优酷统计与推荐遥测,block_soft,国内服务遥测/统计与广告被拦截；不影响核心业务功能
api.music.163.com,NetEase,analytics,medium,网易云音乐统计与推荐,block_soft,国内服务遥测/统计与广告被拦截；不影响核心业务功能
y.qq.com,Tencent,analytics,medium,QQ音乐统计与推荐,block_soft,国内服务遥测/统计与广告被拦截；不影响核心业务功能
api.y.qq.com,Tencent,analytics,medium,QQ音乐统计与推荐,block_soft,国内服务遥测/统计与广告被拦截；不影响核心业务功能
ctrip.com,Ctrip,advertising,low,携程广告与统计,block_soft,国内服务遥测/统计与广告被拦截；不影响核心业务功能
api.ctrip.com,Ctrip,advertising,low,携程广告与统计,block_soft,国内服务遥测/统计与广告被拦截；不影响核心业务功能
m.ctrip.com,Ctrip,advertising,low,携程广告与统计,block_soft,国内服务遥测/统计与广告被拦截；不影响核心业务功能
fliggy.com,Fliggy,advertising,low,飞猪广告与统计,block_soft,国内服务遥测/统计与广告被拦截；不影响核心业务功能
api.fliggy.com,Fliggy,advertising,low,飞猪广告与统计,block_soft,国内服务遥测/统计与广告被拦截；不影响核心业务功能
qunar.com,Qunar,advertising,low,去哪儿广告与统计,block_soft,国内服务遥测/统计与广告被拦截；不影响核心业务功能
api.qunar.com,Qunar,advertising,low,去哪儿广告与统计,block_soft,国内服务遥测/统计与广告被拦截；不影响核心业务功能
vip.com,Vipshop,advertising,low,唯品会广告与统计,block_soft,国内服务遥测/统计与广告被拦截；不影响核心业务功能
api.vip.com,Vipshop,advertising,low,唯品会广告与统计,block_soft,国内服务遥测/统计与广告被拦截；不影响核心业务功能
api.suning.com,Suning,advertising,low,苏宁广告与统计,block_soft,国内服务遥测/统计与广告被拦截；不影响核心业务功能
10086.cn,ChinaMobile,analytics,low,中国移动业务遥测,block_soft,国内服务遥测/统计与广告被拦截；不影响核心业务功能
api.10086.cn,ChinaMobile,analytics,low,中国移动业务遥测,block_soft,国内服务遥测/统计与广告被拦截；不影响核心业务功能
10010.com,ChinaUnicom,analytics,low,中国联通业务遥测,block_soft,国内服务遥测/统计与广告被拦截；不影响核心业务功能
api.10010.com,ChinaUnicom,analytics,low,中国联通业务遥测,block_soft,国内服务遥测/统计与广告被拦截；不影响核心业务功能
189.cn,ChinaTelecom,analytics,low,中国电信业务遥测,block_soft,国内服务遥测/统计与广告被拦截；不影响核心业务功能
api.189.cn,ChinaTelecom,analytics,low,中国电信业务遥测,block_soft,国内服务遥测/统计与广告被拦截；不影响核心业务功能
cmvideo.com,Cmvideo,analytics,low,咪咕视频统计与推荐,block_soft,国内服务遥测/统计与广告被拦截；不影响核心业务功能
api.cmvideo.com,Cmvideo,analytics,low,咪咕视频统计与推荐,block_soft,国内服务遥测/统计与广告被拦截；不影响核心业务功能
imgo.tv,MangoTV,analytics,low,芒果TV统计与推荐,block_soft,国内服务遥测/统计与广告被拦截；不影响核心业务功能
api.mgtv.com,MangoTV,analytics,low,芒果TV统计与推荐,block_soft,国内服务遥测/统计与广告被拦截；不影响核心业务功能
mgtv.com,MangoTV,analytics,low,芒果TV统计与推荐,block_soft,国内服务遥测/统计与广告被拦截；不影响核心业务功能
baidu.com,Baidu,analytics,high,百度账号/贴吧/地图遥测与统计,block_soft,国内服务遥测/统计与广告被拦截；不影响核心业务功能
api.baidu.com,Baidu,analytics,high,百度账号/贴吧/地图遥测与统计,block_soft,国内服务遥测/统计与广告被拦截；不影响核心业务功能
passport.baidu.com,Baidu,analytics,high,百度账号/贴吧/地图遥测与统计,block_soft,国内服务遥测/统计与广告被拦截；不影响核心业务功能
tieba.baidu.com,Baidu,analytics,high,百度账号/贴吧/地图遥测与统计,block_soft,国内服务遥测/统计与广告被拦截；不影响核心业务功能
map.baidu.com,Baidu,analytics,high,百度账号/贴吧/地图遥测与统计,block_soft,国内服务遥测/统计与广告被拦截；不影响核心业务功能
sina.com.cn,Sina,analytics,medium,新浪账号/新闻遥测与统计,block_soft,国内服务遥测/统计与广告被拦截；不影响核心业务功能
api.sina.com.cn,Sina,analytics,medium,新浪账号/新闻遥测与统计,block_soft,国内服务遥测/统计与广告被拦截；不影响核心业务功能
passport.sina.com.cn,Sina,analytics,medium,新浪账号/新闻遥测与统计,block_soft,国内服务遥测/统计与广告被拦截；不影响核心业务功能
360.com,Qihoo,analytics,high,360 安全/手机助手遥测,block_soft,国内服务遥测/统计与广告被拦截；不影响核心业务功能
api.360.com,Qihoo,analytics,high,360 安全/手机助手遥测,block_soft,国内服务遥测/统计与广告被拦截；不影响核心业务功能
safe.360.cn,Qihoo,analytics,high,360 安全/手机助手遥测,block_soft,国内服务遥测/统计与广告被拦截；不影响核心业务功能
shouji.360.cn,Qihoo,analytics,high,360 安全/手机助手遥测,block_soft,国内服务遥测/统计与广告被拦截；不影响核心业务功能
mail.163.com,NetEase,analytics,medium,网易邮箱/通用统计,block_soft,国内服务遥测/统计与广告被拦截；不影响核心业务功能
api.netease.com,NetEase,analytics,medium,网易邮箱/通用统计,block_soft,国内服务遥测/统计与广告被拦截；不影响核心业务功能
adroll.com,AdRoll,advertising,high,AdRoll/Dotomi 广告重定向,block_soft,广告/营销与追踪被拦截；应用内广告与推荐位停止，不影响功能
api.adroll.com,AdRoll,advertising,high,AdRoll/Dotomi 广告重定向,block_soft,广告/营销与追踪被拦截；应用内广告与推荐位停止，不影响功能
dotomi.com,AdRoll,advertising,high,AdRoll/Dotomi 广告重定向,block_soft,广告/营销与追踪被拦截；应用内广告与推荐位停止，不影响功能
thetradedesk.com,TheTradeDesk,advertising,high,The Trade Desk 程序化广告,block_soft,广告/营销与追踪被拦截；应用内广告与推荐位停止，不影响功能
adsystem.com,TheTradeDesk,advertising,high,The Trade Desk 程序化广告,block_soft,广告/营销与追踪被拦截；应用内广告与推荐位停止，不影响功能
liveramp.com,LiveRamp,advertising,high,LiveRamp 数据对接/身份图谱,block_soft,广告/营销与追踪被拦截；应用内广告与推荐位停止，不影响功能
rlcdn.com,LiveRamp,advertising,high,LiveRamp 数据对接/身份图谱,block_soft,广告/营销与追踪被拦截；应用内广告与推荐位停止，不影响功能
api.liveramp.com,LiveRamp,advertising,high,LiveRamp 数据对接/身份图谱,block_soft,广告/营销与追踪被拦截；应用内广告与推荐位停止，不影响功能
neustar.biz,Neustar,advertising,high,Neustar 数据/广告,block_soft,广告/营销与追踪被拦截；应用内广告与推荐位停止，不影响功能
api.neustar.biz,Neustar,advertising,high,Neustar 数据/广告,block_soft,广告/营销与追踪被拦截；应用内广告与推荐位停止，不影响功能
bluekai.com,BlueKai,advertising,high,Oracle BlueKai 数据云,block_soft,广告/营销与追踪被拦截；应用内广告与推荐位停止，不影响功能
api.bluekai.com,BlueKai,advertising,high,Oracle BlueKai 数据云,block_soft,广告/营销与追踪被拦截；应用内广告与推荐位停止，不影响功能
krxd.net,Krux,advertising,high,Salesforce Krux DMP,block_soft,广告/营销与追踪被拦截；应用内广告与推荐位停止，不影响功能
api.krux.net,Krux,advertising,high,Salesforce Krux DMP,block_soft,广告/营销与追踪被拦截；应用内广告与推荐位停止，不影响功能
lotame.com,Lotame,advertising,high,Lotame DMP 数据管理,block_soft,广告/营销与追踪被拦截；应用内广告与推荐位停止，不影响功能
api.lotame.com,Lotame,advertising,high,Lotame DMP 数据管理,block_soft,广告/营销与追踪被拦截；应用内广告与推荐位停止，不影响功能
sonobi.com,Sonobi,advertising,medium,Sonobi 广告交换,block_soft,广告/营销与追踪被拦截；应用内广告与推荐位停止，不影响功能
api.sonobi.com,Sonobi,advertising,medium,Sonobi 广告交换,block_soft,广告/营销与追踪被拦截；应用内广告与推荐位停止，不影响功能
triplelift.com,TripleLift,advertising,medium,TripleLift 原生广告,block_soft,广告/营销与追踪被拦截；应用内广告与推荐位停止，不影响功能
api.triplelift.com,TripleLift,advertising,medium,TripleLift 原生广告,block_soft,广告/营销与追踪被拦截；应用内广告与推荐位停止，不影响功能
sharethrough.com,Sharethrough,advertising,medium,Sharethrough 原生广告,block_soft,广告/营销与追踪被拦截；应用内广告与推荐位停止，不影响功能
api.sharethrough.com,Sharethrough,advertising,medium,Sharethrough 原生广告,block_soft,广告/营销与追踪被拦截；应用内广告与推荐位停止，不影响功能
yieldmo.com,Yieldmo,advertising,medium,Yieldmo 移动广告,block_soft,广告/营销与追踪被拦截；应用内广告与推荐位停止，不影响功能
api.yieldmo.com,Yieldmo,advertising,medium,Yieldmo 移动广告,block_soft,广告/营销与追踪被拦截；应用内广告与推荐位停止，不影响功能
pulsepoint.com,PulsePoint,advertising,medium,PulsePoint 广告交换,block_soft,广告/营销与追踪被拦截；应用内广告与推荐位停止，不影响功能
api.pulsepoint.com,PulsePoint,advertising,medium,PulsePoint 广告交换,block_soft,广告/营销与追踪被拦截；应用内广告与推荐位停止，不影响功能
rhythmone.com,RhythmOne,advertising,medium,RhythmOne 视频广告,block_soft,广告/营销与追踪被拦截；应用内广告与推荐位停止，不影响功能
api.rhythmone.com,RhythmOne,advertising,medium,RhythmOne 视频广告,block_soft,广告/营销与追踪被拦截；应用内广告与推荐位停止，不影响功能
districtm.io,DistrictM,advertising,medium,DistrictM 广告交换,block_soft,广告/营销与追踪被拦截；应用内广告与推荐位停止，不影响功能
api.districtm.io,DistrictM,advertising,medium,DistrictM 广告交换,block_soft,广告/营销与追踪被拦截；应用内广告与推荐位停止，不影响功能
sovrn.com,Sovrn,advertising,medium,Sovrn 广告交换,block_soft,广告/营销与追踪被拦截；应用内广告与推荐位停止，不影响功能
api.sovrn.com,Sovrn,advertising,medium,Sovrn 广告交换,block_soft,广告/营销与追踪被拦截；应用内广告与推荐位停止，不影响功能
gumgum.com,GumGum,advertising,medium,GumGum 上下文广告,block_soft,广告/营销与追踪被拦截；应用内广告与推荐位停止，不影响功能
api.gumgum.com,GumGum,advertising,medium,GumGum 上下文广告,block_soft,广告/营销与追踪被拦截；应用内广告与推荐位停止，不影响功能
telaria.com,Telaria,advertising,medium,Telaria 视频广告,block_soft,广告/营销与追踪被拦截；应用内广告与推荐位停止，不影响功能
api.telaria.com,Telaria,advertising,medium,Telaria 视频广告,block_soft,广告/营销与追踪被拦截；应用内广告与推荐位停止，不影响功能
unruly.co,Unruly,advertising,medium,Unruly 视频广告,block_soft,广告/营销与追踪被拦截；应用内广告与推荐位停止，不影响功能
api.unruly.co,Unruly,advertising,medium,Unruly 视频广告,block_soft,广告/营销与追踪被拦截；应用内广告与推荐位停止，不影响功能
beachfrontmedia.com,Beachfront,advertising,medium,Beachfront 视频广告,block_soft,广告/营销与追踪被拦截；应用内广告与推荐位停止，不影响功能
api.beachfrontmedia.com,Beachfront,advertising,medium,Beachfront 视频广告,block_soft,广告/营销与追踪被拦截；应用内广告与推荐位停止，不影响功能
centro.net,Centro,advertising,low,Centro 广告平台,block_soft,广告/营销与追踪被拦截；应用内广告与推荐位停止，不影响功能
api.centro.net,Centro,advertising,low,Centro 广告平台,block_soft,广告/营销与追踪被拦截；应用内广告与推荐位停止，不影响功能
stackadapt.com,StackAdapt,advertising,low,StackAdapt 程序化广告,block_soft,广告/营销与追踪被拦截；应用内广告与推荐位停止，不影响功能
api.stackadapt.com,StackAdapt,advertising,low,StackAdapt 程序化广告,block_soft,广告/营销与追踪被拦截；应用内广告与推荐位停止，不影响功能
bidtellect.com,Bidtellect,advertising,low,Bidtellect 广告,block_soft,广告/营销与追踪被拦截；应用内广告与推荐位停止，不影响功能
api.bidtellect.com,Bidtellect,advertising,low,Bidtellect 广告,block_soft,广告/营销与追踪被拦截；应用内广告与推荐位停止，不影响功能
dataxu.com,DataXu,advertising,low,DataXu 广告平台,block_soft,广告/营销与追踪被拦截；应用内广告与推荐位停止，不影响功能
api.dataxu.com,DataXu,advertising,low,DataXu 广告平台,block_soft,广告/营销与追踪被拦截；应用内广告与推荐位停止，不影响功能
groundtruth.com,GroundTruth,advertising,low,GroundTruth 位置广告,block_soft,广告/营销与追踪被拦截；应用内广告与推荐位停止，不影响功能
api.groundtruth.com,GroundTruth,advertising,low,GroundTruth 位置广告,block_soft,广告/营销与追踪被拦截；应用内广告与推荐位停止，不影响功能
drawbridge.com,Drawbridge,advertising,low,Drawbridge 跨设备图谱,block_soft,广告/营销与追踪被拦截；应用内广告与推荐位停止，不影响功能
api.drawbridge.com,Drawbridge,advertising,low,Drawbridge 跨设备图谱,block_soft,广告/营销与追踪被拦截；应用内广告与推荐位停止，不影响功能
exelate.com,Exelate,advertising,low,Nielsen Exelate 数据,block_soft,广告/营销与追踪被拦截；应用内广告与推荐位停止，不影响功能
api.exelate.com,Exelate,advertising,low,Nielsen Exelate 数据,block_soft,广告/营销与追踪被拦截；应用内广告与推荐位停止，不影响功能
bizo.com,Bizo,advertising,low,Bizo B2B 数据,block_soft,广告/营销与追踪被拦截；应用内广告与推荐位停止，不影响功能
api.bizo.com,Bizo,advertising,low,Bizo B2B 数据,block_soft,广告/营销与追踪被拦截；应用内广告与推荐位停止，不影响功能
metrica.yandex.com,Yandex,analytics,high,Yandex Metrica 统计,block_soft,行为分析与崩溃统计停止；不影响应用核心功能
mc.yandex.ru,Yandex,analytics,high,Yandex Metrica 统计,block_soft,行为分析与崩溃统计停止；不影响应用核心功能
api.yandex.com,Yandex,analytics,high,Yandex Metrica 统计,block_soft,行为分析与崩溃统计停止；不影响应用核心功能
matomo.org,Matomo,analytics,high,Matomo/Piwik 自托管分析,block_soft,行为分析与崩溃统计停止；不影响应用核心功能
piwik.org,Matomo,analytics,high,Matomo/Piwik 自托管分析,block_soft,行为分析与崩溃统计停止；不影响应用核心功能
api.matomo.org,Matomo,analytics,high,Matomo/Piwik 自托管分析,block_soft,行为分析与崩溃统计停止；不影响应用核心功能
piwik.pro,Matomo,analytics,high,Matomo/Piwik 自托管分析,block_soft,行为分析与崩溃统计停止；不影响应用核心功能
api.piwik.pro,Matomo,analytics,high,Matomo/Piwik 自托管分析,block_soft,行为分析与崩溃统计停止；不影响应用核心功能
plausible.io,Plausible,analytics,medium,Plausible 隐私友好分析,block_soft,行为分析与崩溃统计停止；不影响应用核心功能
api.plausible.io,Plausible,analytics,medium,Plausible 隐私友好分析,block_soft,行为分析与崩溃统计停止；不影响应用核心功能
usefathom.com,Fathom,analytics,medium,Fathom 隐私友好分析,block_soft,行为分析与崩溃统计停止；不影响应用核心功能
api.usefathom.com,Fathom,analytics,medium,Fathom 隐私友好分析,block_soft,行为分析与崩溃统计停止；不影响应用核心功能
pendo.io,Pendo,analytics,high,Pendo 产品分析/引导,block_soft,行为分析与崩溃统计停止；不影响应用核心功能
api.pendo.io,Pendo,analytics,high,Pendo 产品分析/引导,block_soft,行为分析与崩溃统计停止；不影响应用核心功能
woopra.com,Woopra,analytics,high,Woopra 实时分析,block_soft,行为分析与崩溃统计停止；不影响应用核心功能
api.woopra.com,Woopra,analytics,high,Woopra 实时分析,block_soft,行为分析与崩溃统计停止；不影响应用核心功能
clicktale.net,Clicktale,analytics,medium,Clicktale 会话回放,block_soft,行为分析与崩溃统计停止；不影响应用核心功能
api.clicktale.net,Clicktale,analytics,medium,Clicktale 会话回放,block_soft,行为分析与崩溃统计停止；不影响应用核心功能
inspectlet.com,Inspectlet,analytics,medium,Inspectlet 会话录制,block_soft,行为分析与崩溃统计停止；不影响应用核心功能
api.inspectlet.com,Inspectlet,analytics,medium,Inspectlet 会话录制,block_soft,行为分析与崩溃统计停止；不影响应用核心功能
mouseflow.com,Mouseflow,analytics,medium,Mouseflow 会话录制,block_soft,行为分析与崩溃统计停止；不影响应用核心功能
api.mouseflow.com,Mouseflow,analytics,medium,Mouseflow 会话录制,block_soft,行为分析与崩溃统计停止；不影响应用核心功能
crazyegg.com,CrazyEgg,analytics,medium,Crazy Egg 热图,block_soft,行为分析与崩溃统计停止；不影响应用核心功能
api.crazyegg.com,CrazyEgg,analytics,medium,Crazy Egg 热图,block_soft,行为分析与崩溃统计停止；不影响应用核心功能
contentsquare.net,Contentsquare,analytics,high,Contentsquare 体验分析,block_soft,行为分析与崩溃统计停止；不影响应用核心功能
api.contentsquare.net,Contentsquare,analytics,high,Contentsquare 体验分析,block_soft,行为分析与崩溃统计停止；不影响应用核心功能
tealiumiq.com,Tealium,analytics,high,Tealium 标签管理/数据层,block_soft,行为分析与崩溃统计停止；不影响应用核心功能
tiqcdn.com,Tealium,analytics,high,Tealium 标签管理/数据层,block_soft,行为分析与崩溃统计停止；不影响应用核心功能
api.tealiumiq.com,Tealium,analytics,high,Tealium 标签管理/数据层,block_soft,行为分析与崩溃统计停止；不影响应用核心功能
mparticle.com,mParticle,analytics,high,mParticle 数据管道,block_soft,行为分析与崩溃统计停止；不影响应用核心功能
mparticlesdk.com,mParticle,analytics,high,mParticle 数据管道,block_soft,行为分析与崩溃统计停止；不影响应用核心功能
api.mparticle.com,mParticle,analytics,high,mParticle 数据管道,block_soft,行为分析与崩溃统计停止；不影响应用核心功能
snowplowanalytics.com,Snowplow,analytics,medium,Snowplow 事件数据,block_soft,行为分析与崩溃统计停止；不影响应用核心功能
api.snowplowanalytics.com,Snowplow,analytics,medium,Snowplow 事件数据,block_soft,行为分析与崩溃统计停止；不影响应用核心功能
omniture.com,Adobe,analytics,high,Adobe Analytics/Omniture,block_soft,行为分析与崩溃统计停止；不影响应用核心功能
sc.omtrdc.net,Adobe,analytics,high,Adobe Analytics/Omniture,block_soft,行为分析与崩溃统计停止；不影响应用核心功能
api.omniture.com,Adobe,analytics,high,Adobe Analytics/Omniture,block_soft,行为分析与崩溃统计停止；不影响应用核心功能
mailchimp.com,Mailchimp,analytics,medium,Mailchimp 营销遥测,block_soft,行为分析与崩溃统计停止；不影响应用核心功能
api.mailchimp.com,Mailchimp,analytics,medium,Mailchimp 营销遥测,block_soft,行为分析与崩溃统计停止；不影响应用核心功能
sendgrid.com,SendGrid,analytics,low,SendGrid 邮件遥测,block_soft,行为分析与崩溃统计停止；不影响应用核心功能
api.sendgrid.com,SendGrid,analytics,low,SendGrid 邮件遥测,block_soft,行为分析与崩溃统计停止；不影响应用核心功能
hubspot.com,HubSpot,analytics,high,HubSpot 营销/CRM 追踪,block_soft,行为分析与崩溃统计停止；不影响应用核心功能
api.hubspot.com,HubSpot,analytics,high,HubSpot 营销/CRM 追踪,block_soft,行为分析与崩溃统计停止；不影响应用核心功能
js.hs-scripts.com,HubSpot,analytics,high,HubSpot 营销/CRM 追踪,block_soft,行为分析与崩溃统计停止；不影响应用核心功能
marketo.com,Marketo,analytics,high,Marketo 营销自动化追踪,block_soft,行为分析与崩溃统计停止；不影响应用核心功能
api.marketo.com,Marketo,analytics,high,Marketo 营销自动化追踪,block_soft,行为分析与崩溃统计停止；不影响应用核心功能
mktostatic.com,Marketo,analytics,high,Marketo 营销自动化追踪,block_soft,行为分析与崩溃统计停止；不影响应用核心功能
salesforce.com,Salesforce,analytics,medium,Salesforce 遥测,block_soft,行为分析与崩溃统计停止；不影响应用核心功能
api.salesforce.com,Salesforce,analytics,medium,Salesforce 遥测,block_soft,行为分析与崩溃统计停止；不影响应用核心功能
zoho.com,Zoho,analytics,low,Zoho 遥测,block_soft,行为分析与崩溃统计停止；不影响应用核心功能
api.zoho.com,Zoho,analytics,low,Zoho 遥测,block_soft,行为分析与崩溃统计停止；不影响应用核心功能
braze.com,Braze,analytics,high,Braze 用户互动/推送,block_soft,行为分析与崩溃统计停止；不影响应用核心功能
api.braze.com,Braze,analytics,high,Braze 用户互动/推送,block_soft,行为分析与崩溃统计停止；不影响应用核心功能
iterable.com,Iterable,analytics,medium,Iterable 营销自动化,block_soft,行为分析与崩溃统计停止；不影响应用核心功能
api.iterable.com,Iterable,analytics,medium,Iterable 营销自动化,block_soft,行为分析与崩溃统计停止；不影响应用核心功能
leanplum.com,Leanplum,analytics,medium,Leanplum 移动营销,block_soft,行为分析与崩溃统计停止；不影响应用核心功能
api.leanplum.com,Leanplum,analytics,medium,Leanplum 移动营销,block_soft,行为分析与崩溃统计停止；不影响应用核心功能
onesignal.com,OneSignal,analytics,high,OneSignal 推送/订阅追踪,block_soft,行为分析与崩溃统计停止；不影响应用核心功能
api.onesignal.com,OneSignal,analytics,high,OneSignal 推送/订阅追踪,block_soft,行为分析与崩溃统计停止；不影响应用核心功能
pushwoosh.com,Pushwoosh,analytics,medium,Pushwoosh 推送追踪,block_soft,行为分析与崩溃统计停止；不影响应用核心功能
api.pushwoosh.com,Pushwoosh,analytics,medium,Pushwoosh 推送追踪,block_soft,行为分析与崩溃统计停止；不影响应用核心功能
airship.com,Airship,analytics,medium,Airship 推送/互动,block_soft,行为分析与崩溃统计停止；不影响应用核心功能
api.airship.com,Airship,analytics,medium,Airship 推送/互动,block_soft,行为分析与崩溃统计停止；不影响应用核心功能
